ISO-10303-21;
HEADER;
/* Generated by software containing ST-Developer
 * from STEP Tools, Inc. (www.steptools.com) 
 */

FILE_DESCRIPTION(
/* description */ (''),
/* implementation_level */ '2;1');

FILE_NAME(
/* name */ 'AMS_TSL2522.step',
/* time_stamp */ '2026-08-07T09:26:10-07:00',
/* author */ (''),
/* organization */ (''),
/* preprocessor_version */ 'ST-DEVELOPER v20.1',
/* originating_system */ 'Autodesk Translation Framework v15.8.0.0',
/* authorisation */ '');

FILE_SCHEMA (('AUTOMOTIVE_DESIGN { 1 0 10303 214 3 1 1 }'));
ENDSEC;

DATA;
#10=MECHANICAL_DESIGN_GEOMETRIC_PRESENTATION_REPRESENTATION('',(#23,#24,
#25,#26,#27,#28,#29,#30,#31,#32,#33,#34,#35,#36,#37,#38,#39,#40,#41,#42,
#43,#44,#45,#46,#47,#48,#49),#9254);
#11=ITEM_DEFINED_TRANSFORMATION($,$,#5864,#6191);
#12=ITEM_DEFINED_TRANSFORMATION($,$,#6153,#6192);
#13=(
REPRESENTATION_RELATIONSHIP($,$,#9268,#9267)
REPRESENTATION_RELATIONSHIP_WITH_TRANSFORMATION(#11)
SHAPE_REPRESENTATION_RELATIONSHIP()
);
#14=(
REPRESENTATION_RELATIONSHIP($,$,#9269,#9267)
REPRESENTATION_RELATIONSHIP_WITH_TRANSFORMATION(#12)
SHAPE_REPRESENTATION_RELATIONSHIP()
);
#15=CONTEXT_DEPENDENT_SHAPE_REPRESENTATION(#13,#9265);
#16=CONTEXT_DEPENDENT_SHAPE_REPRESENTATION(#14,#9266);
#17=NEXT_ASSEMBLY_USAGE_OCCURRENCE('Body:1','Body:1','Body:1',#9271,#9272,
'Body:1');
#18=NEXT_ASSEMBLY_USAGE_OCCURRENCE('Pads:1','Pads:1','Pads:1',#9271,#9273,
'Pads:1');
#19=SHAPE_REPRESENTATION_RELATIONSHIP('SRR','None',#9268,#21);
#20=SHAPE_REPRESENTATION_RELATIONSHIP('SRR','None',#9269,#22);
#21=ADVANCED_BREP_SHAPE_REPRESENTATION('',(#50,#51,#52,#53,#54,#55,#56,
#57,#58,#59,#60,#61,#62,#63,#64,#65,#66,#67,#68,#69,#70),#9252);
#22=ADVANCED_BREP_SHAPE_REPRESENTATION('',(#71,#72,#73,#74,#75,#76),#9253);
#23=STYLED_ITEM('',(#9287),#50);
#24=STYLED_ITEM('',(#9288),#51);
#25=STYLED_ITEM('',(#9288),#52);
#26=STYLED_ITEM('',(#9289),#53);
#27=STYLED_ITEM('',(#9289),#54);
#28=STYLED_ITEM('',(#9289),#55);
#29=STYLED_ITEM('',(#9289),#56);
#30=STYLED_ITEM('',(#9289),#57);
#31=STYLED_ITEM('',(#9289),#58);
#32=STYLED_ITEM('',(#9290),#59);
#33=STYLED_ITEM('',(#9291),#60);
#34=STYLED_ITEM('',(#9291),#61);
#35=STYLED_ITEM('',(#9291),#62);
#36=STYLED_ITEM('',(#9291),#63);
#37=STYLED_ITEM('',(#9290),#64);
#38=STYLED_ITEM('',(#9289),#65);
#39=STYLED_ITEM('',(#9289),#66);
#40=STYLED_ITEM('',(#9289),#67);
#41=STYLED_ITEM('',(#9289),#68);
#42=STYLED_ITEM('',(#9289),#69);
#43=STYLED_ITEM('',(#9289),#70);
#44=STYLED_ITEM('',(#9289),#71);
#45=STYLED_ITEM('',(#9289),#72);
#46=STYLED_ITEM('',(#9289),#73);
#47=STYLED_ITEM('',(#9289),#74);
#48=STYLED_ITEM('',(#9289),#75);
#49=STYLED_ITEM('',(#9289),#76);
#50=MANIFOLD_SOLID_BREP('Body1',#5813);
#51=MANIFOLD_SOLID_BREP('Body2',#5814);
#52=MANIFOLD_SOLID_BREP('Body3',#5815);
#53=MANIFOLD_SOLID_BREP('Body4',#5816);
#54=MANIFOLD_SOLID_BREP('Body5',#5817);
#55=MANIFOLD_SOLID_BREP('Body6',#5818);
#56=MANIFOLD_SOLID_BREP('Body7',#5819);
#57=MANIFOLD_SOLID_BREP('Body8',#5820);
#58=MANIFOLD_SOLID_BREP('Body9',#5821);
#59=MANIFOLD_SOLID_BREP('Body10',#5822);
#60=MANIFOLD_SOLID_BREP('Body11',#5823);
#61=MANIFOLD_SOLID_BREP('Body12',#5824);
#62=MANIFOLD_SOLID_BREP('Body13',#5825);
#63=MANIFOLD_SOLID_BREP('Body14',#5826);
#64=MANIFOLD_SOLID_BREP('Body15',#5827);
#65=MANIFOLD_SOLID_BREP('Body16',#5828);
#66=MANIFOLD_SOLID_BREP('Body17',#5829);
#67=MANIFOLD_SOLID_BREP('Body18',#5830);
#68=MANIFOLD_SOLID_BREP('Body19',#5831);
#69=MANIFOLD_SOLID_BREP('Body20',#5832);
#70=MANIFOLD_SOLID_BREP('Body21',#5833);
#71=MANIFOLD_SOLID_BREP('Body1',#5834);
#72=MANIFOLD_SOLID_BREP('Body7',#5835);
#73=MANIFOLD_SOLID_BREP('Body8',#5836);
#74=MANIFOLD_SOLID_BREP('Body9',#5837);
#75=MANIFOLD_SOLID_BREP('Body10',#5838);
#76=MANIFOLD_SOLID_BREP('Body11',#5839);
#77=FACE_BOUND('',#486,.T.);
#78=FACE_BOUND('',#487,.T.);
#79=FACE_BOUND('',#488,.T.);
#80=FACE_BOUND('',#489,.T.);
#81=FACE_BOUND('',#490,.T.);
#82=FACE_BOUND('',#491,.T.);
#83=FACE_BOUND('',#498,.T.);
#84=FACE_BOUND('',#583,.T.);
#85=FACE_BOUND('',#584,.T.);
#86=FACE_BOUND('',#585,.T.);
#87=FACE_BOUND('',#586,.T.);
#88=FACE_BOUND('',#587,.T.);
#89=FACE_BOUND('',#588,.T.);
#90=FACE_BOUND('',#589,.T.);
#91=FACE_BOUND('',#590,.T.);
#92=FACE_BOUND('',#591,.T.);
#93=FACE_BOUND('',#592,.T.);
#94=FACE_BOUND('',#593,.T.);
#95=FACE_BOUND('',#594,.T.);
#96=FACE_BOUND('',#596,.T.);
#97=FACE_BOUND('',#597,.T.);
#98=FACE_BOUND('',#598,.T.);
#99=FACE_BOUND('',#599,.T.);
#100=FACE_BOUND('',#600,.T.);
#101=FACE_BOUND('',#601,.T.);
#102=FACE_OUTER_BOUND('',#427,.T.);
#103=FACE_OUTER_BOUND('',#428,.T.);
#104=FACE_OUTER_BOUND('',#429,.T.);
#105=FACE_OUTER_BOUND('',#430,.T.);
#106=FACE_OUTER_BOUND('',#431,.T.);
#107=FACE_OUTER_BOUND('',#432,.T.);
#108=FACE_OUTER_BOUND('',#433,.T.);
#109=FACE_OUTER_BOUND('',#434,.T.);
#110=FACE_OUTER_BOUND('',#435,.T.);
#111=FACE_OUTER_BOUND('',#436,.T.);
#112=FACE_OUTER_BOUND('',#437,.T.);
#113=FACE_OUTER_BOUND('',#438,.T.);
#114=FACE_OUTER_BOUND('',#439,.T.);
#115=FACE_OUTER_BOUND('',#440,.T.);
#116=FACE_OUTER_BOUND('',#441,.T.);
#117=FACE_OUTER_BOUND('',#442,.T.);
#118=FACE_OUTER_BOUND('',#443,.T.);
#119=FACE_OUTER_BOUND('',#444,.T.);
#120=FACE_OUTER_BOUND('',#445,.T.);
#121=FACE_OUTER_BOUND('',#446,.T.);
#122=FACE_OUTER_BOUND('',#447,.T.);
#123=FACE_OUTER_BOUND('',#448,.T.);
#124=FACE_OUTER_BOUND('',#449,.T.);
#125=FACE_OUTER_BOUND('',#450,.T.);
#126=FACE_OUTER_BOUND('',#451,.T.);
#127=FACE_OUTER_BOUND('',#452,.T.);
#128=FACE_OUTER_BOUND('',#453,.T.);
#129=FACE_OUTER_BOUND('',#454,.T.);
#130=FACE_OUTER_BOUND('',#455,.T.);
#131=FACE_OUTER_BOUND('',#456,.T.);
#132=FACE_OUTER_BOUND('',#457,.T.);
#133=FACE_OUTER_BOUND('',#458,.T.);
#134=FACE_OUTER_BOUND('',#459,.T.);
#135=FACE_OUTER_BOUND('',#460,.T.);
#136=FACE_OUTER_BOUND('',#461,.T.);
#137=FACE_OUTER_BOUND('',#462,.T.);
#138=FACE_OUTER_BOUND('',#463,.T.);
#139=FACE_OUTER_BOUND('',#464,.T.);
#140=FACE_OUTER_BOUND('',#465,.T.);
#141=FACE_OUTER_BOUND('',#466,.T.);
#142=FACE_OUTER_BOUND('',#467,.T.);
#143=FACE_OUTER_BOUND('',#468,.T.);
#144=FACE_OUTER_BOUND('',#469,.T.);
#145=FACE_OUTER_BOUND('',#470,.T.);
#146=FACE_OUTER_BOUND('',#471,.T.);
#147=FACE_OUTER_BOUND('',#472,.T.);
#148=FACE_OUTER_BOUND('',#473,.T.);
#149=FACE_OUTER_BOUND('',#474,.T.);
#150=FACE_OUTER_BOUND('',#475,.T.);
#151=FACE_OUTER_BOUND('',#476,.T.);
#152=FACE_OUTER_BOUND('',#477,.T.);
#153=FACE_OUTER_BOUND('',#478,.T.);
#154=FACE_OUTER_BOUND('',#479,.T.);
#155=FACE_OUTER_BOUND('',#480,.T.);
#156=FACE_OUTER_BOUND('',#481,.T.);
#157=FACE_OUTER_BOUND('',#482,.T.);
#158=FACE_OUTER_BOUND('',#483,.T.);
#159=FACE_OUTER_BOUND('',#484,.T.);
#160=FACE_OUTER_BOUND('',#485,.T.);
#161=FACE_OUTER_BOUND('',#492,.T.);
#162=FACE_OUTER_BOUND('',#493,.T.);
#163=FACE_OUTER_BOUND('',#494,.T.);
#164=FACE_OUTER_BOUND('',#495,.T.);
#165=FACE_OUTER_BOUND('',#496,.T.);
#166=FACE_OUTER_BOUND('',#497,.T.);
#167=FACE_OUTER_BOUND('',#499,.T.);
#168=FACE_OUTER_BOUND('',#500,.T.);
#169=FACE_OUTER_BOUND('',#501,.T.);
#170=FACE_OUTER_BOUND('',#502,.T.);
#171=FACE_OUTER_BOUND('',#503,.T.);
#172=FACE_OUTER_BOUND('',#504,.T.);
#173=FACE_OUTER_BOUND('',#505,.T.);
#174=FACE_OUTER_BOUND('',#506,.T.);
#175=FACE_OUTER_BOUND('',#507,.T.);
#176=FACE_OUTER_BOUND('',#508,.T.);
#177=FACE_OUTER_BOUND('',#509,.T.);
#178=FACE_OUTER_BOUND('',#510,.T.);
#179=FACE_OUTER_BOUND('',#511,.T.);
#180=FACE_OUTER_BOUND('',#512,.T.);
#181=FACE_OUTER_BOUND('',#513,.T.);
#182=FACE_OUTER_BOUND('',#514,.T.);
#183=FACE_OUTER_BOUND('',#515,.T.);
#184=FACE_OUTER_BOUND('',#516,.T.);
#185=FACE_OUTER_BOUND('',#517,.T.);
#186=FACE_OUTER_BOUND('',#518,.T.);
#187=FACE_OUTER_BOUND('',#519,.T.);
#188=FACE_OUTER_BOUND('',#520,.T.);
#189=FACE_OUTER_BOUND('',#521,.T.);
#190=FACE_OUTER_BOUND('',#522,.T.);
#191=FACE_OUTER_BOUND('',#523,.T.);
#192=FACE_OUTER_BOUND('',#524,.T.);
#193=FACE_OUTER_BOUND('',#525,.T.);
#194=FACE_OUTER_BOUND('',#526,.T.);
#195=FACE_OUTER_BOUND('',#527,.T.);
#196=FACE_OUTER_BOUND('',#528,.T.);
#197=FACE_OUTER_BOUND('',#529,.T.);
#198=FACE_OUTER_BOUND('',#530,.T.);
#199=FACE_OUTER_BOUND('',#531,.T.);
#200=FACE_OUTER_BOUND('',#532,.T.);
#201=FACE_OUTER_BOUND('',#533,.T.);
#202=FACE_OUTER_BOUND('',#534,.T.);
#203=FACE_OUTER_BOUND('',#535,.T.);
#204=FACE_OUTER_BOUND('',#536,.T.);
#205=FACE_OUTER_BOUND('',#537,.T.);
#206=FACE_OUTER_BOUND('',#538,.T.);
#207=FACE_OUTER_BOUND('',#539,.T.);
#208=FACE_OUTER_BOUND('',#540,.T.);
#209=FACE_OUTER_BOUND('',#541,.T.);
#210=FACE_OUTER_BOUND('',#542,.T.);
#211=FACE_OUTER_BOUND('',#543,.T.);
#212=FACE_OUTER_BOUND('',#544,.T.);
#213=FACE_OUTER_BOUND('',#545,.T.);
#214=FACE_OUTER_BOUND('',#546,.T.);
#215=FACE_OUTER_BOUND('',#547,.T.);
#216=FACE_OUTER_BOUND('',#548,.T.);
#217=FACE_OUTER_BOUND('',#549,.T.);
#218=FACE_OUTER_BOUND('',#550,.T.);
#219=FACE_OUTER_BOUND('',#551,.T.);
#220=FACE_OUTER_BOUND('',#552,.T.);
#221=FACE_OUTER_BOUND('',#553,.T.);
#222=FACE_OUTER_BOUND('',#554,.T.);
#223=FACE_OUTER_BOUND('',#555,.T.);
#224=FACE_OUTER_BOUND('',#556,.T.);
#225=FACE_OUTER_BOUND('',#557,.T.);
#226=FACE_OUTER_BOUND('',#558,.T.);
#227=FACE_OUTER_BOUND('',#559,.T.);
#228=FACE_OUTER_BOUND('',#560,.T.);
#229=FACE_OUTER_BOUND('',#561,.T.);
#230=FACE_OUTER_BOUND('',#562,.T.);
#231=FACE_OUTER_BOUND('',#563,.T.);
#232=FACE_OUTER_BOUND('',#564,.T.);
#233=FACE_OUTER_BOUND('',#565,.T.);
#234=FACE_OUTER_BOUND('',#566,.T.);
#235=FACE_OUTER_BOUND('',#567,.T.);
#236=FACE_OUTER_BOUND('',#568,.T.);
#237=FACE_OUTER_BOUND('',#569,.T.);
#238=FACE_OUTER_BOUND('',#570,.T.);
#239=FACE_OUTER_BOUND('',#571,.T.);
#240=FACE_OUTER_BOUND('',#572,.T.);
#241=FACE_OUTER_BOUND('',#573,.T.);
#242=FACE_OUTER_BOUND('',#574,.T.);
#243=FACE_OUTER_BOUND('',#575,.T.);
#244=FACE_OUTER_BOUND('',#576,.T.);
#245=FACE_OUTER_BOUND('',#577,.T.);
#246=FACE_OUTER_BOUND('',#578,.T.);
#247=FACE_OUTER_BOUND('',#579,.T.);
#248=FACE_OUTER_BOUND('',#580,.T.);
#249=FACE_OUTER_BOUND('',#581,.T.);
#250=FACE_OUTER_BOUND('',#582,.T.);
#251=FACE_OUTER_BOUND('',#595,.T.);
#252=FACE_OUTER_BOUND('',#602,.T.);
#253=FACE_OUTER_BOUND('',#603,.T.);
#254=FACE_OUTER_BOUND('',#604,.T.);
#255=FACE_OUTER_BOUND('',#605,.T.);
#256=FACE_OUTER_BOUND('',#606,.T.);
#257=FACE_OUTER_BOUND('',#607,.T.);
#258=FACE_OUTER_BOUND('',#608,.T.);
#259=FACE_OUTER_BOUND('',#609,.T.);
#260=FACE_OUTER_BOUND('',#610,.T.);
#261=FACE_OUTER_BOUND('',#611,.T.);
#262=FACE_OUTER_BOUND('',#612,.T.);
#263=FACE_OUTER_BOUND('',#613,.T.);
#264=FACE_OUTER_BOUND('',#614,.T.);
#265=FACE_OUTER_BOUND('',#615,.T.);
#266=FACE_OUTER_BOUND('',#616,.T.);
#267=FACE_OUTER_BOUND('',#617,.T.);
#268=FACE_OUTER_BOUND('',#618,.T.);
#269=FACE_OUTER_BOUND('',#619,.T.);
#270=FACE_OUTER_BOUND('',#620,.T.);
#271=FACE_OUTER_BOUND('',#621,.T.);
#272=FACE_OUTER_BOUND('',#622,.T.);
#273=FACE_OUTER_BOUND('',#623,.T.);
#274=FACE_OUTER_BOUND('',#624,.T.);
#275=FACE_OUTER_BOUND('',#625,.T.);
#276=FACE_OUTER_BOUND('',#626,.T.);
#277=FACE_OUTER_BOUND('',#627,.T.);
#278=FACE_OUTER_BOUND('',#628,.T.);
#279=FACE_OUTER_BOUND('',#629,.T.);
#280=FACE_OUTER_BOUND('',#630,.T.);
#281=FACE_OUTER_BOUND('',#631,.T.);
#282=FACE_OUTER_BOUND('',#632,.T.);
#283=FACE_OUTER_BOUND('',#633,.T.);
#284=FACE_OUTER_BOUND('',#634,.T.);
#285=FACE_OUTER_BOUND('',#635,.T.);
#286=FACE_OUTER_BOUND('',#636,.T.);
#287=FACE_OUTER_BOUND('',#637,.T.);
#288=FACE_OUTER_BOUND('',#638,.T.);
#289=FACE_OUTER_BOUND('',#639,.T.);
#290=FACE_OUTER_BOUND('',#640,.T.);
#291=FACE_OUTER_BOUND('',#641,.T.);
#292=FACE_OUTER_BOUND('',#642,.T.);
#293=FACE_OUTER_BOUND('',#643,.T.);
#294=FACE_OUTER_BOUND('',#644,.T.);
#295=FACE_OUTER_BOUND('',#645,.T.);
#296=FACE_OUTER_BOUND('',#646,.T.);
#297=FACE_OUTER_BOUND('',#647,.T.);
#298=FACE_OUTER_BOUND('',#648,.T.);
#299=FACE_OUTER_BOUND('',#649,.T.);
#300=FACE_OUTER_BOUND('',#650,.T.);
#301=FACE_OUTER_BOUND('',#651,.T.);
#302=FACE_OUTER_BOUND('',#652,.T.);
#303=FACE_OUTER_BOUND('',#653,.T.);
#304=FACE_OUTER_BOUND('',#654,.T.);
#305=FACE_OUTER_BOUND('',#655,.T.);
#306=FACE_OUTER_BOUND('',#656,.T.);
#307=FACE_OUTER_BOUND('',#657,.T.);
#308=FACE_OUTER_BOUND('',#658,.T.);
#309=FACE_OUTER_BOUND('',#659,.T.);
#310=FACE_OUTER_BOUND('',#660,.T.);
#311=FACE_OUTER_BOUND('',#661,.T.);
#312=FACE_OUTER_BOUND('',#662,.T.);
#313=FACE_OUTER_BOUND('',#663,.T.);
#314=FACE_OUTER_BOUND('',#664,.T.);
#315=FACE_OUTER_BOUND('',#665,.T.);
#316=FACE_OUTER_BOUND('',#666,.T.);
#317=FACE_OUTER_BOUND('',#667,.T.);
#318=FACE_OUTER_BOUND('',#668,.T.);
#319=FACE_OUTER_BOUND('',#669,.T.);
#320=FACE_OUTER_BOUND('',#670,.T.);
#321=FACE_OUTER_BOUND('',#671,.T.);
#322=FACE_OUTER_BOUND('',#672,.T.);
#323=FACE_OUTER_BOUND('',#673,.T.);
#324=FACE_OUTER_BOUND('',#674,.T.);
#325=FACE_OUTER_BOUND('',#675,.T.);
#326=FACE_OUTER_BOUND('',#676,.T.);
#327=FACE_OUTER_BOUND('',#677,.T.);
#328=FACE_OUTER_BOUND('',#678,.T.);
#329=FACE_OUTER_BOUND('',#679,.T.);
#330=FACE_OUTER_BOUND('',#680,.T.);
#331=FACE_OUTER_BOUND('',#681,.T.);
#332=FACE_OUTER_BOUND('',#682,.T.);
#333=FACE_OUTER_BOUND('',#683,.T.);
#334=FACE_OUTER_BOUND('',#684,.T.);
#335=FACE_OUTER_BOUND('',#685,.T.);
#336=FACE_OUTER_BOUND('',#686,.T.);
#337=FACE_OUTER_BOUND('',#687,.T.);
#338=FACE_OUTER_BOUND('',#688,.T.);
#339=FACE_OUTER_BOUND('',#689,.T.);
#340=FACE_OUTER_BOUND('',#690,.T.);
#341=FACE_OUTER_BOUND('',#691,.T.);
#342=FACE_OUTER_BOUND('',#692,.T.);
#343=FACE_OUTER_BOUND('',#693,.T.);
#344=FACE_OUTER_BOUND('',#694,.T.);
#345=FACE_OUTER_BOUND('',#695,.T.);
#346=FACE_OUTER_BOUND('',#696,.T.);
#347=FACE_OUTER_BOUND('',#697,.T.);
#348=FACE_OUTER_BOUND('',#698,.T.);
#349=FACE_OUTER_BOUND('',#699,.T.);
#350=FACE_OUTER_BOUND('',#700,.T.);
#351=FACE_OUTER_BOUND('',#701,.T.);
#352=FACE_OUTER_BOUND('',#702,.T.);
#353=FACE_OUTER_BOUND('',#703,.T.);
#354=FACE_OUTER_BOUND('',#704,.T.);
#355=FACE_OUTER_BOUND('',#705,.T.);
#356=FACE_OUTER_BOUND('',#706,.T.);
#357=FACE_OUTER_BOUND('',#707,.T.);
#358=FACE_OUTER_BOUND('',#708,.T.);
#359=FACE_OUTER_BOUND('',#709,.T.);
#360=FACE_OUTER_BOUND('',#710,.T.);
#361=FACE_OUTER_BOUND('',#711,.T.);
#362=FACE_OUTER_BOUND('',#712,.T.);
#363=FACE_OUTER_BOUND('',#713,.T.);
#364=FACE_OUTER_BOUND('',#714,.T.);
#365=FACE_OUTER_BOUND('',#715,.T.);
#366=FACE_OUTER_BOUND('',#716,.T.);
#367=FACE_OUTER_BOUND('',#717,.T.);
#368=FACE_OUTER_BOUND('',#718,.T.);
#369=FACE_OUTER_BOUND('',#719,.T.);
#370=FACE_OUTER_BOUND('',#720,.T.);
#371=FACE_OUTER_BOUND('',#721,.T.);
#372=FACE_OUTER_BOUND('',#722,.T.);
#373=FACE_OUTER_BOUND('',#723,.T.);
#374=FACE_OUTER_BOUND('',#724,.T.);
#375=FACE_OUTER_BOUND('',#725,.T.);
#376=FACE_OUTER_BOUND('',#726,.T.);
#377=FACE_OUTER_BOUND('',#727,.T.);
#378=FACE_OUTER_BOUND('',#728,.T.);
#379=FACE_OUTER_BOUND('',#729,.T.);
#380=FACE_OUTER_BOUND('',#730,.T.);
#381=FACE_OUTER_BOUND('',#731,.T.);
#382=FACE_OUTER_BOUND('',#732,.T.);
#383=FACE_OUTER_BOUND('',#733,.T.);
#384=FACE_OUTER_BOUND('',#734,.T.);
#385=FACE_OUTER_BOUND('',#735,.T.);
#386=FACE_OUTER_BOUND('',#736,.T.);
#387=FACE_OUTER_BOUND('',#737,.T.);
#388=FACE_OUTER_BOUND('',#738,.T.);
#389=FACE_OUTER_BOUND('',#739,.T.);
#390=FACE_OUTER_BOUND('',#740,.T.);
#391=FACE_OUTER_BOUND('',#741,.T.);
#392=FACE_OUTER_BOUND('',#742,.T.);
#393=FACE_OUTER_BOUND('',#743,.T.);
#394=FACE_OUTER_BOUND('',#744,.T.);
#395=FACE_OUTER_BOUND('',#745,.T.);
#396=FACE_OUTER_BOUND('',#746,.T.);
#397=FACE_OUTER_BOUND('',#747,.T.);
#398=FACE_OUTER_BOUND('',#748,.T.);
#399=FACE_OUTER_BOUND('',#749,.T.);
#400=FACE_OUTER_BOUND('',#750,.T.);
#401=FACE_OUTER_BOUND('',#751,.T.);
#402=FACE_OUTER_BOUND('',#752,.T.);
#403=FACE_OUTER_BOUND('',#753,.T.);
#404=FACE_OUTER_BOUND('',#754,.T.);
#405=FACE_OUTER_BOUND('',#755,.T.);
#406=FACE_OUTER_BOUND('',#756,.T.);
#407=FACE_OUTER_BOUND('',#757,.T.);
#408=FACE_OUTER_BOUND('',#758,.T.);
#409=FACE_OUTER_BOUND('',#759,.T.);
#410=FACE_OUTER_BOUND('',#760,.T.);
#411=FACE_OUTER_BOUND('',#761,.T.);
#412=FACE_OUTER_BOUND('',#762,.T.);
#413=FACE_OUTER_BOUND('',#763,.T.);
#414=FACE_OUTER_BOUND('',#764,.T.);
#415=FACE_OUTER_BOUND('',#765,.T.);
#416=FACE_OUTER_BOUND('',#766,.T.);
#417=FACE_OUTER_BOUND('',#767,.T.);
#418=FACE_OUTER_BOUND('',#768,.T.);
#419=FACE_OUTER_BOUND('',#769,.T.);
#420=FACE_OUTER_BOUND('',#770,.T.);
#421=FACE_OUTER_BOUND('',#771,.T.);
#422=FACE_OUTER_BOUND('',#772,.T.);
#423=FACE_OUTER_BOUND('',#773,.T.);
#424=FACE_OUTER_BOUND('',#774,.T.);
#425=FACE_OUTER_BOUND('',#775,.T.);
#426=FACE_OUTER_BOUND('',#776,.T.);
#427=EDGE_LOOP('',(#3615,#3616,#3617,#3618));
#428=EDGE_LOOP('',(#3619,#3620,#3621,#3622));
#429=EDGE_LOOP('',(#3623,#3624,#3625,#3626));
#430=EDGE_LOOP('',(#3627,#3628,#3629,#3630));
#431=EDGE_LOOP('',(#3631,#3632,#3633,#3634));
#432=EDGE_LOOP('',(#3635,#3636,#3637,#3638));
#433=EDGE_LOOP('',(#3639,#3640,#3641,#3642));
#434=EDGE_LOOP('',(#3643,#3644,#3645,#3646));
#435=EDGE_LOOP('',(#3647,#3648,#3649,#3650));
#436=EDGE_LOOP('',(#3651,#3652,#3653,#3654));
#437=EDGE_LOOP('',(#3655,#3656,#3657,#3658));
#438=EDGE_LOOP('',(#3659,#3660,#3661,#3662));
#439=EDGE_LOOP('',(#3663,#3664,#3665,#3666));
#440=EDGE_LOOP('',(#3667,#3668,#3669,#3670));
#441=EDGE_LOOP('',(#3671,#3672,#3673,#3674));
#442=EDGE_LOOP('',(#3675,#3676,#3677,#3678));
#443=EDGE_LOOP('',(#3679,#3680,#3681,#3682));
#444=EDGE_LOOP('',(#3683,#3684,#3685,#3686));
#445=EDGE_LOOP('',(#3687,#3688,#3689,#3690));
#446=EDGE_LOOP('',(#3691,#3692,#3693,#3694));
#447=EDGE_LOOP('',(#3695,#3696,#3697,#3698));
#448=EDGE_LOOP('',(#3699,#3700,#3701,#3702));
#449=EDGE_LOOP('',(#3703,#3704,#3705,#3706));
#450=EDGE_LOOP('',(#3707,#3708,#3709,#3710));
#451=EDGE_LOOP('',(#3711,#3712,#3713,#3714));
#452=EDGE_LOOP('',(#3715,#3716,#3717,#3718));
#453=EDGE_LOOP('',(#3719,#3720,#3721,#3722));
#454=EDGE_LOOP('',(#3723,#3724,#3725,#3726));
#455=EDGE_LOOP('',(#3727,#3728,#3729,#3730));
#456=EDGE_LOOP('',(#3731,#3732,#3733,#3734));
#457=EDGE_LOOP('',(#3735,#3736,#3737,#3738));
#458=EDGE_LOOP('',(#3739,#3740,#3741,#3742));
#459=EDGE_LOOP('',(#3743,#3744,#3745,#3746));
#460=EDGE_LOOP('',(#3747,#3748,#3749,#3750));
#461=EDGE_LOOP('',(#3751,#3752,#3753,#3754));
#462=EDGE_LOOP('',(#3755,#3756,#3757,#3758));
#463=EDGE_LOOP('',(#3759,#3760,#3761,#3762));
#464=EDGE_LOOP('',(#3763,#3764,#3765,#3766));
#465=EDGE_LOOP('',(#3767,#3768,#3769,#3770));
#466=EDGE_LOOP('',(#3771,#3772,#3773,#3774));
#467=EDGE_LOOP('',(#3775,#3776,#3777,#3778));
#468=EDGE_LOOP('',(#3779,#3780,#3781,#3782));
#469=EDGE_LOOP('',(#3783,#3784,#3785,#3786));
#470=EDGE_LOOP('',(#3787,#3788,#3789,#3790));
#471=EDGE_LOOP('',(#3791,#3792,#3793,#3794));
#472=EDGE_LOOP('',(#3795,#3796,#3797,#3798));
#473=EDGE_LOOP('',(#3799,#3800,#3801,#3802));
#474=EDGE_LOOP('',(#3803,#3804,#3805,#3806));
#475=EDGE_LOOP('',(#3807,#3808,#3809,#3810));
#476=EDGE_LOOP('',(#3811,#3812,#3813,#3814));
#477=EDGE_LOOP('',(#3815,#3816,#3817,#3818));
#478=EDGE_LOOP('',(#3819,#3820,#3821,#3822));
#479=EDGE_LOOP('',(#3823,#3824,#3825,#3826));
#480=EDGE_LOOP('',(#3827,#3828,#3829,#3830));
#481=EDGE_LOOP('',(#3831,#3832,#3833,#3834));
#482=EDGE_LOOP('',(#3835,#3836,#3837,#3838));
#483=EDGE_LOOP('',(#3839,#3840,#3841,#3842));
#484=EDGE_LOOP('',(#3843,#3844,#3845,#3846));
#485=EDGE_LOOP('',(#3847,#3848,#3849,#3850));
#486=EDGE_LOOP('',(#3851,#3852,#3853,#3854));
#487=EDGE_LOOP('',(#3855,#3856,#3857,#3858));
#488=EDGE_LOOP('',(#3859,#3860,#3861,#3862));
#489=EDGE_LOOP('',(#3863,#3864,#3865,#3866));
#490=EDGE_LOOP('',(#3867,#3868,#3869,#3870));
#491=EDGE_LOOP('',(#3871,#3872,#3873,#3874));
#492=EDGE_LOOP('',(#3875,#3876,#3877,#3878));
#493=EDGE_LOOP('',(#3879,#3880,#3881,#3882,#3883,#3884,#3885,#3886,#3887,
#3888,#3889,#3890,#3891,#3892,#3893,#3894,#3895,#3896,#3897,#3898,#3899,
#3900,#3901,#3902,#3903,#3904,#3905,#3906));
#494=EDGE_LOOP('',(#3907,#3908,#3909,#3910,#3911,#3912,#3913,#3914,#3915,
#3916,#3917,#3918,#3919,#3920,#3921,#3922,#3923,#3924,#3925,#3926,#3927,
#3928,#3929,#3930,#3931,#3932,#3933,#3934));
#495=EDGE_LOOP('',(#3935,#3936,#3937,#3938,#3939,#3940,#3941,#3942,#3943,
#3944,#3945,#3946,#3947,#3948,#3949,#3950));
#496=EDGE_LOOP('',(#3951,#3952,#3953,#3954));
#497=EDGE_LOOP('',(#3955,#3956,#3957,#3958));
#498=EDGE_LOOP('',(#3959,#3960,#3961,#3962));
#499=EDGE_LOOP('',(#3963,#3964,#3965,#3966));
#500=EDGE_LOOP('',(#3967,#3968,#3969,#3970));
#501=EDGE_LOOP('',(#3971,#3972,#3973,#3974));
#502=EDGE_LOOP('',(#3975,#3976,#3977,#3978));
#503=EDGE_LOOP('',(#3979,#3980,#3981,#3982));
#504=EDGE_LOOP('',(#3983,#3984,#3985,#3986));
#505=EDGE_LOOP('',(#3987,#3988,#3989,#3990));
#506=EDGE_LOOP('',(#3991,#3992,#3993,#3994));
#507=EDGE_LOOP('',(#3995,#3996,#3997,#3998));
#508=EDGE_LOOP('',(#3999,#4000,#4001,#4002));
#509=EDGE_LOOP('',(#4003,#4004,#4005,#4006));
#510=EDGE_LOOP('',(#4007,#4008,#4009,#4010));
#511=EDGE_LOOP('',(#4011,#4012,#4013,#4014));
#512=EDGE_LOOP('',(#4015,#4016,#4017,#4018));
#513=EDGE_LOOP('',(#4019,#4020,#4021,#4022));
#514=EDGE_LOOP('',(#4023,#4024,#4025,#4026));
#515=EDGE_LOOP('',(#4027,#4028,#4029,#4030));
#516=EDGE_LOOP('',(#4031,#4032,#4033,#4034,#4035));
#517=EDGE_LOOP('',(#4036,#4037,#4038,#4039));
#518=EDGE_LOOP('',(#4040,#4041,#4042,#4043));
#519=EDGE_LOOP('',(#4044,#4045,#4046,#4047));
#520=EDGE_LOOP('',(#4048,#4049,#4050,#4051,#4052,#4053,#4054,#4055));
#521=EDGE_LOOP('',(#4056,#4057,#4058,#4059,#4060,#4061,#4062,#4063));
#522=EDGE_LOOP('',(#4064,#4065,#4066,#4067,#4068,#4069,#4070,#4071,#4072,
#4073,#4074,#4075,#4076,#4077,#4078,#4079,#4080,#4081,#4082,#4083,#4084));
#523=EDGE_LOOP('',(#4085,#4086,#4087,#4088,#4089,#4090,#4091,#4092,#4093,
#4094,#4095,#4096,#4097,#4098,#4099,#4100));
#524=EDGE_LOOP('',(#4101,#4102,#4103,#4104));
#525=EDGE_LOOP('',(#4105,#4106,#4107,#4108));
#526=EDGE_LOOP('',(#4109,#4110,#4111,#4112));
#527=EDGE_LOOP('',(#4113,#4114,#4115,#4116));
#528=EDGE_LOOP('',(#4117,#4118,#4119,#4120));
#529=EDGE_LOOP('',(#4121,#4122,#4123,#4124));
#530=EDGE_LOOP('',(#4125,#4126,#4127,#4128));
#531=EDGE_LOOP('',(#4129,#4130,#4131,#4132));
#532=EDGE_LOOP('',(#4133,#4134,#4135,#4136));
#533=EDGE_LOOP('',(#4137,#4138,#4139,#4140));
#534=EDGE_LOOP('',(#4141,#4142,#4143,#4144));
#535=EDGE_LOOP('',(#4145,#4146,#4147,#4148));
#536=EDGE_LOOP('',(#4149,#4150,#4151,#4152));
#537=EDGE_LOOP('',(#4153,#4154,#4155,#4156));
#538=EDGE_LOOP('',(#4157,#4158,#4159,#4160));
#539=EDGE_LOOP('',(#4161,#4162,#4163,#4164));
#540=EDGE_LOOP('',(#4165,#4166,#4167,#4168));
#541=EDGE_LOOP('',(#4169,#4170,#4171,#4172));
#542=EDGE_LOOP('',(#4173,#4174,#4175,#4176));
#543=EDGE_LOOP('',(#4177,#4178,#4179,#4180));
#544=EDGE_LOOP('',(#4181,#4182,#4183,#4184));
#545=EDGE_LOOP('',(#4185,#4186,#4187,#4188));
#546=EDGE_LOOP('',(#4189,#4190,#4191,#4192));
#547=EDGE_LOOP('',(#4193,#4194,#4195,#4196));
#548=EDGE_LOOP('',(#4197,#4198,#4199,#4200));
#549=EDGE_LOOP('',(#4201,#4202,#4203,#4204));
#550=EDGE_LOOP('',(#4205,#4206,#4207,#4208));
#551=EDGE_LOOP('',(#4209,#4210,#4211,#4212));
#552=EDGE_LOOP('',(#4213,#4214,#4215,#4216));
#553=EDGE_LOOP('',(#4217,#4218,#4219,#4220));
#554=EDGE_LOOP('',(#4221,#4222,#4223,#4224));
#555=EDGE_LOOP('',(#4225,#4226,#4227,#4228));
#556=EDGE_LOOP('',(#4229,#4230,#4231,#4232));
#557=EDGE_LOOP('',(#4233,#4234,#4235,#4236));
#558=EDGE_LOOP('',(#4237,#4238,#4239,#4240));
#559=EDGE_LOOP('',(#4241,#4242,#4243,#4244));
#560=EDGE_LOOP('',(#4245,#4246,#4247,#4248));
#561=EDGE_LOOP('',(#4249,#4250,#4251,#4252));
#562=EDGE_LOOP('',(#4253,#4254,#4255,#4256));
#563=EDGE_LOOP('',(#4257,#4258,#4259,#4260));
#564=EDGE_LOOP('',(#4261,#4262,#4263,#4264));
#565=EDGE_LOOP('',(#4265,#4266,#4267,#4268));
#566=EDGE_LOOP('',(#4269,#4270,#4271,#4272));
#567=EDGE_LOOP('',(#4273,#4274,#4275,#4276));
#568=EDGE_LOOP('',(#4277,#4278,#4279,#4280));
#569=EDGE_LOOP('',(#4281,#4282,#4283,#4284));
#570=EDGE_LOOP('',(#4285,#4286,#4287,#4288));
#571=EDGE_LOOP('',(#4289,#4290,#4291,#4292));
#572=EDGE_LOOP('',(#4293,#4294,#4295,#4296));
#573=EDGE_LOOP('',(#4297,#4298,#4299,#4300));
#574=EDGE_LOOP('',(#4301,#4302,#4303,#4304));
#575=EDGE_LOOP('',(#4305,#4306,#4307,#4308));
#576=EDGE_LOOP('',(#4309,#4310,#4311,#4312));
#577=EDGE_LOOP('',(#4313,#4314,#4315,#4316));
#578=EDGE_LOOP('',(#4317,#4318,#4319,#4320));
#579=EDGE_LOOP('',(#4321,#4322,#4323,#4324));
#580=EDGE_LOOP('',(#4325,#4326,#4327,#4328));
#581=EDGE_LOOP('',(#4329,#4330,#4331,#4332));
#582=EDGE_LOOP('',(#4333,#4334,#4335,#4336));
#583=EDGE_LOOP('',(#4337,#4338,#4339,#4340));
#584=EDGE_LOOP('',(#4341,#4342,#4343,#4344));
#585=EDGE_LOOP('',(#4345,#4346,#4347,#4348));
#586=EDGE_LOOP('',(#4349,#4350,#4351,#4352));
#587=EDGE_LOOP('',(#4353,#4354,#4355,#4356));
#588=EDGE_LOOP('',(#4357,#4358,#4359,#4360));
#589=EDGE_LOOP('',(#4361,#4362,#4363,#4364));
#590=EDGE_LOOP('',(#4365,#4366,#4367,#4368));
#591=EDGE_LOOP('',(#4369,#4370,#4371,#4372));
#592=EDGE_LOOP('',(#4373,#4374,#4375,#4376));
#593=EDGE_LOOP('',(#4377,#4378,#4379,#4380));
#594=EDGE_LOOP('',(#4381,#4382,#4383,#4384));
#595=EDGE_LOOP('',(#4385,#4386,#4387,#4388));
#596=EDGE_LOOP('',(#4389,#4390,#4391,#4392));
#597=EDGE_LOOP('',(#4393,#4394,#4395,#4396));
#598=EDGE_LOOP('',(#4397,#4398,#4399,#4400));
#599=EDGE_LOOP('',(#4401,#4402,#4403,#4404));
#600=EDGE_LOOP('',(#4405,#4406,#4407,#4408));
#601=EDGE_LOOP('',(#4409,#4410,#4411,#4412));
#602=EDGE_LOOP('',(#4413,#4414,#4415,#4416));
#603=EDGE_LOOP('',(#4417,#4418,#4419,#4420));
#604=EDGE_LOOP('',(#4421,#4422,#4423,#4424));
#605=EDGE_LOOP('',(#4425,#4426,#4427,#4428));
#606=EDGE_LOOP('',(#4429,#4430,#4431,#4432));
#607=EDGE_LOOP('',(#4433,#4434,#4435,#4436));
#608=EDGE_LOOP('',(#4437,#4438,#4439,#4440));
#609=EDGE_LOOP('',(#4441,#4442,#4443,#4444));
#610=EDGE_LOOP('',(#4445,#4446,#4447,#4448));
#611=EDGE_LOOP('',(#4449,#4450,#4451,#4452));
#612=EDGE_LOOP('',(#4453,#4454,#4455,#4456));
#613=EDGE_LOOP('',(#4457,#4458,#4459,#4460));
#614=EDGE_LOOP('',(#4461,#4462,#4463,#4464));
#615=EDGE_LOOP('',(#4465,#4466,#4467,#4468));
#616=EDGE_LOOP('',(#4469,#4470,#4471,#4472));
#617=EDGE_LOOP('',(#4473,#4474,#4475,#4476));
#618=EDGE_LOOP('',(#4477,#4478,#4479,#4480));
#619=EDGE_LOOP('',(#4481,#4482,#4483,#4484));
#620=EDGE_LOOP('',(#4485,#4486,#4487,#4488));
#621=EDGE_LOOP('',(#4489,#4490,#4491,#4492));
#622=EDGE_LOOP('',(#4493,#4494,#4495,#4496));
#623=EDGE_LOOP('',(#4497,#4498,#4499,#4500));
#624=EDGE_LOOP('',(#4501,#4502,#4503,#4504));
#625=EDGE_LOOP('',(#4505,#4506,#4507,#4508));
#626=EDGE_LOOP('',(#4509,#4510,#4511,#4512));
#627=EDGE_LOOP('',(#4513,#4514,#4515,#4516));
#628=EDGE_LOOP('',(#4517,#4518,#4519,#4520));
#629=EDGE_LOOP('',(#4521,#4522,#4523,#4524));
#630=EDGE_LOOP('',(#4525,#4526,#4527,#4528,#4529,#4530,#4531,#4532,#4533,
#4534,#4535,#4536,#4537,#4538,#4539,#4540,#4541,#4542,#4543,#4544,#4545,
#4546,#4547,#4548,#4549,#4550,#4551,#4552));
#631=EDGE_LOOP('',(#4553,#4554,#4555,#4556,#4557,#4558,#4559,#4560,#4561,
#4562,#4563,#4564,#4565,#4566,#4567,#4568,#4569,#4570,#4571,#4572,#4573,
#4574,#4575,#4576,#4577,#4578,#4579,#4580));
#632=EDGE_LOOP('',(#4581,#4582,#4583,#4584));
#633=EDGE_LOOP('',(#4585,#4586,#4587,#4588));
#634=EDGE_LOOP('',(#4589,#4590,#4591,#4592));
#635=EDGE_LOOP('',(#4593,#4594,#4595,#4596));
#636=EDGE_LOOP('',(#4597,#4598,#4599,#4600));
#637=EDGE_LOOP('',(#4601,#4602,#4603,#4604));
#638=EDGE_LOOP('',(#4605,#4606,#4607,#4608));
#639=EDGE_LOOP('',(#4609,#4610,#4611,#4612));
#640=EDGE_LOOP('',(#4613,#4614,#4615,#4616));
#641=EDGE_LOOP('',(#4617,#4618,#4619,#4620));
#642=EDGE_LOOP('',(#4621,#4622,#4623,#4624));
#643=EDGE_LOOP('',(#4625,#4626,#4627,#4628));
#644=EDGE_LOOP('',(#4629,#4630,#4631,#4632));
#645=EDGE_LOOP('',(#4633,#4634,#4635,#4636));
#646=EDGE_LOOP('',(#4637,#4638,#4639,#4640));
#647=EDGE_LOOP('',(#4641,#4642,#4643,#4644));
#648=EDGE_LOOP('',(#4645,#4646,#4647,#4648));
#649=EDGE_LOOP('',(#4649,#4650,#4651,#4652));
#650=EDGE_LOOP('',(#4653,#4654,#4655,#4656));
#651=EDGE_LOOP('',(#4657,#4658,#4659,#4660));
#652=EDGE_LOOP('',(#4661,#4662,#4663,#4664));
#653=EDGE_LOOP('',(#4665,#4666,#4667,#4668));
#654=EDGE_LOOP('',(#4669,#4670,#4671,#4672));
#655=EDGE_LOOP('',(#4673,#4674,#4675,#4676));
#656=EDGE_LOOP('',(#4677,#4678,#4679,#4680));
#657=EDGE_LOOP('',(#4681,#4682,#4683,#4684));
#658=EDGE_LOOP('',(#4685,#4686,#4687,#4688));
#659=EDGE_LOOP('',(#4689,#4690,#4691,#4692));
#660=EDGE_LOOP('',(#4693,#4694,#4695,#4696));
#661=EDGE_LOOP('',(#4697,#4698,#4699,#4700));
#662=EDGE_LOOP('',(#4701,#4702,#4703,#4704));
#663=EDGE_LOOP('',(#4705,#4706,#4707,#4708));
#664=EDGE_LOOP('',(#4709,#4710,#4711,#4712));
#665=EDGE_LOOP('',(#4713,#4714,#4715,#4716));
#666=EDGE_LOOP('',(#4717,#4718,#4719,#4720));
#667=EDGE_LOOP('',(#4721,#4722,#4723,#4724));
#668=EDGE_LOOP('',(#4725,#4726,#4727,#4728));
#669=EDGE_LOOP('',(#4729,#4730,#4731,#4732));
#670=EDGE_LOOP('',(#4733,#4734,#4735,#4736));
#671=EDGE_LOOP('',(#4737,#4738,#4739,#4740));
#672=EDGE_LOOP('',(#4741,#4742,#4743,#4744));
#673=EDGE_LOOP('',(#4745,#4746,#4747,#4748));
#674=EDGE_LOOP('',(#4749,#4750,#4751,#4752));
#675=EDGE_LOOP('',(#4753,#4754,#4755,#4756));
#676=EDGE_LOOP('',(#4757,#4758,#4759,#4760));
#677=EDGE_LOOP('',(#4761,#4762,#4763,#4764));
#678=EDGE_LOOP('',(#4765,#4766,#4767,#4768));
#679=EDGE_LOOP('',(#4769,#4770,#4771,#4772));
#680=EDGE_LOOP('',(#4773,#4774,#4775,#4776));
#681=EDGE_LOOP('',(#4777,#4778,#4779,#4780));
#682=EDGE_LOOP('',(#4781,#4782,#4783,#4784));
#683=EDGE_LOOP('',(#4785,#4786,#4787,#4788));
#684=EDGE_LOOP('',(#4789,#4790,#4791,#4792));
#685=EDGE_LOOP('',(#4793,#4794,#4795,#4796));
#686=EDGE_LOOP('',(#4797,#4798,#4799,#4800));
#687=EDGE_LOOP('',(#4801,#4802,#4803,#4804));
#688=EDGE_LOOP('',(#4805,#4806,#4807,#4808));
#689=EDGE_LOOP('',(#4809,#4810,#4811,#4812));
#690=EDGE_LOOP('',(#4813,#4814,#4815,#4816));
#691=EDGE_LOOP('',(#4817,#4818,#4819,#4820));
#692=EDGE_LOOP('',(#4821,#4822,#4823,#4824));
#693=EDGE_LOOP('',(#4825,#4826,#4827,#4828));
#694=EDGE_LOOP('',(#4829,#4830,#4831,#4832));
#695=EDGE_LOOP('',(#4833,#4834,#4835,#4836));
#696=EDGE_LOOP('',(#4837,#4838,#4839,#4840));
#697=EDGE_LOOP('',(#4841,#4842,#4843,#4844));
#698=EDGE_LOOP('',(#4845,#4846,#4847,#4848));
#699=EDGE_LOOP('',(#4849,#4850,#4851,#4852));
#700=EDGE_LOOP('',(#4853,#4854,#4855,#4856));
#701=EDGE_LOOP('',(#4857,#4858,#4859,#4860));
#702=EDGE_LOOP('',(#4861,#4862,#4863,#4864));
#703=EDGE_LOOP('',(#4865,#4866,#4867,#4868));
#704=EDGE_LOOP('',(#4869,#4870,#4871,#4872));
#705=EDGE_LOOP('',(#4873,#4874,#4875,#4876));
#706=EDGE_LOOP('',(#4877,#4878,#4879,#4880));
#707=EDGE_LOOP('',(#4881,#4882,#4883,#4884));
#708=EDGE_LOOP('',(#4885,#4886,#4887,#4888));
#709=EDGE_LOOP('',(#4889,#4890,#4891,#4892));
#710=EDGE_LOOP('',(#4893,#4894,#4895,#4896));
#711=EDGE_LOOP('',(#4897,#4898,#4899,#4900));
#712=EDGE_LOOP('',(#4901,#4902,#4903,#4904));
#713=EDGE_LOOP('',(#4905,#4906,#4907,#4908));
#714=EDGE_LOOP('',(#4909,#4910,#4911,#4912));
#715=EDGE_LOOP('',(#4913,#4914,#4915,#4916));
#716=EDGE_LOOP('',(#4917,#4918,#4919,#4920));
#717=EDGE_LOOP('',(#4921,#4922,#4923,#4924));
#718=EDGE_LOOP('',(#4925,#4926,#4927,#4928));
#719=EDGE_LOOP('',(#4929,#4930,#4931,#4932));
#720=EDGE_LOOP('',(#4933,#4934,#4935,#4936));
#721=EDGE_LOOP('',(#4937,#4938,#4939,#4940));
#722=EDGE_LOOP('',(#4941,#4942,#4943,#4944));
#723=EDGE_LOOP('',(#4945,#4946,#4947,#4948));
#724=EDGE_LOOP('',(#4949,#4950,#4951,#4952));
#725=EDGE_LOOP('',(#4953,#4954,#4955,#4956));
#726=EDGE_LOOP('',(#4957,#4958,#4959,#4960));
#727=EDGE_LOOP('',(#4961,#4962,#4963,#4964));
#728=EDGE_LOOP('',(#4965,#4966,#4967,#4968));
#729=EDGE_LOOP('',(#4969,#4970,#4971,#4972));
#730=EDGE_LOOP('',(#4973,#4974,#4975,#4976));
#731=EDGE_LOOP('',(#4977,#4978,#4979,#4980));
#732=EDGE_LOOP('',(#4981,#4982,#4983,#4984));
#733=EDGE_LOOP('',(#4985,#4986,#4987,#4988));
#734=EDGE_LOOP('',(#4989,#4990,#4991,#4992));
#735=EDGE_LOOP('',(#4993,#4994,#4995,#4996));
#736=EDGE_LOOP('',(#4997,#4998,#4999,#5000));
#737=EDGE_LOOP('',(#5001,#5002,#5003,#5004));
#738=EDGE_LOOP('',(#5005,#5006,#5007,#5008));
#739=EDGE_LOOP('',(#5009,#5010,#5011,#5012));
#740=EDGE_LOOP('',(#5013,#5014,#5015,#5016));
#741=EDGE_LOOP('',(#5017,#5018,#5019,#5020));
#742=EDGE_LOOP('',(#5021,#5022,#5023,#5024));
#743=EDGE_LOOP('',(#5025,#5026,#5027,#5028));
#744=EDGE_LOOP('',(#5029,#5030,#5031,#5032));
#745=EDGE_LOOP('',(#5033,#5034,#5035,#5036));
#746=EDGE_LOOP('',(#5037,#5038,#5039,#5040));
#747=EDGE_LOOP('',(#5041,#5042,#5043,#5044));
#748=EDGE_LOOP('',(#5045,#5046,#5047,#5048));
#749=EDGE_LOOP('',(#5049,#5050,#5051,#5052));
#750=EDGE_LOOP('',(#5053,#5054,#5055,#5056));
#751=EDGE_LOOP('',(#5057,#5058,#5059,#5060));
#752=EDGE_LOOP('',(#5061,#5062,#5063,#5064));
#753=EDGE_LOOP('',(#5065,#5066,#5067,#5068));
#754=EDGE_LOOP('',(#5069,#5070,#5071,#5072));
#755=EDGE_LOOP('',(#5073,#5074,#5075,#5076));
#756=EDGE_LOOP('',(#5077,#5078,#5079,#5080));
#757=EDGE_LOOP('',(#5081,#5082,#5083,#5084));
#758=EDGE_LOOP('',(#5085,#5086,#5087,#5088));
#759=EDGE_LOOP('',(#5089,#5090,#5091,#5092));
#760=EDGE_LOOP('',(#5093,#5094,#5095,#5096));
#761=EDGE_LOOP('',(#5097,#5098,#5099,#5100));
#762=EDGE_LOOP('',(#5101,#5102,#5103,#5104));
#763=EDGE_LOOP('',(#5105,#5106,#5107,#5108));
#764=EDGE_LOOP('',(#5109,#5110,#5111,#5112));
#765=EDGE_LOOP('',(#5113,#5114,#5115,#5116));
#766=EDGE_LOOP('',(#5117,#5118,#5119,#5120));
#767=EDGE_LOOP('',(#5121,#5122,#5123,#5124));
#768=EDGE_LOOP('',(#5125,#5126,#5127,#5128));
#769=EDGE_LOOP('',(#5129,#5130,#5131,#5132,#5133));
#770=EDGE_LOOP('',(#5134,#5135,#5136,#5137,#5138));
#771=EDGE_LOOP('',(#5139,#5140,#5141,#5142));
#772=EDGE_LOOP('',(#5143,#5144,#5145,#5146));
#773=EDGE_LOOP('',(#5147,#5148,#5149,#5150));
#774=EDGE_LOOP('',(#5151,#5152,#5153,#5154));
#775=EDGE_LOOP('',(#5155,#5156,#5157,#5158));
#776=EDGE_LOOP('',(#5159,#5160,#5161,#5162));
#777=LINE('',#7632,#1551);
#778=LINE('',#7634,#1552);
#779=LINE('',#7636,#1553);
#780=LINE('',#7637,#1554);
#781=LINE('',#7641,#1555);
#782=LINE('',#7643,#1556);
#783=LINE('',#7645,#1557);
#784=LINE('',#7646,#1558);
#785=LINE('',#7650,#1559);
#786=LINE('',#7652,#1560);
#787=LINE('',#7654,#1561);
#788=LINE('',#7655,#1562);
#789=LINE('',#7659,#1563);
#790=LINE('',#7661,#1564);
#791=LINE('',#7663,#1565);
#792=LINE('',#7664,#1566);
#793=LINE('',#7668,#1567);
#794=LINE('',#7670,#1568);
#795=LINE('',#7672,#1569);
#796=LINE('',#7673,#1570);
#797=LINE('',#7677,#1571);
#798=LINE('',#7679,#1572);
#799=LINE('',#7681,#1573);
#800=LINE('',#7682,#1574);
#801=LINE('',#7685,#1575);
#802=LINE('',#7687,#1576);
#803=LINE('',#7688,#1577);
#804=LINE('',#7691,#1578);
#805=LINE('',#7692,#1579);
#806=LINE('',#7695,#1580);
#807=LINE('',#7697,#1581);
#808=LINE('',#7698,#1582);
#809=LINE('',#7701,#1583);
#810=LINE('',#7702,#1584);
#811=LINE('',#7705,#1585);
#812=LINE('',#7707,#1586);
#813=LINE('',#7708,#1587);
#814=LINE('',#7711,#1588);
#815=LINE('',#7712,#1589);
#816=LINE('',#7715,#1590);
#817=LINE('',#7717,#1591);
#818=LINE('',#7718,#1592);
#819=LINE('',#7721,#1593);
#820=LINE('',#7722,#1594);
#821=LINE('',#7725,#1595);
#822=LINE('',#7727,#1596);
#823=LINE('',#7728,#1597);
#824=LINE('',#7731,#1598);
#825=LINE('',#7732,#1599);
#826=LINE('',#7735,#1600);
#827=LINE('',#7737,#1601);
#828=LINE('',#7738,#1602);
#829=LINE('',#7741,#1603);
#830=LINE('',#7742,#1604);
#831=LINE('',#7746,#1605);
#832=LINE('',#7748,#1606);
#833=LINE('',#7750,#1607);
#834=LINE('',#7751,#1608);
#835=LINE('',#7755,#1609);
#836=LINE('',#7757,#1610);
#837=LINE('',#7759,#1611);
#838=LINE('',#7760,#1612);
#839=LINE('',#7764,#1613);
#840=LINE('',#7766,#1614);
#841=LINE('',#7768,#1615);
#842=LINE('',#7769,#1616);
#843=LINE('',#7773,#1617);
#844=LINE('',#7775,#1618);
#845=LINE('',#7777,#1619);
#846=LINE('',#7778,#1620);
#847=LINE('',#7782,#1621);
#848=LINE('',#7784,#1622);
#849=LINE('',#7786,#1623);
#850=LINE('',#7787,#1624);
#851=LINE('',#7791,#1625);
#852=LINE('',#7793,#1626);
#853=LINE('',#7795,#1627);
#854=LINE('',#7796,#1628);
#855=LINE('',#7799,#1629);
#856=LINE('',#7801,#1630);
#857=LINE('',#7802,#1631);
#858=LINE('',#7805,#1632);
#859=LINE('',#7806,#1633);
#860=LINE('',#7809,#1634);
#861=LINE('',#7810,#1635);
#862=LINE('',#7813,#1636);
#863=LINE('',#7815,#1637);
#864=LINE('',#7816,#1638);
#865=LINE('',#7819,#1639);
#866=LINE('',#7820,#1640);
#867=LINE('',#7823,#1641);
#868=LINE('',#7824,#1642);
#869=LINE('',#7827,#1643);
#870=LINE('',#7829,#1644);
#871=LINE('',#7830,#1645);
#872=LINE('',#7833,#1646);
#873=LINE('',#7834,#1647);
#874=LINE('',#7837,#1648);
#875=LINE('',#7838,#1649);
#876=LINE('',#7841,#1650);
#877=LINE('',#7843,#1651);
#878=LINE('',#7844,#1652);
#879=LINE('',#7847,#1653);
#880=LINE('',#7848,#1654);
#881=LINE('',#7851,#1655);
#882=LINE('',#7852,#1656);
#883=LINE('',#7855,#1657);
#884=LINE('',#7857,#1658);
#885=LINE('',#7858,#1659);
#886=LINE('',#7861,#1660);
#887=LINE('',#7862,#1661);
#888=LINE('',#7865,#1662);
#889=LINE('',#7866,#1663);
#890=LINE('',#7869,#1664);
#891=LINE('',#7871,#1665);
#892=LINE('',#7872,#1666);
#893=LINE('',#7875,#1667);
#894=LINE('',#7876,#1668);
#895=LINE('',#7879,#1669);
#896=LINE('',#7880,#1670);
#897=LINE('',#7883,#1671);
#898=LINE('',#7884,#1672);
#899=LINE('',#7886,#1673);
#900=LINE('',#7889,#1674);
#901=LINE('',#7890,#1675);
#902=LINE('',#7892,#1676);
#903=LINE('',#7895,#1677);
#904=LINE('',#7896,#1678);
#905=LINE('',#7898,#1679);
#906=LINE('',#7901,#1680);
#907=LINE('',#7902,#1681);
#908=LINE('',#7904,#1682);
#909=LINE('',#7907,#1683);
#910=LINE('',#7908,#1684);
#911=LINE('',#7910,#1685);
#912=LINE('',#7913,#1686);
#913=LINE('',#7914,#1687);
#914=LINE('',#7916,#1688);
#915=LINE('',#7920,#1689);
#916=LINE('',#7922,#1690);
#917=LINE('',#7924,#1691);
#918=LINE('',#7925,#1692);
#919=LINE('',#7928,#1693);
#920=LINE('',#7930,#1694);
#921=LINE('',#7931,#1695);
#922=LINE('',#7934,#1696);
#923=LINE('',#7936,#1697);
#924=LINE('',#7937,#1698);
#925=LINE('',#7939,#1699);
#926=LINE('',#7940,#1700);
#927=LINE('',#7945,#1701);
#928=LINE('',#7947,#1702);
#929=LINE('',#7949,#1703);
#930=LINE('',#7950,#1704);
#931=LINE('',#7954,#1705);
#932=LINE('',#7956,#1706);
#933=LINE('',#7957,#1707);
#934=LINE('',#7958,#1708);
#935=LINE('',#7959,#1709);
#936=LINE('',#7960,#1710);
#937=LINE('',#7961,#1711);
#938=LINE('',#7962,#1712);
#939=LINE('',#7964,#1713);
#940=LINE('',#7965,#1714);
#941=LINE('',#7967,#1715);
#942=LINE('',#7968,#1716);
#943=LINE('',#7971,#1717);
#944=LINE('',#7973,#1718);
#945=LINE('',#7975,#1719);
#946=LINE('',#7977,#1720);
#947=LINE('',#7979,#1721);
#948=LINE('',#7981,#1722);
#949=LINE('',#7983,#1723);
#950=LINE('',#7985,#1724);
#951=LINE('',#7987,#1725);
#952=LINE('',#7989,#1726);
#953=LINE('',#7991,#1727);
#954=LINE('',#7993,#1728);
#955=LINE('',#7994,#1729);
#956=LINE('',#7997,#1730);
#957=LINE('',#7998,#1731);
#958=LINE('',#8001,#1732);
#959=LINE('',#8002,#1733);
#960=LINE('',#8006,#1734);
#961=LINE('',#8008,#1735);
#962=LINE('',#8010,#1736);
#963=LINE('',#8011,#1737);
#964=LINE('',#8014,#1738);
#965=LINE('',#8016,#1739);
#966=LINE('',#8017,#1740);
#967=LINE('',#8020,#1741);
#968=LINE('',#8022,#1742);
#969=LINE('',#8023,#1743);
#970=LINE('',#8025,#1744);
#971=LINE('',#8028,#1745);
#972=LINE('',#8030,#1746);
#973=LINE('',#8031,#1747);
#974=LINE('',#8034,#1748);
#975=LINE('',#8036,#1749);
#976=LINE('',#8037,#1750);
#977=LINE('',#8039,#1751);
#978=LINE('',#8043,#1752);
#979=LINE('',#8045,#1753);
#980=LINE('',#8047,#1754);
#981=LINE('',#8048,#1755);
#982=LINE('',#8051,#1756);
#983=LINE('',#8053,#1757);
#984=LINE('',#8054,#1758);
#985=LINE('',#8057,#1759);
#986=LINE('',#8058,#1760);
#987=LINE('',#8061,#1761);
#988=LINE('',#8063,#1762);
#989=LINE('',#8064,#1763);
#990=LINE('',#8067,#1764);
#991=LINE('',#8069,#1765);
#992=LINE('',#8070,#1766);
#993=LINE('',#8072,#1767);
#994=LINE('',#8073,#1768);
#995=LINE('',#8078,#1769);
#996=LINE('',#8080,#1770);
#997=LINE('',#8082,#1771);
#998=LINE('',#8083,#1772);
#999=LINE('',#8086,#1773);
#1000=LINE('',#8088,#1774);
#1001=LINE('',#8089,#1775);
#1002=LINE('',#8092,#1776);
#1003=LINE('',#8094,#1777);
#1004=LINE('',#8095,#1778);
#1005=LINE('',#8098,#1779);
#1006=LINE('',#8099,#1780);
#1007=LINE('',#8103,#1781);
#1008=LINE('',#8105,#1782);
#1009=LINE('',#8107,#1783);
#1010=LINE('',#8108,#1784);
#1011=LINE('',#8110,#1785);
#1012=LINE('',#8111,#1786);
#1013=LINE('',#8113,#1787);
#1014=LINE('',#8115,#1788);
#1015=LINE('',#8116,#1789);
#1016=LINE('',#8118,#1790);
#1017=LINE('',#8119,#1791);
#1018=LINE('',#8121,#1792);
#1019=LINE('',#8122,#1793);
#1020=LINE('',#8127,#1794);
#1021=LINE('',#8129,#1795);
#1022=LINE('',#8131,#1796);
#1023=LINE('',#8132,#1797);
#1024=LINE('',#8135,#1798);
#1025=LINE('',#8137,#1799);
#1026=LINE('',#8138,#1800);
#1027=LINE('',#8141,#1801);
#1028=LINE('',#8143,#1802);
#1029=LINE('',#8144,#1803);
#1030=LINE('',#8146,#1804);
#1031=LINE('',#8147,#1805);
#1032=LINE('',#8152,#1806);
#1033=LINE('',#8154,#1807);
#1034=LINE('',#8156,#1808);
#1035=LINE('',#8157,#1809);
#1036=LINE('',#8160,#1810);
#1037=LINE('',#8162,#1811);
#1038=LINE('',#8163,#1812);
#1039=LINE('',#8166,#1813);
#1040=LINE('',#8168,#1814);
#1041=LINE('',#8169,#1815);
#1042=LINE('',#8171,#1816);
#1043=LINE('',#8172,#1817);
#1044=LINE('',#8177,#1818);
#1045=LINE('',#8179,#1819);
#1046=LINE('',#8181,#1820);
#1047=LINE('',#8182,#1821);
#1048=LINE('',#8185,#1822);
#1049=LINE('',#8187,#1823);
#1050=LINE('',#8188,#1824);
#1051=LINE('',#8191,#1825);
#1052=LINE('',#8193,#1826);
#1053=LINE('',#8194,#1827);
#1054=LINE('',#8196,#1828);
#1055=LINE('',#8197,#1829);
#1056=LINE('',#8202,#1830);
#1057=LINE('',#8204,#1831);
#1058=LINE('',#8206,#1832);
#1059=LINE('',#8207,#1833);
#1060=LINE('',#8210,#1834);
#1061=LINE('',#8212,#1835);
#1062=LINE('',#8213,#1836);
#1063=LINE('',#8216,#1837);
#1064=LINE('',#8218,#1838);
#1065=LINE('',#8219,#1839);
#1066=LINE('',#8221,#1840);
#1067=LINE('',#8222,#1841);
#1068=LINE('',#8227,#1842);
#1069=LINE('',#8229,#1843);
#1070=LINE('',#8231,#1844);
#1071=LINE('',#8232,#1845);
#1072=LINE('',#8235,#1846);
#1073=LINE('',#8237,#1847);
#1074=LINE('',#8238,#1848);
#1075=LINE('',#8241,#1849);
#1076=LINE('',#8243,#1850);
#1077=LINE('',#8244,#1851);
#1078=LINE('',#8246,#1852);
#1079=LINE('',#8247,#1853);
#1080=LINE('',#8252,#1854);
#1081=LINE('',#8254,#1855);
#1082=LINE('',#8256,#1856);
#1083=LINE('',#8257,#1857);
#1084=LINE('',#8260,#1858);
#1085=LINE('',#8262,#1859);
#1086=LINE('',#8263,#1860);
#1087=LINE('',#8266,#1861);
#1088=LINE('',#8268,#1862);
#1089=LINE('',#8269,#1863);
#1090=LINE('',#8271,#1864);
#1091=LINE('',#8272,#1865);
#1092=LINE('',#8277,#1866);
#1093=LINE('',#8279,#1867);
#1094=LINE('',#8281,#1868);
#1095=LINE('',#8282,#1869);
#1096=LINE('',#8285,#1870);
#1097=LINE('',#8287,#1871);
#1098=LINE('',#8288,#1872);
#1099=LINE('',#8291,#1873);
#1100=LINE('',#8293,#1874);
#1101=LINE('',#8294,#1875);
#1102=LINE('',#8296,#1876);
#1103=LINE('',#8297,#1877);
#1104=LINE('',#8301,#1878);
#1105=LINE('',#8303,#1879);
#1106=LINE('',#8305,#1880);
#1107=LINE('',#8306,#1881);
#1108=LINE('',#8309,#1882);
#1109=LINE('',#8311,#1883);
#1110=LINE('',#8312,#1884);
#1111=LINE('',#8315,#1885);
#1112=LINE('',#8317,#1886);
#1113=LINE('',#8318,#1887);
#1114=LINE('',#8320,#1888);
#1115=LINE('',#8321,#1889);
#1116=LINE('',#8325,#1890);
#1117=LINE('',#8327,#1891);
#1118=LINE('',#8329,#1892);
#1119=LINE('',#8330,#1893);
#1120=LINE('',#8333,#1894);
#1121=LINE('',#8335,#1895);
#1122=LINE('',#8336,#1896);
#1123=LINE('',#8339,#1897);
#1124=LINE('',#8341,#1898);
#1125=LINE('',#8342,#1899);
#1126=LINE('',#8344,#1900);
#1127=LINE('',#8345,#1901);
#1128=LINE('',#8349,#1902);
#1129=LINE('',#8351,#1903);
#1130=LINE('',#8353,#1904);
#1131=LINE('',#8354,#1905);
#1132=LINE('',#8357,#1906);
#1133=LINE('',#8359,#1907);
#1134=LINE('',#8360,#1908);
#1135=LINE('',#8363,#1909);
#1136=LINE('',#8365,#1910);
#1137=LINE('',#8366,#1911);
#1138=LINE('',#8368,#1912);
#1139=LINE('',#8369,#1913);
#1140=LINE('',#8373,#1914);
#1141=LINE('',#8375,#1915);
#1142=LINE('',#8377,#1916);
#1143=LINE('',#8378,#1917);
#1144=LINE('',#8381,#1918);
#1145=LINE('',#8383,#1919);
#1146=LINE('',#8384,#1920);
#1147=LINE('',#8387,#1921);
#1148=LINE('',#8389,#1922);
#1149=LINE('',#8390,#1923);
#1150=LINE('',#8392,#1924);
#1151=LINE('',#8393,#1925);
#1152=LINE('',#8397,#1926);
#1153=LINE('',#8399,#1927);
#1154=LINE('',#8401,#1928);
#1155=LINE('',#8402,#1929);
#1156=LINE('',#8405,#1930);
#1157=LINE('',#8407,#1931);
#1158=LINE('',#8408,#1932);
#1159=LINE('',#8411,#1933);
#1160=LINE('',#8413,#1934);
#1161=LINE('',#8414,#1935);
#1162=LINE('',#8416,#1936);
#1163=LINE('',#8417,#1937);
#1164=LINE('',#8421,#1938);
#1165=LINE('',#8423,#1939);
#1166=LINE('',#8425,#1940);
#1167=LINE('',#8426,#1941);
#1168=LINE('',#8429,#1942);
#1169=LINE('',#8431,#1943);
#1170=LINE('',#8432,#1944);
#1171=LINE('',#8435,#1945);
#1172=LINE('',#8437,#1946);
#1173=LINE('',#8438,#1947);
#1174=LINE('',#8440,#1948);
#1175=LINE('',#8441,#1949);
#1176=LINE('',#8447,#1950);
#1177=LINE('',#8449,#1951);
#1178=LINE('',#8451,#1952);
#1179=LINE('',#8452,#1953);
#1180=LINE('',#8455,#1954);
#1181=LINE('',#8457,#1955);
#1182=LINE('',#8458,#1956);
#1183=LINE('',#8461,#1957);
#1184=LINE('',#8463,#1958);
#1185=LINE('',#8464,#1959);
#1186=LINE('',#8467,#1960);
#1187=LINE('',#8469,#1961);
#1188=LINE('',#8470,#1962);
#1189=LINE('',#8473,#1963);
#1190=LINE('',#8475,#1964);
#1191=LINE('',#8476,#1965);
#1192=LINE('',#8479,#1966);
#1193=LINE('',#8481,#1967);
#1194=LINE('',#8482,#1968);
#1195=LINE('',#8485,#1969);
#1196=LINE('',#8487,#1970);
#1197=LINE('',#8488,#1971);
#1198=LINE('',#8491,#1972);
#1199=LINE('',#8493,#1973);
#1200=LINE('',#8494,#1974);
#1201=LINE('',#8497,#1975);
#1202=LINE('',#8499,#1976);
#1203=LINE('',#8500,#1977);
#1204=LINE('',#8503,#1978);
#1205=LINE('',#8505,#1979);
#1206=LINE('',#8506,#1980);
#1207=LINE('',#8509,#1981);
#1208=LINE('',#8511,#1982);
#1209=LINE('',#8512,#1983);
#1210=LINE('',#8515,#1984);
#1211=LINE('',#8517,#1985);
#1212=LINE('',#8518,#1986);
#1213=LINE('',#8521,#1987);
#1214=LINE('',#8523,#1988);
#1215=LINE('',#8524,#1989);
#1216=LINE('',#8527,#1990);
#1217=LINE('',#8529,#1991);
#1218=LINE('',#8530,#1992);
#1219=LINE('',#8533,#1993);
#1220=LINE('',#8535,#1994);
#1221=LINE('',#8536,#1995);
#1222=LINE('',#8539,#1996);
#1223=LINE('',#8541,#1997);
#1224=LINE('',#8542,#1998);
#1225=LINE('',#8545,#1999);
#1226=LINE('',#8547,#2000);
#1227=LINE('',#8548,#2001);
#1228=LINE('',#8551,#2002);
#1229=LINE('',#8553,#2003);
#1230=LINE('',#8554,#2004);
#1231=LINE('',#8557,#2005);
#1232=LINE('',#8559,#2006);
#1233=LINE('',#8560,#2007);
#1234=LINE('',#8563,#2008);
#1235=LINE('',#8565,#2009);
#1236=LINE('',#8566,#2010);
#1237=LINE('',#8569,#2011);
#1238=LINE('',#8571,#2012);
#1239=LINE('',#8572,#2013);
#1240=LINE('',#8575,#2014);
#1241=LINE('',#8577,#2015);
#1242=LINE('',#8578,#2016);
#1243=LINE('',#8581,#2017);
#1244=LINE('',#8583,#2018);
#1245=LINE('',#8584,#2019);
#1246=LINE('',#8587,#2020);
#1247=LINE('',#8589,#2021);
#1248=LINE('',#8590,#2022);
#1249=LINE('',#8593,#2023);
#1250=LINE('',#8595,#2024);
#1251=LINE('',#8596,#2025);
#1252=LINE('',#8599,#2026);
#1253=LINE('',#8601,#2027);
#1254=LINE('',#8602,#2028);
#1255=LINE('',#8605,#2029);
#1256=LINE('',#8607,#2030);
#1257=LINE('',#8608,#2031);
#1258=LINE('',#8610,#2032);
#1259=LINE('',#8611,#2033);
#1260=LINE('',#8617,#2034);
#1261=LINE('',#8619,#2035);
#1262=LINE('',#8621,#2036);
#1263=LINE('',#8622,#2037);
#1264=LINE('',#8625,#2038);
#1265=LINE('',#8627,#2039);
#1266=LINE('',#8628,#2040);
#1267=LINE('',#8631,#2041);
#1268=LINE('',#8633,#2042);
#1269=LINE('',#8634,#2043);
#1270=LINE('',#8636,#2044);
#1271=LINE('',#8637,#2045);
#1272=LINE('',#8643,#2046);
#1273=LINE('',#8645,#2047);
#1274=LINE('',#8647,#2048);
#1275=LINE('',#8648,#2049);
#1276=LINE('',#8651,#2050);
#1277=LINE('',#8653,#2051);
#1278=LINE('',#8654,#2052);
#1279=LINE('',#8657,#2053);
#1280=LINE('',#8659,#2054);
#1281=LINE('',#8660,#2055);
#1282=LINE('',#8662,#2056);
#1283=LINE('',#8663,#2057);
#1284=LINE('',#8669,#2058);
#1285=LINE('',#8671,#2059);
#1286=LINE('',#8673,#2060);
#1287=LINE('',#8674,#2061);
#1288=LINE('',#8677,#2062);
#1289=LINE('',#8679,#2063);
#1290=LINE('',#8680,#2064);
#1291=LINE('',#8683,#2065);
#1292=LINE('',#8685,#2066);
#1293=LINE('',#8686,#2067);
#1294=LINE('',#8688,#2068);
#1295=LINE('',#8689,#2069);
#1296=LINE('',#8695,#2070);
#1297=LINE('',#8697,#2071);
#1298=LINE('',#8699,#2072);
#1299=LINE('',#8700,#2073);
#1300=LINE('',#8703,#2074);
#1301=LINE('',#8705,#2075);
#1302=LINE('',#8706,#2076);
#1303=LINE('',#8709,#2077);
#1304=LINE('',#8711,#2078);
#1305=LINE('',#8712,#2079);
#1306=LINE('',#8714,#2080);
#1307=LINE('',#8715,#2081);
#1308=LINE('',#8721,#2082);
#1309=LINE('',#8723,#2083);
#1310=LINE('',#8725,#2084);
#1311=LINE('',#8726,#2085);
#1312=LINE('',#8729,#2086);
#1313=LINE('',#8731,#2087);
#1314=LINE('',#8732,#2088);
#1315=LINE('',#8735,#2089);
#1316=LINE('',#8737,#2090);
#1317=LINE('',#8738,#2091);
#1318=LINE('',#8740,#2092);
#1319=LINE('',#8741,#2093);
#1320=LINE('',#8747,#2094);
#1321=LINE('',#8749,#2095);
#1322=LINE('',#8751,#2096);
#1323=LINE('',#8752,#2097);
#1324=LINE('',#8755,#2098);
#1325=LINE('',#8757,#2099);
#1326=LINE('',#8758,#2100);
#1327=LINE('',#8761,#2101);
#1328=LINE('',#8763,#2102);
#1329=LINE('',#8764,#2103);
#1330=LINE('',#8766,#2104);
#1331=LINE('',#8767,#2105);
#1332=LINE('',#8773,#2106);
#1333=LINE('',#8775,#2107);
#1334=LINE('',#8777,#2108);
#1335=LINE('',#8778,#2109);
#1336=LINE('',#8781,#2110);
#1337=LINE('',#8783,#2111);
#1338=LINE('',#8784,#2112);
#1339=LINE('',#8787,#2113);
#1340=LINE('',#8789,#2114);
#1341=LINE('',#8790,#2115);
#1342=LINE('',#8792,#2116);
#1343=LINE('',#8793,#2117);
#1344=LINE('',#8799,#2118);
#1345=LINE('',#8801,#2119);
#1346=LINE('',#8803,#2120);
#1347=LINE('',#8804,#2121);
#1348=LINE('',#8807,#2122);
#1349=LINE('',#8809,#2123);
#1350=LINE('',#8810,#2124);
#1351=LINE('',#8813,#2125);
#1352=LINE('',#8815,#2126);
#1353=LINE('',#8816,#2127);
#1354=LINE('',#8818,#2128);
#1355=LINE('',#8819,#2129);
#1356=LINE('',#8825,#2130);
#1357=LINE('',#8827,#2131);
#1358=LINE('',#8829,#2132);
#1359=LINE('',#8830,#2133);
#1360=LINE('',#8833,#2134);
#1361=LINE('',#8835,#2135);
#1362=LINE('',#8836,#2136);
#1363=LINE('',#8839,#2137);
#1364=LINE('',#8841,#2138);
#1365=LINE('',#8842,#2139);
#1366=LINE('',#8844,#2140);
#1367=LINE('',#8845,#2141);
#1368=LINE('',#8851,#2142);
#1369=LINE('',#8853,#2143);
#1370=LINE('',#8855,#2144);
#1371=LINE('',#8856,#2145);
#1372=LINE('',#8859,#2146);
#1373=LINE('',#8861,#2147);
#1374=LINE('',#8862,#2148);
#1375=LINE('',#8865,#2149);
#1376=LINE('',#8867,#2150);
#1377=LINE('',#8868,#2151);
#1378=LINE('',#8870,#2152);
#1379=LINE('',#8871,#2153);
#1380=LINE('',#8877,#2154);
#1381=LINE('',#8879,#2155);
#1382=LINE('',#8881,#2156);
#1383=LINE('',#8882,#2157);
#1384=LINE('',#8885,#2158);
#1385=LINE('',#8887,#2159);
#1386=LINE('',#8888,#2160);
#1387=LINE('',#8891,#2161);
#1388=LINE('',#8893,#2162);
#1389=LINE('',#8894,#2163);
#1390=LINE('',#8896,#2164);
#1391=LINE('',#8897,#2165);
#1392=LINE('',#8903,#2166);
#1393=LINE('',#8905,#2167);
#1394=LINE('',#8907,#2168);
#1395=LINE('',#8908,#2169);
#1396=LINE('',#8911,#2170);
#1397=LINE('',#8913,#2171);
#1398=LINE('',#8914,#2172);
#1399=LINE('',#8917,#2173);
#1400=LINE('',#8919,#2174);
#1401=LINE('',#8920,#2175);
#1402=LINE('',#8922,#2176);
#1403=LINE('',#8923,#2177);
#1404=LINE('',#8929,#2178);
#1405=LINE('',#8931,#2179);
#1406=LINE('',#8933,#2180);
#1407=LINE('',#8934,#2181);
#1408=LINE('',#8937,#2182);
#1409=LINE('',#8939,#2183);
#1410=LINE('',#8940,#2184);
#1411=LINE('',#8943,#2185);
#1412=LINE('',#8945,#2186);
#1413=LINE('',#8946,#2187);
#1414=LINE('',#8948,#2188);
#1415=LINE('',#8949,#2189);
#1416=LINE('',#8955,#2190);
#1417=LINE('',#8957,#2191);
#1418=LINE('',#8959,#2192);
#1419=LINE('',#8960,#2193);
#1420=LINE('',#8963,#2194);
#1421=LINE('',#8965,#2195);
#1422=LINE('',#8966,#2196);
#1423=LINE('',#8969,#2197);
#1424=LINE('',#8971,#2198);
#1425=LINE('',#8972,#2199);
#1426=LINE('',#8974,#2200);
#1427=LINE('',#8975,#2201);
#1428=LINE('',#8981,#2202);
#1429=LINE('',#8983,#2203);
#1430=LINE('',#8985,#2204);
#1431=LINE('',#8986,#2205);
#1432=LINE('',#8989,#2206);
#1433=LINE('',#8991,#2207);
#1434=LINE('',#8992,#2208);
#1435=LINE('',#8995,#2209);
#1436=LINE('',#8997,#2210);
#1437=LINE('',#8998,#2211);
#1438=LINE('',#9000,#2212);
#1439=LINE('',#9001,#2213);
#1440=LINE('',#9007,#2214);
#1441=LINE('',#9009,#2215);
#1442=LINE('',#9011,#2216);
#1443=LINE('',#9012,#2217);
#1444=LINE('',#9015,#2218);
#1445=LINE('',#9017,#2219);
#1446=LINE('',#9018,#2220);
#1447=LINE('',#9021,#2221);
#1448=LINE('',#9023,#2222);
#1449=LINE('',#9024,#2223);
#1450=LINE('',#9026,#2224);
#1451=LINE('',#9027,#2225);
#1452=LINE('',#9033,#2226);
#1453=LINE('',#9035,#2227);
#1454=LINE('',#9037,#2228);
#1455=LINE('',#9038,#2229);
#1456=LINE('',#9041,#2230);
#1457=LINE('',#9043,#2231);
#1458=LINE('',#9044,#2232);
#1459=LINE('',#9047,#2233);
#1460=LINE('',#9049,#2234);
#1461=LINE('',#9050,#2235);
#1462=LINE('',#9052,#2236);
#1463=LINE('',#9053,#2237);
#1464=LINE('',#9059,#2238);
#1465=LINE('',#9061,#2239);
#1466=LINE('',#9063,#2240);
#1467=LINE('',#9064,#2241);
#1468=LINE('',#9067,#2242);
#1469=LINE('',#9069,#2243);
#1470=LINE('',#9070,#2244);
#1471=LINE('',#9073,#2245);
#1472=LINE('',#9075,#2246);
#1473=LINE('',#9076,#2247);
#1474=LINE('',#9078,#2248);
#1475=LINE('',#9079,#2249);
#1476=LINE('',#9086,#2250);
#1477=LINE('',#9088,#2251);
#1478=LINE('',#9090,#2252);
#1479=LINE('',#9091,#2253);
#1480=LINE('',#9094,#2254);
#1481=LINE('',#9096,#2255);
#1482=LINE('',#9097,#2256);
#1483=LINE('',#9100,#2257);
#1484=LINE('',#9102,#2258);
#1485=LINE('',#9103,#2259);
#1486=LINE('',#9105,#2260);
#1487=LINE('',#9106,#2261);
#1488=LINE('',#9112,#2262);
#1489=LINE('',#9114,#2263);
#1490=LINE('',#9116,#2264);
#1491=LINE('',#9117,#2265);
#1492=LINE('',#9120,#2266);
#1493=LINE('',#9122,#2267);
#1494=LINE('',#9123,#2268);
#1495=LINE('',#9126,#2269);
#1496=LINE('',#9128,#2270);
#1497=LINE('',#9129,#2271);
#1498=LINE('',#9131,#2272);
#1499=LINE('',#9132,#2273);
#1500=LINE('',#9138,#2274);
#1501=LINE('',#9140,#2275);
#1502=LINE('',#9142,#2276);
#1503=LINE('',#9143,#2277);
#1504=LINE('',#9146,#2278);
#1505=LINE('',#9148,#2279);
#1506=LINE('',#9149,#2280);
#1507=LINE('',#9152,#2281);
#1508=LINE('',#9154,#2282);
#1509=LINE('',#9155,#2283);
#1510=LINE('',#9157,#2284);
#1511=LINE('',#9158,#2285);
#1512=LINE('',#9164,#2286);
#1513=LINE('',#9166,#2287);
#1514=LINE('',#9168,#2288);
#1515=LINE('',#9169,#2289);
#1516=LINE('',#9172,#2290);
#1517=LINE('',#9174,#2291);
#1518=LINE('',#9175,#2292);
#1519=LINE('',#9178,#2293);
#1520=LINE('',#9180,#2294);
#1521=LINE('',#9181,#2295);
#1522=LINE('',#9183,#2296);
#1523=LINE('',#9184,#2297);
#1524=LINE('',#9190,#2298);
#1525=LINE('',#9192,#2299);
#1526=LINE('',#9194,#2300);
#1527=LINE('',#9195,#2301);
#1528=LINE('',#9198,#2302);
#1529=LINE('',#9200,#2303);
#1530=LINE('',#9201,#2304);
#1531=LINE('',#9204,#2305);
#1532=LINE('',#9206,#2306);
#1533=LINE('',#9207,#2307);
#1534=LINE('',#9210,#2308);
#1535=LINE('',#9212,#2309);
#1536=LINE('',#9213,#2310);
#1537=LINE('',#9215,#2311);
#1538=LINE('',#9216,#2312);
#1539=LINE('',#9222,#2313);
#1540=LINE('',#9224,#2314);
#1541=LINE('',#9226,#2315);
#1542=LINE('',#9227,#2316);
#1543=LINE('',#9230,#2317);
#1544=LINE('',#9232,#2318);
#1545=LINE('',#9233,#2319);
#1546=LINE('',#9236,#2320);
#1547=LINE('',#9238,#2321);
#1548=LINE('',#9239,#2322);
#1549=LINE('',#9241,#2323);
#1550=LINE('',#9242,#2324);
#1551=VECTOR('',#6199,10.);
#1552=VECTOR('',#6200,10.);
#1553=VECTOR('',#6201,10.);
#1554=VECTOR('',#6202,10.);
#1555=VECTOR('',#6205,10.);
#1556=VECTOR('',#6206,10.);
#1557=VECTOR('',#6207,10.);
#1558=VECTOR('',#6208,10.);
#1559=VECTOR('',#6211,10.);
#1560=VECTOR('',#6212,10.);
#1561=VECTOR('',#6213,10.);
#1562=VECTOR('',#6214,10.);
#1563=VECTOR('',#6217,10.);
#1564=VECTOR('',#6218,10.);
#1565=VECTOR('',#6219,10.);
#1566=VECTOR('',#6220,10.);
#1567=VECTOR('',#6223,10.);
#1568=VECTOR('',#6224,10.);
#1569=VECTOR('',#6225,10.);
#1570=VECTOR('',#6226,10.);
#1571=VECTOR('',#6229,10.);
#1572=VECTOR('',#6230,10.);
#1573=VECTOR('',#6231,10.);
#1574=VECTOR('',#6232,10.);
#1575=VECTOR('',#6235,10.);
#1576=VECTOR('',#6236,10.);
#1577=VECTOR('',#6237,10.);
#1578=VECTOR('',#6240,10.);
#1579=VECTOR('',#6241,10.);
#1580=VECTOR('',#6244,10.);
#1581=VECTOR('',#6245,10.);
#1582=VECTOR('',#6246,10.);
#1583=VECTOR('',#6249,10.);
#1584=VECTOR('',#6250,10.);
#1585=VECTOR('',#6253,10.);
#1586=VECTOR('',#6254,10.);
#1587=VECTOR('',#6255,10.);
#1588=VECTOR('',#6258,10.);
#1589=VECTOR('',#6259,10.);
#1590=VECTOR('',#6262,10.);
#1591=VECTOR('',#6263,10.);
#1592=VECTOR('',#6264,10.);
#1593=VECTOR('',#6267,10.);
#1594=VECTOR('',#6268,10.);
#1595=VECTOR('',#6271,10.);
#1596=VECTOR('',#6272,10.);
#1597=VECTOR('',#6273,10.);
#1598=VECTOR('',#6276,10.);
#1599=VECTOR('',#6277,10.);
#1600=VECTOR('',#6280,10.);
#1601=VECTOR('',#6281,10.);
#1602=VECTOR('',#6282,10.);
#1603=VECTOR('',#6285,10.);
#1604=VECTOR('',#6286,10.);
#1605=VECTOR('',#6289,10.);
#1606=VECTOR('',#6290,10.);
#1607=VECTOR('',#6291,10.);
#1608=VECTOR('',#6292,10.);
#1609=VECTOR('',#6295,10.);
#1610=VECTOR('',#6296,10.);
#1611=VECTOR('',#6297,10.);
#1612=VECTOR('',#6298,10.);
#1613=VECTOR('',#6301,10.);
#1614=VECTOR('',#6302,10.);
#1615=VECTOR('',#6303,10.);
#1616=VECTOR('',#6304,10.);
#1617=VECTOR('',#6307,10.);
#1618=VECTOR('',#6308,10.);
#1619=VECTOR('',#6309,10.);
#1620=VECTOR('',#6310,10.);
#1621=VECTOR('',#6313,10.);
#1622=VECTOR('',#6314,10.);
#1623=VECTOR('',#6315,10.);
#1624=VECTOR('',#6316,10.);
#1625=VECTOR('',#6319,10.);
#1626=VECTOR('',#6320,10.);
#1627=VECTOR('',#6321,10.);
#1628=VECTOR('',#6322,10.);
#1629=VECTOR('',#6325,10.);
#1630=VECTOR('',#6326,10.);
#1631=VECTOR('',#6327,10.);
#1632=VECTOR('',#6330,10.);
#1633=VECTOR('',#6331,10.);
#1634=VECTOR('',#6334,10.);
#1635=VECTOR('',#6335,10.);
#1636=VECTOR('',#6338,10.);
#1637=VECTOR('',#6339,10.);
#1638=VECTOR('',#6340,10.);
#1639=VECTOR('',#6343,10.);
#1640=VECTOR('',#6344,10.);
#1641=VECTOR('',#6347,10.);
#1642=VECTOR('',#6348,10.);
#1643=VECTOR('',#6351,10.);
#1644=VECTOR('',#6352,10.);
#1645=VECTOR('',#6353,10.);
#1646=VECTOR('',#6356,10.);
#1647=VECTOR('',#6357,10.);
#1648=VECTOR('',#6360,10.);
#1649=VECTOR('',#6361,10.);
#1650=VECTOR('',#6364,10.);
#1651=VECTOR('',#6365,10.);
#1652=VECTOR('',#6366,10.);
#1653=VECTOR('',#6369,10.);
#1654=VECTOR('',#6370,10.);
#1655=VECTOR('',#6373,10.);
#1656=VECTOR('',#6374,10.);
#1657=VECTOR('',#6377,10.);
#1658=VECTOR('',#6378,10.);
#1659=VECTOR('',#6379,10.);
#1660=VECTOR('',#6382,10.);
#1661=VECTOR('',#6383,10.);
#1662=VECTOR('',#6386,10.);
#1663=VECTOR('',#6387,10.);
#1664=VECTOR('',#6390,10.);
#1665=VECTOR('',#6391,10.);
#1666=VECTOR('',#6392,10.);
#1667=VECTOR('',#6395,10.);
#1668=VECTOR('',#6396,10.);
#1669=VECTOR('',#6399,10.);
#1670=VECTOR('',#6400,10.);
#1671=VECTOR('',#6403,10.);
#1672=VECTOR('',#6404,10.);
#1673=VECTOR('',#6407,10.);
#1674=VECTOR('',#6410,10.);
#1675=VECTOR('',#6411,10.);
#1676=VECTOR('',#6414,10.);
#1677=VECTOR('',#6417,10.);
#1678=VECTOR('',#6418,10.);
#1679=VECTOR('',#6421,10.);
#1680=VECTOR('',#6424,10.);
#1681=VECTOR('',#6425,10.);
#1682=VECTOR('',#6428,10.);
#1683=VECTOR('',#6431,10.);
#1684=VECTOR('',#6432,10.);
#1685=VECTOR('',#6435,10.);
#1686=VECTOR('',#6438,10.);
#1687=VECTOR('',#6439,10.);
#1688=VECTOR('',#6442,10.);
#1689=VECTOR('',#6445,10.);
#1690=VECTOR('',#6446,10.);
#1691=VECTOR('',#6447,10.);
#1692=VECTOR('',#6448,10.);
#1693=VECTOR('',#6451,10.);
#1694=VECTOR('',#6452,10.);
#1695=VECTOR('',#6453,10.);
#1696=VECTOR('',#6456,10.);
#1697=VECTOR('',#6457,10.);
#1698=VECTOR('',#6458,10.);
#1699=VECTOR('',#6461,10.);
#1700=VECTOR('',#6462,10.);
#1701=VECTOR('',#6467,10.);
#1702=VECTOR('',#6468,10.);
#1703=VECTOR('',#6469,10.);
#1704=VECTOR('',#6470,10.);
#1705=VECTOR('',#6473,10.);
#1706=VECTOR('',#6474,10.);
#1707=VECTOR('',#6475,10.);
#1708=VECTOR('',#6476,10.);
#1709=VECTOR('',#6477,10.);
#1710=VECTOR('',#6478,10.);
#1711=VECTOR('',#6479,10.);
#1712=VECTOR('',#6480,10.);
#1713=VECTOR('',#6481,10.);
#1714=VECTOR('',#6482,10.);
#1715=VECTOR('',#6485,10.);
#1716=VECTOR('',#6486,10.);
#1717=VECTOR('',#6489,10.);
#1718=VECTOR('',#6490,10.);
#1719=VECTOR('',#6491,10.);
#1720=VECTOR('',#6492,10.);
#1721=VECTOR('',#6493,10.);
#1722=VECTOR('',#6494,10.);
#1723=VECTOR('',#6495,10.);
#1724=VECTOR('',#6496,10.);
#1725=VECTOR('',#6497,10.);
#1726=VECTOR('',#6498,10.);
#1727=VECTOR('',#6499,10.);
#1728=VECTOR('',#6500,10.);
#1729=VECTOR('',#6501,10.);
#1730=VECTOR('',#6504,10.);
#1731=VECTOR('',#6505,10.);
#1732=VECTOR('',#6508,10.);
#1733=VECTOR('',#6509,10.);
#1734=VECTOR('',#6512,10.);
#1735=VECTOR('',#6513,10.);
#1736=VECTOR('',#6514,10.);
#1737=VECTOR('',#6515,10.);
#1738=VECTOR('',#6518,10.);
#1739=VECTOR('',#6519,10.);
#1740=VECTOR('',#6520,10.);
#1741=VECTOR('',#6523,10.);
#1742=VECTOR('',#6524,10.);
#1743=VECTOR('',#6525,10.);
#1744=VECTOR('',#6528,10.);
#1745=VECTOR('',#6531,10.);
#1746=VECTOR('',#6532,10.);
#1747=VECTOR('',#6533,10.);
#1748=VECTOR('',#6536,10.);
#1749=VECTOR('',#6537,10.);
#1750=VECTOR('',#6538,10.);
#1751=VECTOR('',#6541,10.);
#1752=VECTOR('',#6544,10.);
#1753=VECTOR('',#6545,10.);
#1754=VECTOR('',#6546,10.);
#1755=VECTOR('',#6547,10.);
#1756=VECTOR('',#6550,10.);
#1757=VECTOR('',#6551,10.);
#1758=VECTOR('',#6552,10.);
#1759=VECTOR('',#6555,10.);
#1760=VECTOR('',#6556,10.);
#1761=VECTOR('',#6559,10.);
#1762=VECTOR('',#6560,10.);
#1763=VECTOR('',#6561,10.);
#1764=VECTOR('',#6564,10.);
#1765=VECTOR('',#6565,10.);
#1766=VECTOR('',#6566,10.);
#1767=VECTOR('',#6569,10.);
#1768=VECTOR('',#6570,10.);
#1769=VECTOR('',#6575,10.);
#1770=VECTOR('',#6576,10.);
#1771=VECTOR('',#6577,10.);
#1772=VECTOR('',#6578,10.);
#1773=VECTOR('',#6581,10.);
#1774=VECTOR('',#6582,10.);
#1775=VECTOR('',#6583,10.);
#1776=VECTOR('',#6586,10.);
#1777=VECTOR('',#6587,10.);
#1778=VECTOR('',#6588,10.);
#1779=VECTOR('',#6591,10.);
#1780=VECTOR('',#6592,10.);
#1781=VECTOR('',#6595,10.);
#1782=VECTOR('',#6596,10.);
#1783=VECTOR('',#6597,10.);
#1784=VECTOR('',#6598,10.);
#1785=VECTOR('',#6601,10.);
#1786=VECTOR('',#6602,10.);
#1787=VECTOR('',#6605,10.);
#1788=VECTOR('',#6608,10.);
#1789=VECTOR('',#6609,10.);
#1790=VECTOR('',#6612,10.);
#1791=VECTOR('',#6613,10.);
#1792=VECTOR('',#6616,10.);
#1793=VECTOR('',#6617,10.);
#1794=VECTOR('',#6622,10.);
#1795=VECTOR('',#6623,10.);
#1796=VECTOR('',#6624,10.);
#1797=VECTOR('',#6625,10.);
#1798=VECTOR('',#6628,10.);
#1799=VECTOR('',#6629,10.);
#1800=VECTOR('',#6630,10.);
#1801=VECTOR('',#6633,10.);
#1802=VECTOR('',#6634,10.);
#1803=VECTOR('',#6635,10.);
#1804=VECTOR('',#6638,10.);
#1805=VECTOR('',#6639,10.);
#1806=VECTOR('',#6644,10.);
#1807=VECTOR('',#6645,10.);
#1808=VECTOR('',#6646,10.);
#1809=VECTOR('',#6647,10.);
#1810=VECTOR('',#6650,10.);
#1811=VECTOR('',#6651,10.);
#1812=VECTOR('',#6652,10.);
#1813=VECTOR('',#6655,10.);
#1814=VECTOR('',#6656,10.);
#1815=VECTOR('',#6657,10.);
#1816=VECTOR('',#6660,10.);
#1817=VECTOR('',#6661,10.);
#1818=VECTOR('',#6666,10.);
#1819=VECTOR('',#6667,10.);
#1820=VECTOR('',#6668,10.);
#1821=VECTOR('',#6669,10.);
#1822=VECTOR('',#6672,10.);
#1823=VECTOR('',#6673,10.);
#1824=VECTOR('',#6674,10.);
#1825=VECTOR('',#6677,10.);
#1826=VECTOR('',#6678,10.);
#1827=VECTOR('',#6679,10.);
#1828=VECTOR('',#6682,10.);
#1829=VECTOR('',#6683,10.);
#1830=VECTOR('',#6688,10.);
#1831=VECTOR('',#6689,10.);
#1832=VECTOR('',#6690,10.);
#1833=VECTOR('',#6691,10.);
#1834=VECTOR('',#6694,10.);
#1835=VECTOR('',#6695,10.);
#1836=VECTOR('',#6696,10.);
#1837=VECTOR('',#6699,10.);
#1838=VECTOR('',#6700,10.);
#1839=VECTOR('',#6701,10.);
#1840=VECTOR('',#6704,10.);
#1841=VECTOR('',#6705,10.);
#1842=VECTOR('',#6710,10.);
#1843=VECTOR('',#6711,10.);
#1844=VECTOR('',#6712,10.);
#1845=VECTOR('',#6713,10.);
#1846=VECTOR('',#6716,10.);
#1847=VECTOR('',#6717,10.);
#1848=VECTOR('',#6718,10.);
#1849=VECTOR('',#6721,10.);
#1850=VECTOR('',#6722,10.);
#1851=VECTOR('',#6723,10.);
#1852=VECTOR('',#6726,10.);
#1853=VECTOR('',#6727,10.);
#1854=VECTOR('',#6732,10.);
#1855=VECTOR('',#6733,10.);
#1856=VECTOR('',#6734,10.);
#1857=VECTOR('',#6735,10.);
#1858=VECTOR('',#6738,10.);
#1859=VECTOR('',#6739,10.);
#1860=VECTOR('',#6740,10.);
#1861=VECTOR('',#6743,10.);
#1862=VECTOR('',#6744,10.);
#1863=VECTOR('',#6745,10.);
#1864=VECTOR('',#6748,10.);
#1865=VECTOR('',#6749,10.);
#1866=VECTOR('',#6754,10.);
#1867=VECTOR('',#6755,10.);
#1868=VECTOR('',#6756,10.);
#1869=VECTOR('',#6757,10.);
#1870=VECTOR('',#6760,10.);
#1871=VECTOR('',#6761,10.);
#1872=VECTOR('',#6762,10.);
#1873=VECTOR('',#6765,10.);
#1874=VECTOR('',#6766,10.);
#1875=VECTOR('',#6767,10.);
#1876=VECTOR('',#6770,10.);
#1877=VECTOR('',#6771,10.);
#1878=VECTOR('',#6774,10.);
#1879=VECTOR('',#6775,10.);
#1880=VECTOR('',#6776,10.);
#1881=VECTOR('',#6777,10.);
#1882=VECTOR('',#6780,10.);
#1883=VECTOR('',#6781,10.);
#1884=VECTOR('',#6782,10.);
#1885=VECTOR('',#6785,10.);
#1886=VECTOR('',#6786,10.);
#1887=VECTOR('',#6787,10.);
#1888=VECTOR('',#6790,10.);
#1889=VECTOR('',#6791,10.);
#1890=VECTOR('',#6794,10.);
#1891=VECTOR('',#6795,10.);
#1892=VECTOR('',#6796,10.);
#1893=VECTOR('',#6797,10.);
#1894=VECTOR('',#6800,10.);
#1895=VECTOR('',#6801,10.);
#1896=VECTOR('',#6802,10.);
#1897=VECTOR('',#6805,10.);
#1898=VECTOR('',#6806,10.);
#1899=VECTOR('',#6807,10.);
#1900=VECTOR('',#6810,10.);
#1901=VECTOR('',#6811,10.);
#1902=VECTOR('',#6814,10.);
#1903=VECTOR('',#6815,10.);
#1904=VECTOR('',#6816,10.);
#1905=VECTOR('',#6817,10.);
#1906=VECTOR('',#6820,10.);
#1907=VECTOR('',#6821,10.);
#1908=VECTOR('',#6822,10.);
#1909=VECTOR('',#6825,10.);
#1910=VECTOR('',#6826,10.);
#1911=VECTOR('',#6827,10.);
#1912=VECTOR('',#6830,10.);
#1913=VECTOR('',#6831,10.);
#1914=VECTOR('',#6834,10.);
#1915=VECTOR('',#6835,10.);
#1916=VECTOR('',#6836,10.);
#1917=VECTOR('',#6837,10.);
#1918=VECTOR('',#6840,10.);
#1919=VECTOR('',#6841,10.);
#1920=VECTOR('',#6842,10.);
#1921=VECTOR('',#6845,10.);
#1922=VECTOR('',#6846,10.);
#1923=VECTOR('',#6847,10.);
#1924=VECTOR('',#6850,10.);
#1925=VECTOR('',#6851,10.);
#1926=VECTOR('',#6854,10.);
#1927=VECTOR('',#6855,10.);
#1928=VECTOR('',#6856,10.);
#1929=VECTOR('',#6857,10.);
#1930=VECTOR('',#6860,10.);
#1931=VECTOR('',#6861,10.);
#1932=VECTOR('',#6862,10.);
#1933=VECTOR('',#6865,10.);
#1934=VECTOR('',#6866,10.);
#1935=VECTOR('',#6867,10.);
#1936=VECTOR('',#6870,10.);
#1937=VECTOR('',#6871,10.);
#1938=VECTOR('',#6874,10.);
#1939=VECTOR('',#6875,10.);
#1940=VECTOR('',#6876,10.);
#1941=VECTOR('',#6877,10.);
#1942=VECTOR('',#6880,10.);
#1943=VECTOR('',#6881,10.);
#1944=VECTOR('',#6882,10.);
#1945=VECTOR('',#6885,10.);
#1946=VECTOR('',#6886,10.);
#1947=VECTOR('',#6887,10.);
#1948=VECTOR('',#6890,10.);
#1949=VECTOR('',#6891,10.);
#1950=VECTOR('',#6898,10.);
#1951=VECTOR('',#6899,10.);
#1952=VECTOR('',#6900,10.);
#1953=VECTOR('',#6901,10.);
#1954=VECTOR('',#6904,10.);
#1955=VECTOR('',#6905,10.);
#1956=VECTOR('',#6906,10.);
#1957=VECTOR('',#6909,10.);
#1958=VECTOR('',#6910,10.);
#1959=VECTOR('',#6911,10.);
#1960=VECTOR('',#6914,10.);
#1961=VECTOR('',#6915,10.);
#1962=VECTOR('',#6916,10.);
#1963=VECTOR('',#6919,10.);
#1964=VECTOR('',#6920,10.);
#1965=VECTOR('',#6921,10.);
#1966=VECTOR('',#6924,10.);
#1967=VECTOR('',#6925,10.);
#1968=VECTOR('',#6926,10.);
#1969=VECTOR('',#6929,10.);
#1970=VECTOR('',#6930,10.);
#1971=VECTOR('',#6931,10.);
#1972=VECTOR('',#6934,10.);
#1973=VECTOR('',#6935,10.);
#1974=VECTOR('',#6936,10.);
#1975=VECTOR('',#6939,10.);
#1976=VECTOR('',#6940,10.);
#1977=VECTOR('',#6941,10.);
#1978=VECTOR('',#6944,10.);
#1979=VECTOR('',#6945,10.);
#1980=VECTOR('',#6946,10.);
#1981=VECTOR('',#6949,10.);
#1982=VECTOR('',#6950,10.);
#1983=VECTOR('',#6951,10.);
#1984=VECTOR('',#6954,10.);
#1985=VECTOR('',#6955,10.);
#1986=VECTOR('',#6956,10.);
#1987=VECTOR('',#6959,10.);
#1988=VECTOR('',#6960,10.);
#1989=VECTOR('',#6961,10.);
#1990=VECTOR('',#6964,10.);
#1991=VECTOR('',#6965,10.);
#1992=VECTOR('',#6966,10.);
#1993=VECTOR('',#6969,10.);
#1994=VECTOR('',#6970,10.);
#1995=VECTOR('',#6971,10.);
#1996=VECTOR('',#6974,10.);
#1997=VECTOR('',#6975,10.);
#1998=VECTOR('',#6976,10.);
#1999=VECTOR('',#6979,10.);
#2000=VECTOR('',#6980,10.);
#2001=VECTOR('',#6981,10.);
#2002=VECTOR('',#6984,10.);
#2003=VECTOR('',#6985,10.);
#2004=VECTOR('',#6986,10.);
#2005=VECTOR('',#6989,10.);
#2006=VECTOR('',#6990,10.);
#2007=VECTOR('',#6991,10.);
#2008=VECTOR('',#6994,10.);
#2009=VECTOR('',#6995,10.);
#2010=VECTOR('',#6996,10.);
#2011=VECTOR('',#6999,10.);
#2012=VECTOR('',#7000,10.);
#2013=VECTOR('',#7001,10.);
#2014=VECTOR('',#7004,10.);
#2015=VECTOR('',#7005,10.);
#2016=VECTOR('',#7006,10.);
#2017=VECTOR('',#7009,10.);
#2018=VECTOR('',#7010,10.);
#2019=VECTOR('',#7011,10.);
#2020=VECTOR('',#7014,10.);
#2021=VECTOR('',#7015,10.);
#2022=VECTOR('',#7016,10.);
#2023=VECTOR('',#7019,10.);
#2024=VECTOR('',#7020,10.);
#2025=VECTOR('',#7021,10.);
#2026=VECTOR('',#7024,10.);
#2027=VECTOR('',#7025,10.);
#2028=VECTOR('',#7026,10.);
#2029=VECTOR('',#7029,10.);
#2030=VECTOR('',#7030,10.);
#2031=VECTOR('',#7031,10.);
#2032=VECTOR('',#7034,10.);
#2033=VECTOR('',#7035,10.);
#2034=VECTOR('',#7042,10.);
#2035=VECTOR('',#7043,10.);
#2036=VECTOR('',#7044,10.);
#2037=VECTOR('',#7045,10.);
#2038=VECTOR('',#7048,10.);
#2039=VECTOR('',#7049,10.);
#2040=VECTOR('',#7050,10.);
#2041=VECTOR('',#7053,10.);
#2042=VECTOR('',#7054,10.);
#2043=VECTOR('',#7055,10.);
#2044=VECTOR('',#7058,10.);
#2045=VECTOR('',#7059,10.);
#2046=VECTOR('',#7066,10.);
#2047=VECTOR('',#7067,10.);
#2048=VECTOR('',#7068,10.);
#2049=VECTOR('',#7069,10.);
#2050=VECTOR('',#7072,10.);
#2051=VECTOR('',#7073,10.);
#2052=VECTOR('',#7074,10.);
#2053=VECTOR('',#7077,10.);
#2054=VECTOR('',#7078,10.);
#2055=VECTOR('',#7079,10.);
#2056=VECTOR('',#7082,10.);
#2057=VECTOR('',#7083,10.);
#2058=VECTOR('',#7090,10.);
#2059=VECTOR('',#7091,10.);
#2060=VECTOR('',#7092,10.);
#2061=VECTOR('',#7093,10.);
#2062=VECTOR('',#7096,10.);
#2063=VECTOR('',#7097,10.);
#2064=VECTOR('',#7098,10.);
#2065=VECTOR('',#7101,10.);
#2066=VECTOR('',#7102,10.);
#2067=VECTOR('',#7103,10.);
#2068=VECTOR('',#7106,10.);
#2069=VECTOR('',#7107,10.);
#2070=VECTOR('',#7114,10.);
#2071=VECTOR('',#7115,10.);
#2072=VECTOR('',#7116,10.);
#2073=VECTOR('',#7117,10.);
#2074=VECTOR('',#7120,10.);
#2075=VECTOR('',#7121,10.);
#2076=VECTOR('',#7122,10.);
#2077=VECTOR('',#7125,10.);
#2078=VECTOR('',#7126,10.);
#2079=VECTOR('',#7127,10.);
#2080=VECTOR('',#7130,10.);
#2081=VECTOR('',#7131,10.);
#2082=VECTOR('',#7138,10.);
#2083=VECTOR('',#7139,10.);
#2084=VECTOR('',#7140,10.);
#2085=VECTOR('',#7141,10.);
#2086=VECTOR('',#7144,10.);
#2087=VECTOR('',#7145,10.);
#2088=VECTOR('',#7146,10.);
#2089=VECTOR('',#7149,10.);
#2090=VECTOR('',#7150,10.);
#2091=VECTOR('',#7151,10.);
#2092=VECTOR('',#7154,10.);
#2093=VECTOR('',#7155,10.);
#2094=VECTOR('',#7162,10.);
#2095=VECTOR('',#7163,10.);
#2096=VECTOR('',#7164,10.);
#2097=VECTOR('',#7165,10.);
#2098=VECTOR('',#7168,10.);
#2099=VECTOR('',#7169,10.);
#2100=VECTOR('',#7170,10.);
#2101=VECTOR('',#7173,10.);
#2102=VECTOR('',#7174,10.);
#2103=VECTOR('',#7175,10.);
#2104=VECTOR('',#7178,10.);
#2105=VECTOR('',#7179,10.);
#2106=VECTOR('',#7186,10.);
#2107=VECTOR('',#7187,10.);
#2108=VECTOR('',#7188,10.);
#2109=VECTOR('',#7189,10.);
#2110=VECTOR('',#7192,10.);
#2111=VECTOR('',#7193,10.);
#2112=VECTOR('',#7194,10.);
#2113=VECTOR('',#7197,10.);
#2114=VECTOR('',#7198,10.);
#2115=VECTOR('',#7199,10.);
#2116=VECTOR('',#7202,10.);
#2117=VECTOR('',#7203,10.);
#2118=VECTOR('',#7210,10.);
#2119=VECTOR('',#7211,10.);
#2120=VECTOR('',#7212,10.);
#2121=VECTOR('',#7213,10.);
#2122=VECTOR('',#7216,10.);
#2123=VECTOR('',#7217,10.);
#2124=VECTOR('',#7218,10.);
#2125=VECTOR('',#7221,10.);
#2126=VECTOR('',#7222,10.);
#2127=VECTOR('',#7223,10.);
#2128=VECTOR('',#7226,10.);
#2129=VECTOR('',#7227,10.);
#2130=VECTOR('',#7234,10.);
#2131=VECTOR('',#7235,10.);
#2132=VECTOR('',#7236,10.);
#2133=VECTOR('',#7237,10.);
#2134=VECTOR('',#7240,10.);
#2135=VECTOR('',#7241,10.);
#2136=VECTOR('',#7242,10.);
#2137=VECTOR('',#7245,10.);
#2138=VECTOR('',#7246,10.);
#2139=VECTOR('',#7247,10.);
#2140=VECTOR('',#7250,10.);
#2141=VECTOR('',#7251,10.);
#2142=VECTOR('',#7258,10.);
#2143=VECTOR('',#7259,10.);
#2144=VECTOR('',#7260,10.);
#2145=VECTOR('',#7261,10.);
#2146=VECTOR('',#7264,10.);
#2147=VECTOR('',#7265,10.);
#2148=VECTOR('',#7266,10.);
#2149=VECTOR('',#7269,10.);
#2150=VECTOR('',#7270,10.);
#2151=VECTOR('',#7271,10.);
#2152=VECTOR('',#7274,10.);
#2153=VECTOR('',#7275,10.);
#2154=VECTOR('',#7282,10.);
#2155=VECTOR('',#7283,10.);
#2156=VECTOR('',#7284,10.);
#2157=VECTOR('',#7285,10.);
#2158=VECTOR('',#7288,10.);
#2159=VECTOR('',#7289,10.);
#2160=VECTOR('',#7290,10.);
#2161=VECTOR('',#7293,10.);
#2162=VECTOR('',#7294,10.);
#2163=VECTOR('',#7295,10.);
#2164=VECTOR('',#7298,10.);
#2165=VECTOR('',#7299,10.);
#2166=VECTOR('',#7306,10.);
#2167=VECTOR('',#7307,10.);
#2168=VECTOR('',#7308,10.);
#2169=VECTOR('',#7309,10.);
#2170=VECTOR('',#7312,10.);
#2171=VECTOR('',#7313,10.);
#2172=VECTOR('',#7314,10.);
#2173=VECTOR('',#7317,10.);
#2174=VECTOR('',#7318,10.);
#2175=VECTOR('',#7319,10.);
#2176=VECTOR('',#7322,10.);
#2177=VECTOR('',#7323,10.);
#2178=VECTOR('',#7330,10.);
#2179=VECTOR('',#7331,10.);
#2180=VECTOR('',#7332,10.);
#2181=VECTOR('',#7333,10.);
#2182=VECTOR('',#7336,10.);
#2183=VECTOR('',#7337,10.);
#2184=VECTOR('',#7338,10.);
#2185=VECTOR('',#7341,10.);
#2186=VECTOR('',#7342,10.);
#2187=VECTOR('',#7343,10.);
#2188=VECTOR('',#7346,10.);
#2189=VECTOR('',#7347,10.);
#2190=VECTOR('',#7354,10.);
#2191=VECTOR('',#7355,10.);
#2192=VECTOR('',#7356,10.);
#2193=VECTOR('',#7357,10.);
#2194=VECTOR('',#7360,10.);
#2195=VECTOR('',#7361,10.);
#2196=VECTOR('',#7362,10.);
#2197=VECTOR('',#7365,10.);
#2198=VECTOR('',#7366,10.);
#2199=VECTOR('',#7367,10.);
#2200=VECTOR('',#7370,10.);
#2201=VECTOR('',#7371,10.);
#2202=VECTOR('',#7378,10.);
#2203=VECTOR('',#7379,10.);
#2204=VECTOR('',#7380,10.);
#2205=VECTOR('',#7381,10.);
#2206=VECTOR('',#7384,10.);
#2207=VECTOR('',#7385,10.);
#2208=VECTOR('',#7386,10.);
#2209=VECTOR('',#7389,10.);
#2210=VECTOR('',#7390,10.);
#2211=VECTOR('',#7391,10.);
#2212=VECTOR('',#7394,10.);
#2213=VECTOR('',#7395,10.);
#2214=VECTOR('',#7402,10.);
#2215=VECTOR('',#7403,10.);
#2216=VECTOR('',#7404,10.);
#2217=VECTOR('',#7405,10.);
#2218=VECTOR('',#7408,10.);
#2219=VECTOR('',#7409,10.);
#2220=VECTOR('',#7410,10.);
#2221=VECTOR('',#7413,10.);
#2222=VECTOR('',#7414,10.);
#2223=VECTOR('',#7415,10.);
#2224=VECTOR('',#7418,10.);
#2225=VECTOR('',#7419,10.);
#2226=VECTOR('',#7426,10.);
#2227=VECTOR('',#7427,10.);
#2228=VECTOR('',#7428,10.);
#2229=VECTOR('',#7429,10.);
#2230=VECTOR('',#7432,10.);
#2231=VECTOR('',#7433,10.);
#2232=VECTOR('',#7434,10.);
#2233=VECTOR('',#7437,10.);
#2234=VECTOR('',#7438,10.);
#2235=VECTOR('',#7439,10.);
#2236=VECTOR('',#7442,10.);
#2237=VECTOR('',#7443,10.);
#2238=VECTOR('',#7450,10.);
#2239=VECTOR('',#7451,10.);
#2240=VECTOR('',#7452,10.);
#2241=VECTOR('',#7453,10.);
#2242=VECTOR('',#7456,10.);
#2243=VECTOR('',#7457,10.);
#2244=VECTOR('',#7458,10.);
#2245=VECTOR('',#7461,10.);
#2246=VECTOR('',#7462,10.);
#2247=VECTOR('',#7463,10.);
#2248=VECTOR('',#7466,10.);
#2249=VECTOR('',#7467,10.);
#2250=VECTOR('',#7476,10.);
#2251=VECTOR('',#7477,10.);
#2252=VECTOR('',#7478,10.);
#2253=VECTOR('',#7479,10.);
#2254=VECTOR('',#7482,10.);
#2255=VECTOR('',#7483,10.);
#2256=VECTOR('',#7484,10.);
#2257=VECTOR('',#7487,10.);
#2258=VECTOR('',#7488,10.);
#2259=VECTOR('',#7489,10.);
#2260=VECTOR('',#7492,10.);
#2261=VECTOR('',#7493,10.);
#2262=VECTOR('',#7500,10.);
#2263=VECTOR('',#7501,10.);
#2264=VECTOR('',#7502,10.);
#2265=VECTOR('',#7503,10.);
#2266=VECTOR('',#7506,10.);
#2267=VECTOR('',#7507,10.);
#2268=VECTOR('',#7508,10.);
#2269=VECTOR('',#7511,10.);
#2270=VECTOR('',#7512,10.);
#2271=VECTOR('',#7513,10.);
#2272=VECTOR('',#7516,10.);
#2273=VECTOR('',#7517,10.);
#2274=VECTOR('',#7524,10.);
#2275=VECTOR('',#7525,10.);
#2276=VECTOR('',#7526,10.);
#2277=VECTOR('',#7527,10.);
#2278=VECTOR('',#7530,10.);
#2279=VECTOR('',#7531,10.);
#2280=VECTOR('',#7532,10.);
#2281=VECTOR('',#7535,10.);
#2282=VECTOR('',#7536,10.);
#2283=VECTOR('',#7537,10.);
#2284=VECTOR('',#7540,10.);
#2285=VECTOR('',#7541,10.);
#2286=VECTOR('',#7548,10.);
#2287=VECTOR('',#7549,10.);
#2288=VECTOR('',#7550,10.);
#2289=VECTOR('',#7551,10.);
#2290=VECTOR('',#7554,10.);
#2291=VECTOR('',#7555,10.);
#2292=VECTOR('',#7556,10.);
#2293=VECTOR('',#7559,10.);
#2294=VECTOR('',#7560,10.);
#2295=VECTOR('',#7561,10.);
#2296=VECTOR('',#7564,10.);
#2297=VECTOR('',#7565,10.);
#2298=VECTOR('',#7572,10.);
#2299=VECTOR('',#7573,10.);
#2300=VECTOR('',#7574,10.);
#2301=VECTOR('',#7575,10.);
#2302=VECTOR('',#7578,10.);
#2303=VECTOR('',#7579,10.);
#2304=VECTOR('',#7580,10.);
#2305=VECTOR('',#7583,10.);
#2306=VECTOR('',#7584,10.);
#2307=VECTOR('',#7585,10.);
#2308=VECTOR('',#7588,10.);
#2309=VECTOR('',#7589,10.);
#2310=VECTOR('',#7590,10.);
#2311=VECTOR('',#7593,10.);
#2312=VECTOR('',#7594,10.);
#2313=VECTOR('',#7601,10.);
#2314=VECTOR('',#7602,10.);
#2315=VECTOR('',#7603,10.);
#2316=VECTOR('',#7604,10.);
#2317=VECTOR('',#7607,10.);
#2318=VECTOR('',#7608,10.);
#2319=VECTOR('',#7609,10.);
#2320=VECTOR('',#7612,10.);
#2321=VECTOR('',#7613,10.);
#2322=VECTOR('',#7614,10.);
#2323=VECTOR('',#7617,10.);
#2324=VECTOR('',#7618,10.);
#2325=VERTEX_POINT('',#7630);
#2326=VERTEX_POINT('',#7631);
#2327=VERTEX_POINT('',#7633);
#2328=VERTEX_POINT('',#7635);
#2329=VERTEX_POINT('',#7639);
#2330=VERTEX_POINT('',#7640);
#2331=VERTEX_POINT('',#7642);
#2332=VERTEX_POINT('',#7644);
#2333=VERTEX_POINT('',#7648);
#2334=VERTEX_POINT('',#7649);
#2335=VERTEX_POINT('',#7651);
#2336=VERTEX_POINT('',#7653);
#2337=VERTEX_POINT('',#7657);
#2338=VERTEX_POINT('',#7658);
#2339=VERTEX_POINT('',#7660);
#2340=VERTEX_POINT('',#7662);
#2341=VERTEX_POINT('',#7666);
#2342=VERTEX_POINT('',#7667);
#2343=VERTEX_POINT('',#7669);
#2344=VERTEX_POINT('',#7671);
#2345=VERTEX_POINT('',#7675);
#2346=VERTEX_POINT('',#7676);
#2347=VERTEX_POINT('',#7678);
#2348=VERTEX_POINT('',#7680);
#2349=VERTEX_POINT('',#7684);
#2350=VERTEX_POINT('',#7686);
#2351=VERTEX_POINT('',#7690);
#2352=VERTEX_POINT('',#7694);
#2353=VERTEX_POINT('',#7696);
#2354=VERTEX_POINT('',#7700);
#2355=VERTEX_POINT('',#7704);
#2356=VERTEX_POINT('',#7706);
#2357=VERTEX_POINT('',#7710);
#2358=VERTEX_POINT('',#7714);
#2359=VERTEX_POINT('',#7716);
#2360=VERTEX_POINT('',#7720);
#2361=VERTEX_POINT('',#7724);
#2362=VERTEX_POINT('',#7726);
#2363=VERTEX_POINT('',#7730);
#2364=VERTEX_POINT('',#7734);
#2365=VERTEX_POINT('',#7736);
#2366=VERTEX_POINT('',#7740);
#2367=VERTEX_POINT('',#7744);
#2368=VERTEX_POINT('',#7745);
#2369=VERTEX_POINT('',#7747);
#2370=VERTEX_POINT('',#7749);
#2371=VERTEX_POINT('',#7753);
#2372=VERTEX_POINT('',#7754);
#2373=VERTEX_POINT('',#7756);
#2374=VERTEX_POINT('',#7758);
#2375=VERTEX_POINT('',#7762);
#2376=VERTEX_POINT('',#7763);
#2377=VERTEX_POINT('',#7765);
#2378=VERTEX_POINT('',#7767);
#2379=VERTEX_POINT('',#7771);
#2380=VERTEX_POINT('',#7772);
#2381=VERTEX_POINT('',#7774);
#2382=VERTEX_POINT('',#7776);
#2383=VERTEX_POINT('',#7780);
#2384=VERTEX_POINT('',#7781);
#2385=VERTEX_POINT('',#7783);
#2386=VERTEX_POINT('',#7785);
#2387=VERTEX_POINT('',#7789);
#2388=VERTEX_POINT('',#7790);
#2389=VERTEX_POINT('',#7792);
#2390=VERTEX_POINT('',#7794);
#2391=VERTEX_POINT('',#7798);
#2392=VERTEX_POINT('',#7800);
#2393=VERTEX_POINT('',#7804);
#2394=VERTEX_POINT('',#7808);
#2395=VERTEX_POINT('',#7812);
#2396=VERTEX_POINT('',#7814);
#2397=VERTEX_POINT('',#7818);
#2398=VERTEX_POINT('',#7822);
#2399=VERTEX_POINT('',#7826);
#2400=VERTEX_POINT('',#7828);
#2401=VERTEX_POINT('',#7832);
#2402=VERTEX_POINT('',#7836);
#2403=VERTEX_POINT('',#7840);
#2404=VERTEX_POINT('',#7842);
#2405=VERTEX_POINT('',#7846);
#2406=VERTEX_POINT('',#7850);
#2407=VERTEX_POINT('',#7854);
#2408=VERTEX_POINT('',#7856);
#2409=VERTEX_POINT('',#7860);
#2410=VERTEX_POINT('',#7864);
#2411=VERTEX_POINT('',#7868);
#2412=VERTEX_POINT('',#7870);
#2413=VERTEX_POINT('',#7874);
#2414=VERTEX_POINT('',#7878);
#2415=VERTEX_POINT('',#7882);
#2416=VERTEX_POINT('',#7888);
#2417=VERTEX_POINT('',#7894);
#2418=VERTEX_POINT('',#7900);
#2419=VERTEX_POINT('',#7906);
#2420=VERTEX_POINT('',#7912);
#2421=VERTEX_POINT('',#7918);
#2422=VERTEX_POINT('',#7919);
#2423=VERTEX_POINT('',#7921);
#2424=VERTEX_POINT('',#7923);
#2425=VERTEX_POINT('',#7927);
#2426=VERTEX_POINT('',#7929);
#2427=VERTEX_POINT('',#7933);
#2428=VERTEX_POINT('',#7935);
#2429=VERTEX_POINT('',#7943);
#2430=VERTEX_POINT('',#7944);
#2431=VERTEX_POINT('',#7946);
#2432=VERTEX_POINT('',#7948);
#2433=VERTEX_POINT('',#7952);
#2434=VERTEX_POINT('',#7953);
#2435=VERTEX_POINT('',#7955);
#2436=VERTEX_POINT('',#7963);
#2437=VERTEX_POINT('',#7970);
#2438=VERTEX_POINT('',#7972);
#2439=VERTEX_POINT('',#7974);
#2440=VERTEX_POINT('',#7976);
#2441=VERTEX_POINT('',#7978);
#2442=VERTEX_POINT('',#7980);
#2443=VERTEX_POINT('',#7982);
#2444=VERTEX_POINT('',#7984);
#2445=VERTEX_POINT('',#7986);
#2446=VERTEX_POINT('',#7988);
#2447=VERTEX_POINT('',#7990);
#2448=VERTEX_POINT('',#7992);
#2449=VERTEX_POINT('',#7996);
#2450=VERTEX_POINT('',#8000);
#2451=VERTEX_POINT('',#8004);
#2452=VERTEX_POINT('',#8005);
#2453=VERTEX_POINT('',#8007);
#2454=VERTEX_POINT('',#8009);
#2455=VERTEX_POINT('',#8013);
#2456=VERTEX_POINT('',#8015);
#2457=VERTEX_POINT('',#8019);
#2458=VERTEX_POINT('',#8021);
#2459=VERTEX_POINT('',#8027);
#2460=VERTEX_POINT('',#8029);
#2461=VERTEX_POINT('',#8033);
#2462=VERTEX_POINT('',#8035);
#2463=VERTEX_POINT('',#8041);
#2464=VERTEX_POINT('',#8042);
#2465=VERTEX_POINT('',#8044);
#2466=VERTEX_POINT('',#8046);
#2467=VERTEX_POINT('',#8050);
#2468=VERTEX_POINT('',#8052);
#2469=VERTEX_POINT('',#8056);
#2470=VERTEX_POINT('',#8060);
#2471=VERTEX_POINT('',#8062);
#2472=VERTEX_POINT('',#8066);
#2473=VERTEX_POINT('',#8068);
#2474=VERTEX_POINT('',#8076);
#2475=VERTEX_POINT('',#8077);
#2476=VERTEX_POINT('',#8079);
#2477=VERTEX_POINT('',#8081);
#2478=VERTEX_POINT('',#8085);
#2479=VERTEX_POINT('',#8087);
#2480=VERTEX_POINT('',#8091);
#2481=VERTEX_POINT('',#8093);
#2482=VERTEX_POINT('',#8097);
#2483=VERTEX_POINT('',#8101);
#2484=VERTEX_POINT('',#8102);
#2485=VERTEX_POINT('',#8104);
#2486=VERTEX_POINT('',#8106);
#2487=VERTEX_POINT('',#8125);
#2488=VERTEX_POINT('',#8126);
#2489=VERTEX_POINT('',#8128);
#2490=VERTEX_POINT('',#8130);
#2491=VERTEX_POINT('',#8134);
#2492=VERTEX_POINT('',#8136);
#2493=VERTEX_POINT('',#8140);
#2494=VERTEX_POINT('',#8142);
#2495=VERTEX_POINT('',#8150);
#2496=VERTEX_POINT('',#8151);
#2497=VERTEX_POINT('',#8153);
#2498=VERTEX_POINT('',#8155);
#2499=VERTEX_POINT('',#8159);
#2500=VERTEX_POINT('',#8161);
#2501=VERTEX_POINT('',#8165);
#2502=VERTEX_POINT('',#8167);
#2503=VERTEX_POINT('',#8175);
#2504=VERTEX_POINT('',#8176);
#2505=VERTEX_POINT('',#8178);
#2506=VERTEX_POINT('',#8180);
#2507=VERTEX_POINT('',#8184);
#2508=VERTEX_POINT('',#8186);
#2509=VERTEX_POINT('',#8190);
#2510=VERTEX_POINT('',#8192);
#2511=VERTEX_POINT('',#8200);
#2512=VERTEX_POINT('',#8201);
#2513=VERTEX_POINT('',#8203);
#2514=VERTEX_POINT('',#8205);
#2515=VERTEX_POINT('',#8209);
#2516=VERTEX_POINT('',#8211);
#2517=VERTEX_POINT('',#8215);
#2518=VERTEX_POINT('',#8217);
#2519=VERTEX_POINT('',#8225);
#2520=VERTEX_POINT('',#8226);
#2521=VERTEX_POINT('',#8228);
#2522=VERTEX_POINT('',#8230);
#2523=VERTEX_POINT('',#8234);
#2524=VERTEX_POINT('',#8236);
#2525=VERTEX_POINT('',#8240);
#2526=VERTEX_POINT('',#8242);
#2527=VERTEX_POINT('',#8250);
#2528=VERTEX_POINT('',#8251);
#2529=VERTEX_POINT('',#8253);
#2530=VERTEX_POINT('',#8255);
#2531=VERTEX_POINT('',#8259);
#2532=VERTEX_POINT('',#8261);
#2533=VERTEX_POINT('',#8265);
#2534=VERTEX_POINT('',#8267);
#2535=VERTEX_POINT('',#8275);
#2536=VERTEX_POINT('',#8276);
#2537=VERTEX_POINT('',#8278);
#2538=VERTEX_POINT('',#8280);
#2539=VERTEX_POINT('',#8284);
#2540=VERTEX_POINT('',#8286);
#2541=VERTEX_POINT('',#8290);
#2542=VERTEX_POINT('',#8292);
#2543=VERTEX_POINT('',#8299);
#2544=VERTEX_POINT('',#8300);
#2545=VERTEX_POINT('',#8302);
#2546=VERTEX_POINT('',#8304);
#2547=VERTEX_POINT('',#8308);
#2548=VERTEX_POINT('',#8310);
#2549=VERTEX_POINT('',#8314);
#2550=VERTEX_POINT('',#8316);
#2551=VERTEX_POINT('',#8323);
#2552=VERTEX_POINT('',#8324);
#2553=VERTEX_POINT('',#8326);
#2554=VERTEX_POINT('',#8328);
#2555=VERTEX_POINT('',#8332);
#2556=VERTEX_POINT('',#8334);
#2557=VERTEX_POINT('',#8338);
#2558=VERTEX_POINT('',#8340);
#2559=VERTEX_POINT('',#8347);
#2560=VERTEX_POINT('',#8348);
#2561=VERTEX_POINT('',#8350);
#2562=VERTEX_POINT('',#8352);
#2563=VERTEX_POINT('',#8356);
#2564=VERTEX_POINT('',#8358);
#2565=VERTEX_POINT('',#8362);
#2566=VERTEX_POINT('',#8364);
#2567=VERTEX_POINT('',#8371);
#2568=VERTEX_POINT('',#8372);
#2569=VERTEX_POINT('',#8374);
#2570=VERTEX_POINT('',#8376);
#2571=VERTEX_POINT('',#8380);
#2572=VERTEX_POINT('',#8382);
#2573=VERTEX_POINT('',#8386);
#2574=VERTEX_POINT('',#8388);
#2575=VERTEX_POINT('',#8395);
#2576=VERTEX_POINT('',#8396);
#2577=VERTEX_POINT('',#8398);
#2578=VERTEX_POINT('',#8400);
#2579=VERTEX_POINT('',#8404);
#2580=VERTEX_POINT('',#8406);
#2581=VERTEX_POINT('',#8410);
#2582=VERTEX_POINT('',#8412);
#2583=VERTEX_POINT('',#8419);
#2584=VERTEX_POINT('',#8420);
#2585=VERTEX_POINT('',#8422);
#2586=VERTEX_POINT('',#8424);
#2587=VERTEX_POINT('',#8428);
#2588=VERTEX_POINT('',#8430);
#2589=VERTEX_POINT('',#8434);
#2590=VERTEX_POINT('',#8436);
#2591=VERTEX_POINT('',#8445);
#2592=VERTEX_POINT('',#8446);
#2593=VERTEX_POINT('',#8448);
#2594=VERTEX_POINT('',#8450);
#2595=VERTEX_POINT('',#8454);
#2596=VERTEX_POINT('',#8456);
#2597=VERTEX_POINT('',#8460);
#2598=VERTEX_POINT('',#8462);
#2599=VERTEX_POINT('',#8466);
#2600=VERTEX_POINT('',#8468);
#2601=VERTEX_POINT('',#8472);
#2602=VERTEX_POINT('',#8474);
#2603=VERTEX_POINT('',#8478);
#2604=VERTEX_POINT('',#8480);
#2605=VERTEX_POINT('',#8484);
#2606=VERTEX_POINT('',#8486);
#2607=VERTEX_POINT('',#8490);
#2608=VERTEX_POINT('',#8492);
#2609=VERTEX_POINT('',#8496);
#2610=VERTEX_POINT('',#8498);
#2611=VERTEX_POINT('',#8502);
#2612=VERTEX_POINT('',#8504);
#2613=VERTEX_POINT('',#8508);
#2614=VERTEX_POINT('',#8510);
#2615=VERTEX_POINT('',#8514);
#2616=VERTEX_POINT('',#8516);
#2617=VERTEX_POINT('',#8520);
#2618=VERTEX_POINT('',#8522);
#2619=VERTEX_POINT('',#8526);
#2620=VERTEX_POINT('',#8528);
#2621=VERTEX_POINT('',#8532);
#2622=VERTEX_POINT('',#8534);
#2623=VERTEX_POINT('',#8538);
#2624=VERTEX_POINT('',#8540);
#2625=VERTEX_POINT('',#8544);
#2626=VERTEX_POINT('',#8546);
#2627=VERTEX_POINT('',#8550);
#2628=VERTEX_POINT('',#8552);
#2629=VERTEX_POINT('',#8556);
#2630=VERTEX_POINT('',#8558);
#2631=VERTEX_POINT('',#8562);
#2632=VERTEX_POINT('',#8564);
#2633=VERTEX_POINT('',#8568);
#2634=VERTEX_POINT('',#8570);
#2635=VERTEX_POINT('',#8574);
#2636=VERTEX_POINT('',#8576);
#2637=VERTEX_POINT('',#8580);
#2638=VERTEX_POINT('',#8582);
#2639=VERTEX_POINT('',#8586);
#2640=VERTEX_POINT('',#8588);
#2641=VERTEX_POINT('',#8592);
#2642=VERTEX_POINT('',#8594);
#2643=VERTEX_POINT('',#8598);
#2644=VERTEX_POINT('',#8600);
#2645=VERTEX_POINT('',#8604);
#2646=VERTEX_POINT('',#8606);
#2647=VERTEX_POINT('',#8615);
#2648=VERTEX_POINT('',#8616);
#2649=VERTEX_POINT('',#8618);
#2650=VERTEX_POINT('',#8620);
#2651=VERTEX_POINT('',#8624);
#2652=VERTEX_POINT('',#8626);
#2653=VERTEX_POINT('',#8630);
#2654=VERTEX_POINT('',#8632);
#2655=VERTEX_POINT('',#8641);
#2656=VERTEX_POINT('',#8642);
#2657=VERTEX_POINT('',#8644);
#2658=VERTEX_POINT('',#8646);
#2659=VERTEX_POINT('',#8650);
#2660=VERTEX_POINT('',#8652);
#2661=VERTEX_POINT('',#8656);
#2662=VERTEX_POINT('',#8658);
#2663=VERTEX_POINT('',#8667);
#2664=VERTEX_POINT('',#8668);
#2665=VERTEX_POINT('',#8670);
#2666=VERTEX_POINT('',#8672);
#2667=VERTEX_POINT('',#8676);
#2668=VERTEX_POINT('',#8678);
#2669=VERTEX_POINT('',#8682);
#2670=VERTEX_POINT('',#8684);
#2671=VERTEX_POINT('',#8693);
#2672=VERTEX_POINT('',#8694);
#2673=VERTEX_POINT('',#8696);
#2674=VERTEX_POINT('',#8698);
#2675=VERTEX_POINT('',#8702);
#2676=VERTEX_POINT('',#8704);
#2677=VERTEX_POINT('',#8708);
#2678=VERTEX_POINT('',#8710);
#2679=VERTEX_POINT('',#8719);
#2680=VERTEX_POINT('',#8720);
#2681=VERTEX_POINT('',#8722);
#2682=VERTEX_POINT('',#8724);
#2683=VERTEX_POINT('',#8728);
#2684=VERTEX_POINT('',#8730);
#2685=VERTEX_POINT('',#8734);
#2686=VERTEX_POINT('',#8736);
#2687=VERTEX_POINT('',#8745);
#2688=VERTEX_POINT('',#8746);
#2689=VERTEX_POINT('',#8748);
#2690=VERTEX_POINT('',#8750);
#2691=VERTEX_POINT('',#8754);
#2692=VERTEX_POINT('',#8756);
#2693=VERTEX_POINT('',#8760);
#2694=VERTEX_POINT('',#8762);
#2695=VERTEX_POINT('',#8771);
#2696=VERTEX_POINT('',#8772);
#2697=VERTEX_POINT('',#8774);
#2698=VERTEX_POINT('',#8776);
#2699=VERTEX_POINT('',#8780);
#2700=VERTEX_POINT('',#8782);
#2701=VERTEX_POINT('',#8786);
#2702=VERTEX_POINT('',#8788);
#2703=VERTEX_POINT('',#8797);
#2704=VERTEX_POINT('',#8798);
#2705=VERTEX_POINT('',#8800);
#2706=VERTEX_POINT('',#8802);
#2707=VERTEX_POINT('',#8806);
#2708=VERTEX_POINT('',#8808);
#2709=VERTEX_POINT('',#8812);
#2710=VERTEX_POINT('',#8814);
#2711=VERTEX_POINT('',#8823);
#2712=VERTEX_POINT('',#8824);
#2713=VERTEX_POINT('',#8826);
#2714=VERTEX_POINT('',#8828);
#2715=VERTEX_POINT('',#8832);
#2716=VERTEX_POINT('',#8834);
#2717=VERTEX_POINT('',#8838);
#2718=VERTEX_POINT('',#8840);
#2719=VERTEX_POINT('',#8849);
#2720=VERTEX_POINT('',#8850);
#2721=VERTEX_POINT('',#8852);
#2722=VERTEX_POINT('',#8854);
#2723=VERTEX_POINT('',#8858);
#2724=VERTEX_POINT('',#8860);
#2725=VERTEX_POINT('',#8864);
#2726=VERTEX_POINT('',#8866);
#2727=VERTEX_POINT('',#8875);
#2728=VERTEX_POINT('',#8876);
#2729=VERTEX_POINT('',#8878);
#2730=VERTEX_POINT('',#8880);
#2731=VERTEX_POINT('',#8884);
#2732=VERTEX_POINT('',#8886);
#2733=VERTEX_POINT('',#8890);
#2734=VERTEX_POINT('',#8892);
#2735=VERTEX_POINT('',#8901);
#2736=VERTEX_POINT('',#8902);
#2737=VERTEX_POINT('',#8904);
#2738=VERTEX_POINT('',#8906);
#2739=VERTEX_POINT('',#8910);
#2740=VERTEX_POINT('',#8912);
#2741=VERTEX_POINT('',#8916);
#2742=VERTEX_POINT('',#8918);
#2743=VERTEX_POINT('',#8927);
#2744=VERTEX_POINT('',#8928);
#2745=VERTEX_POINT('',#8930);
#2746=VERTEX_POINT('',#8932);
#2747=VERTEX_POINT('',#8936);
#2748=VERTEX_POINT('',#8938);
#2749=VERTEX_POINT('',#8942);
#2750=VERTEX_POINT('',#8944);
#2751=VERTEX_POINT('',#8953);
#2752=VERTEX_POINT('',#8954);
#2753=VERTEX_POINT('',#8956);
#2754=VERTEX_POINT('',#8958);
#2755=VERTEX_POINT('',#8962);
#2756=VERTEX_POINT('',#8964);
#2757=VERTEX_POINT('',#8968);
#2758=VERTEX_POINT('',#8970);
#2759=VERTEX_POINT('',#8979);
#2760=VERTEX_POINT('',#8980);
#2761=VERTEX_POINT('',#8982);
#2762=VERTEX_POINT('',#8984);
#2763=VERTEX_POINT('',#8988);
#2764=VERTEX_POINT('',#8990);
#2765=VERTEX_POINT('',#8994);
#2766=VERTEX_POINT('',#8996);
#2767=VERTEX_POINT('',#9005);
#2768=VERTEX_POINT('',#9006);
#2769=VERTEX_POINT('',#9008);
#2770=VERTEX_POINT('',#9010);
#2771=VERTEX_POINT('',#9014);
#2772=VERTEX_POINT('',#9016);
#2773=VERTEX_POINT('',#9020);
#2774=VERTEX_POINT('',#9022);
#2775=VERTEX_POINT('',#9031);
#2776=VERTEX_POINT('',#9032);
#2777=VERTEX_POINT('',#9034);
#2778=VERTEX_POINT('',#9036);
#2779=VERTEX_POINT('',#9040);
#2780=VERTEX_POINT('',#9042);
#2781=VERTEX_POINT('',#9046);
#2782=VERTEX_POINT('',#9048);
#2783=VERTEX_POINT('',#9057);
#2784=VERTEX_POINT('',#9058);
#2785=VERTEX_POINT('',#9060);
#2786=VERTEX_POINT('',#9062);
#2787=VERTEX_POINT('',#9066);
#2788=VERTEX_POINT('',#9068);
#2789=VERTEX_POINT('',#9072);
#2790=VERTEX_POINT('',#9074);
#2791=VERTEX_POINT('',#9084);
#2792=VERTEX_POINT('',#9085);
#2793=VERTEX_POINT('',#9087);
#2794=VERTEX_POINT('',#9089);
#2795=VERTEX_POINT('',#9093);
#2796=VERTEX_POINT('',#9095);
#2797=VERTEX_POINT('',#9099);
#2798=VERTEX_POINT('',#9101);
#2799=VERTEX_POINT('',#9110);
#2800=VERTEX_POINT('',#9111);
#2801=VERTEX_POINT('',#9113);
#2802=VERTEX_POINT('',#9115);
#2803=VERTEX_POINT('',#9119);
#2804=VERTEX_POINT('',#9121);
#2805=VERTEX_POINT('',#9125);
#2806=VERTEX_POINT('',#9127);
#2807=VERTEX_POINT('',#9136);
#2808=VERTEX_POINT('',#9137);
#2809=VERTEX_POINT('',#9139);
#2810=VERTEX_POINT('',#9141);
#2811=VERTEX_POINT('',#9145);
#2812=VERTEX_POINT('',#9147);
#2813=VERTEX_POINT('',#9151);
#2814=VERTEX_POINT('',#9153);
#2815=VERTEX_POINT('',#9162);
#2816=VERTEX_POINT('',#9163);
#2817=VERTEX_POINT('',#9165);
#2818=VERTEX_POINT('',#9167);
#2819=VERTEX_POINT('',#9171);
#2820=VERTEX_POINT('',#9173);
#2821=VERTEX_POINT('',#9177);
#2822=VERTEX_POINT('',#9179);
#2823=VERTEX_POINT('',#9188);
#2824=VERTEX_POINT('',#9189);
#2825=VERTEX_POINT('',#9191);
#2826=VERTEX_POINT('',#9193);
#2827=VERTEX_POINT('',#9197);
#2828=VERTEX_POINT('',#9199);
#2829=VERTEX_POINT('',#9203);
#2830=VERTEX_POINT('',#9205);
#2831=VERTEX_POINT('',#9209);
#2832=VERTEX_POINT('',#9211);
#2833=VERTEX_POINT('',#9220);
#2834=VERTEX_POINT('',#9221);
#2835=VERTEX_POINT('',#9223);
#2836=VERTEX_POINT('',#9225);
#2837=VERTEX_POINT('',#9229);
#2838=VERTEX_POINT('',#9231);
#2839=VERTEX_POINT('',#9235);
#2840=VERTEX_POINT('',#9237);
#2841=EDGE_CURVE('',#2325,#2326,#777,.T.);
#2842=EDGE_CURVE('',#2327,#2325,#778,.T.);
#2843=EDGE_CURVE('',#2328,#2327,#779,.T.);
#2844=EDGE_CURVE('',#2326,#2328,#780,.T.);
#2845=EDGE_CURVE('',#2329,#2330,#781,.T.);
#2846=EDGE_CURVE('',#2331,#2329,#782,.T.);
#2847=EDGE_CURVE('',#2332,#2331,#783,.T.);
#2848=EDGE_CURVE('',#2330,#2332,#784,.T.);
#2849=EDGE_CURVE('',#2333,#2334,#785,.T.);
#2850=EDGE_CURVE('',#2335,#2333,#786,.T.);
#2851=EDGE_CURVE('',#2336,#2335,#787,.T.);
#2852=EDGE_CURVE('',#2334,#2336,#788,.T.);
#2853=EDGE_CURVE('',#2337,#2338,#789,.T.);
#2854=EDGE_CURVE('',#2339,#2337,#790,.T.);
#2855=EDGE_CURVE('',#2340,#2339,#791,.T.);
#2856=EDGE_CURVE('',#2338,#2340,#792,.T.);
#2857=EDGE_CURVE('',#2341,#2342,#793,.T.);
#2858=EDGE_CURVE('',#2343,#2341,#794,.T.);
#2859=EDGE_CURVE('',#2344,#2343,#795,.T.);
#2860=EDGE_CURVE('',#2342,#2344,#796,.T.);
#2861=EDGE_CURVE('',#2345,#2346,#797,.T.);
#2862=EDGE_CURVE('',#2347,#2345,#798,.T.);
#2863=EDGE_CURVE('',#2348,#2347,#799,.T.);
#2864=EDGE_CURVE('',#2346,#2348,#800,.T.);
#2865=EDGE_CURVE('',#2325,#2349,#801,.T.);
#2866=EDGE_CURVE('',#2349,#2350,#802,.T.);
#2867=EDGE_CURVE('',#2327,#2350,#803,.T.);
#2868=EDGE_CURVE('',#2326,#2351,#804,.T.);
#2869=EDGE_CURVE('',#2351,#2349,#805,.T.);
#2870=EDGE_CURVE('',#2329,#2352,#806,.T.);
#2871=EDGE_CURVE('',#2352,#2353,#807,.T.);
#2872=EDGE_CURVE('',#2331,#2353,#808,.T.);
#2873=EDGE_CURVE('',#2330,#2354,#809,.T.);
#2874=EDGE_CURVE('',#2354,#2352,#810,.T.);
#2875=EDGE_CURVE('',#2333,#2355,#811,.T.);
#2876=EDGE_CURVE('',#2355,#2356,#812,.T.);
#2877=EDGE_CURVE('',#2335,#2356,#813,.T.);
#2878=EDGE_CURVE('',#2334,#2357,#814,.T.);
#2879=EDGE_CURVE('',#2357,#2355,#815,.T.);
#2880=EDGE_CURVE('',#2337,#2358,#816,.T.);
#2881=EDGE_CURVE('',#2358,#2359,#817,.T.);
#2882=EDGE_CURVE('',#2339,#2359,#818,.T.);
#2883=EDGE_CURVE('',#2338,#2360,#819,.T.);
#2884=EDGE_CURVE('',#2360,#2358,#820,.T.);
#2885=EDGE_CURVE('',#2341,#2361,#821,.T.);
#2886=EDGE_CURVE('',#2361,#2362,#822,.T.);
#2887=EDGE_CURVE('',#2343,#2362,#823,.T.);
#2888=EDGE_CURVE('',#2342,#2363,#824,.T.);
#2889=EDGE_CURVE('',#2363,#2361,#825,.T.);
#2890=EDGE_CURVE('',#2345,#2364,#826,.T.);
#2891=EDGE_CURVE('',#2364,#2365,#827,.T.);
#2892=EDGE_CURVE('',#2347,#2365,#828,.T.);
#2893=EDGE_CURVE('',#2346,#2366,#829,.T.);
#2894=EDGE_CURVE('',#2366,#2364,#830,.T.);
#2895=EDGE_CURVE('',#2367,#2368,#831,.T.);
#2896=EDGE_CURVE('',#2369,#2367,#832,.T.);
#2897=EDGE_CURVE('',#2370,#2369,#833,.T.);
#2898=EDGE_CURVE('',#2368,#2370,#834,.T.);
#2899=EDGE_CURVE('',#2371,#2372,#835,.T.);
#2900=EDGE_CURVE('',#2373,#2371,#836,.T.);
#2901=EDGE_CURVE('',#2374,#2373,#837,.T.);
#2902=EDGE_CURVE('',#2372,#2374,#838,.T.);
#2903=EDGE_CURVE('',#2375,#2376,#839,.T.);
#2904=EDGE_CURVE('',#2377,#2375,#840,.T.);
#2905=EDGE_CURVE('',#2378,#2377,#841,.T.);
#2906=EDGE_CURVE('',#2376,#2378,#842,.T.);
#2907=EDGE_CURVE('',#2379,#2380,#843,.T.);
#2908=EDGE_CURVE('',#2381,#2379,#844,.T.);
#2909=EDGE_CURVE('',#2382,#2381,#845,.T.);
#2910=EDGE_CURVE('',#2380,#2382,#846,.T.);
#2911=EDGE_CURVE('',#2383,#2384,#847,.T.);
#2912=EDGE_CURVE('',#2385,#2383,#848,.T.);
#2913=EDGE_CURVE('',#2386,#2385,#849,.T.);
#2914=EDGE_CURVE('',#2384,#2386,#850,.T.);
#2915=EDGE_CURVE('',#2387,#2388,#851,.T.);
#2916=EDGE_CURVE('',#2389,#2387,#852,.T.);
#2917=EDGE_CURVE('',#2390,#2389,#853,.T.);
#2918=EDGE_CURVE('',#2388,#2390,#854,.T.);
#2919=EDGE_CURVE('',#2369,#2391,#855,.T.);
#2920=EDGE_CURVE('',#2391,#2392,#856,.T.);
#2921=EDGE_CURVE('',#2370,#2392,#857,.T.);
#2922=EDGE_CURVE('',#2367,#2393,#858,.T.);
#2923=EDGE_CURVE('',#2393,#2391,#859,.T.);
#2924=EDGE_CURVE('',#2368,#2394,#860,.T.);
#2925=EDGE_CURVE('',#2394,#2393,#861,.T.);
#2926=EDGE_CURVE('',#2373,#2395,#862,.T.);
#2927=EDGE_CURVE('',#2395,#2396,#863,.T.);
#2928=EDGE_CURVE('',#2374,#2396,#864,.T.);
#2929=EDGE_CURVE('',#2371,#2397,#865,.T.);
#2930=EDGE_CURVE('',#2397,#2395,#866,.T.);
#2931=EDGE_CURVE('',#2372,#2398,#867,.T.);
#2932=EDGE_CURVE('',#2398,#2397,#868,.T.);
#2933=EDGE_CURVE('',#2377,#2399,#869,.T.);
#2934=EDGE_CURVE('',#2399,#2400,#870,.T.);
#2935=EDGE_CURVE('',#2378,#2400,#871,.T.);
#2936=EDGE_CURVE('',#2375,#2401,#872,.T.);
#2937=EDGE_CURVE('',#2401,#2399,#873,.T.);
#2938=EDGE_CURVE('',#2376,#2402,#874,.T.);
#2939=EDGE_CURVE('',#2402,#2401,#875,.T.);
#2940=EDGE_CURVE('',#2381,#2403,#876,.T.);
#2941=EDGE_CURVE('',#2403,#2404,#877,.T.);
#2942=EDGE_CURVE('',#2382,#2404,#878,.T.);
#2943=EDGE_CURVE('',#2379,#2405,#879,.T.);
#2944=EDGE_CURVE('',#2405,#2403,#880,.T.);
#2945=EDGE_CURVE('',#2380,#2406,#881,.T.);
#2946=EDGE_CURVE('',#2406,#2405,#882,.T.);
#2947=EDGE_CURVE('',#2385,#2407,#883,.T.);
#2948=EDGE_CURVE('',#2407,#2408,#884,.T.);
#2949=EDGE_CURVE('',#2386,#2408,#885,.T.);
#2950=EDGE_CURVE('',#2383,#2409,#886,.T.);
#2951=EDGE_CURVE('',#2409,#2407,#887,.T.);
#2952=EDGE_CURVE('',#2384,#2410,#888,.T.);
#2953=EDGE_CURVE('',#2410,#2409,#889,.T.);
#2954=EDGE_CURVE('',#2389,#2411,#890,.T.);
#2955=EDGE_CURVE('',#2411,#2412,#891,.T.);
#2956=EDGE_CURVE('',#2390,#2412,#892,.T.);
#2957=EDGE_CURVE('',#2387,#2413,#893,.T.);
#2958=EDGE_CURVE('',#2413,#2411,#894,.T.);
#2959=EDGE_CURVE('',#2388,#2414,#895,.T.);
#2960=EDGE_CURVE('',#2414,#2413,#896,.T.);
#2961=EDGE_CURVE('',#2340,#2415,#897,.T.);
#2962=EDGE_CURVE('',#2415,#2360,#898,.T.);
#2963=EDGE_CURVE('',#2359,#2415,#899,.T.);
#2964=EDGE_CURVE('',#2348,#2416,#900,.T.);
#2965=EDGE_CURVE('',#2416,#2366,#901,.T.);
#2966=EDGE_CURVE('',#2365,#2416,#902,.T.);
#2967=EDGE_CURVE('',#2332,#2417,#903,.T.);
#2968=EDGE_CURVE('',#2417,#2354,#904,.T.);
#2969=EDGE_CURVE('',#2353,#2417,#905,.T.);
#2970=EDGE_CURVE('',#2328,#2418,#906,.T.);
#2971=EDGE_CURVE('',#2418,#2351,#907,.T.);
#2972=EDGE_CURVE('',#2350,#2418,#908,.T.);
#2973=EDGE_CURVE('',#2344,#2419,#909,.T.);
#2974=EDGE_CURVE('',#2419,#2363,#910,.T.);
#2975=EDGE_CURVE('',#2362,#2419,#911,.T.);
#2976=EDGE_CURVE('',#2336,#2420,#912,.T.);
#2977=EDGE_CURVE('',#2420,#2357,#913,.T.);
#2978=EDGE_CURVE('',#2356,#2420,#914,.T.);
#2979=EDGE_CURVE('',#2421,#2422,#915,.T.);
#2980=EDGE_CURVE('',#2421,#2423,#916,.T.);
#2981=EDGE_CURVE('',#2423,#2424,#917,.T.);
#2982=EDGE_CURVE('',#2422,#2424,#918,.T.);
#2983=EDGE_CURVE('',#2425,#2421,#919,.T.);
#2984=EDGE_CURVE('',#2425,#2426,#920,.T.);
#2985=EDGE_CURVE('',#2426,#2423,#921,.T.);
#2986=EDGE_CURVE('',#2427,#2425,#922,.T.);
#2987=EDGE_CURVE('',#2427,#2428,#923,.T.);
#2988=EDGE_CURVE('',#2428,#2426,#924,.T.);
#2989=EDGE_CURVE('',#2422,#2427,#925,.T.);
#2990=EDGE_CURVE('',#2424,#2428,#926,.T.);
#2991=EDGE_CURVE('',#2429,#2430,#927,.T.);
#2992=EDGE_CURVE('',#2431,#2429,#928,.T.);
#2993=EDGE_CURVE('',#2431,#2432,#929,.T.);
#2994=EDGE_CURVE('',#2430,#2432,#930,.T.);
#2995=EDGE_CURVE('',#2433,#2434,#931,.T.);
#2996=EDGE_CURVE('',#2435,#2433,#932,.T.);
#2997=EDGE_CURVE('',#2435,#2398,#933,.T.);
#2998=EDGE_CURVE('',#2396,#2410,#934,.T.);
#2999=EDGE_CURVE('',#2408,#2406,#935,.T.);
#3000=EDGE_CURVE('',#2404,#2394,#936,.T.);
#3001=EDGE_CURVE('',#2392,#2402,#937,.T.);
#3002=EDGE_CURVE('',#2400,#2414,#938,.T.);
#3003=EDGE_CURVE('',#2412,#2436,#939,.T.);
#3004=EDGE_CURVE('',#2434,#2436,#940,.T.);
#3005=EDGE_CURVE('',#2432,#2435,#941,.T.);
#3006=EDGE_CURVE('',#2436,#2431,#942,.T.);
#3007=EDGE_CURVE('',#2437,#2429,#943,.T.);
#3008=EDGE_CURVE('',#2438,#2437,#944,.T.);
#3009=EDGE_CURVE('',#2438,#2439,#945,.T.);
#3010=EDGE_CURVE('',#2439,#2440,#946,.T.);
#3011=EDGE_CURVE('',#2441,#2440,#947,.T.);
#3012=EDGE_CURVE('',#2441,#2442,#948,.T.);
#3013=EDGE_CURVE('',#2442,#2443,#949,.T.);
#3014=EDGE_CURVE('',#2443,#2444,#950,.T.);
#3015=EDGE_CURVE('',#2445,#2444,#951,.T.);
#3016=EDGE_CURVE('',#2445,#2446,#952,.T.);
#3017=EDGE_CURVE('',#2446,#2447,#953,.T.);
#3018=EDGE_CURVE('',#2447,#2448,#954,.T.);
#3019=EDGE_CURVE('',#2434,#2448,#955,.T.);
#3020=EDGE_CURVE('',#2430,#2449,#956,.T.);
#3021=EDGE_CURVE('',#2449,#2437,#957,.T.);
#3022=EDGE_CURVE('',#2448,#2450,#958,.T.);
#3023=EDGE_CURVE('',#2450,#2433,#959,.T.);
#3024=EDGE_CURVE('',#2451,#2452,#960,.T.);
#3025=EDGE_CURVE('',#2451,#2453,#961,.T.);
#3026=EDGE_CURVE('',#2453,#2454,#962,.T.);
#3027=EDGE_CURVE('',#2452,#2454,#963,.T.);
#3028=EDGE_CURVE('',#2455,#2451,#964,.T.);
#3029=EDGE_CURVE('',#2455,#2456,#965,.T.);
#3030=EDGE_CURVE('',#2456,#2453,#966,.T.);
#3031=EDGE_CURVE('',#2457,#2455,#967,.T.);
#3032=EDGE_CURVE('',#2458,#2457,#968,.T.);
#3033=EDGE_CURVE('',#2458,#2456,#969,.T.);
#3034=EDGE_CURVE('',#2454,#2458,#970,.T.);
#3035=EDGE_CURVE('',#2459,#2445,#971,.T.);
#3036=EDGE_CURVE('',#2459,#2460,#972,.T.);
#3037=EDGE_CURVE('',#2460,#2446,#973,.T.);
#3038=EDGE_CURVE('',#2461,#2459,#974,.T.);
#3039=EDGE_CURVE('',#2462,#2461,#975,.T.);
#3040=EDGE_CURVE('',#2462,#2460,#976,.T.);
#3041=EDGE_CURVE('',#2447,#2462,#977,.T.);
#3042=EDGE_CURVE('',#2463,#2464,#978,.T.);
#3043=EDGE_CURVE('',#2463,#2465,#979,.T.);
#3044=EDGE_CURVE('',#2465,#2466,#980,.T.);
#3045=EDGE_CURVE('',#2464,#2466,#981,.T.);
#3046=EDGE_CURVE('',#2467,#2463,#982,.T.);
#3047=EDGE_CURVE('',#2468,#2467,#983,.T.);
#3048=EDGE_CURVE('',#2468,#2465,#984,.T.);
#3049=EDGE_CURVE('',#2469,#2468,#985,.T.);
#3050=EDGE_CURVE('',#2466,#2469,#986,.T.);
#3051=EDGE_CURVE('',#2470,#2441,#987,.T.);
#3052=EDGE_CURVE('',#2470,#2471,#988,.T.);
#3053=EDGE_CURVE('',#2471,#2442,#989,.T.);
#3054=EDGE_CURVE('',#2472,#2470,#990,.T.);
#3055=EDGE_CURVE('',#2472,#2473,#991,.T.);
#3056=EDGE_CURVE('',#2473,#2471,#992,.T.);
#3057=EDGE_CURVE('',#2444,#2472,#993,.T.);
#3058=EDGE_CURVE('',#2443,#2473,#994,.T.);
#3059=EDGE_CURVE('',#2474,#2475,#995,.T.);
#3060=EDGE_CURVE('',#2474,#2476,#996,.T.);
#3061=EDGE_CURVE('',#2476,#2477,#997,.T.);
#3062=EDGE_CURVE('',#2475,#2477,#998,.T.);
#3063=EDGE_CURVE('',#2478,#2474,#999,.T.);
#3064=EDGE_CURVE('',#2478,#2479,#1000,.T.);
#3065=EDGE_CURVE('',#2479,#2476,#1001,.T.);
#3066=EDGE_CURVE('',#2480,#2478,#1002,.T.);
#3067=EDGE_CURVE('',#2481,#2480,#1003,.T.);
#3068=EDGE_CURVE('',#2481,#2479,#1004,.T.);
#3069=EDGE_CURVE('',#2482,#2481,#1005,.T.);
#3070=EDGE_CURVE('',#2477,#2482,#1006,.T.);
#3071=EDGE_CURVE('',#2483,#2484,#1007,.T.);
#3072=EDGE_CURVE('',#2483,#2485,#1008,.T.);
#3073=EDGE_CURVE('',#2485,#2486,#1009,.T.);
#3074=EDGE_CURVE('',#2484,#2486,#1010,.T.);
#3075=EDGE_CURVE('',#2440,#2483,#1011,.T.);
#3076=EDGE_CURVE('',#2439,#2485,#1012,.T.);
#3077=EDGE_CURVE('',#2486,#2438,#1013,.T.);
#3078=EDGE_CURVE('',#2475,#2461,#1014,.T.);
#3079=EDGE_CURVE('',#2482,#2450,#1015,.T.);
#3080=EDGE_CURVE('',#2484,#2467,#1016,.T.);
#3081=EDGE_CURVE('',#2469,#2449,#1017,.T.);
#3082=EDGE_CURVE('',#2452,#2480,#1018,.T.);
#3083=EDGE_CURVE('',#2464,#2457,#1019,.T.);
#3084=EDGE_CURVE('',#2487,#2488,#1020,.T.);
#3085=EDGE_CURVE('',#2487,#2489,#1021,.T.);
#3086=EDGE_CURVE('',#2489,#2490,#1022,.T.);
#3087=EDGE_CURVE('',#2488,#2490,#1023,.T.);
#3088=EDGE_CURVE('',#2491,#2487,#1024,.T.);
#3089=EDGE_CURVE('',#2491,#2492,#1025,.T.);
#3090=EDGE_CURVE('',#2492,#2489,#1026,.T.);
#3091=EDGE_CURVE('',#2493,#2491,#1027,.T.);
#3092=EDGE_CURVE('',#2493,#2494,#1028,.T.);
#3093=EDGE_CURVE('',#2494,#2492,#1029,.T.);
#3094=EDGE_CURVE('',#2488,#2493,#1030,.T.);
#3095=EDGE_CURVE('',#2490,#2494,#1031,.T.);
#3096=EDGE_CURVE('',#2495,#2496,#1032,.T.);
#3097=EDGE_CURVE('',#2495,#2497,#1033,.T.);
#3098=EDGE_CURVE('',#2497,#2498,#1034,.T.);
#3099=EDGE_CURVE('',#2496,#2498,#1035,.T.);
#3100=EDGE_CURVE('',#2499,#2495,#1036,.T.);
#3101=EDGE_CURVE('',#2499,#2500,#1037,.T.);
#3102=EDGE_CURVE('',#2500,#2497,#1038,.T.);
#3103=EDGE_CURVE('',#2501,#2499,#1039,.T.);
#3104=EDGE_CURVE('',#2501,#2502,#1040,.T.);
#3105=EDGE_CURVE('',#2502,#2500,#1041,.T.);
#3106=EDGE_CURVE('',#2496,#2501,#1042,.T.);
#3107=EDGE_CURVE('',#2498,#2502,#1043,.T.);
#3108=EDGE_CURVE('',#2503,#2504,#1044,.T.);
#3109=EDGE_CURVE('',#2503,#2505,#1045,.T.);
#3110=EDGE_CURVE('',#2505,#2506,#1046,.T.);
#3111=EDGE_CURVE('',#2504,#2506,#1047,.T.);
#3112=EDGE_CURVE('',#2507,#2503,#1048,.T.);
#3113=EDGE_CURVE('',#2507,#2508,#1049,.T.);
#3114=EDGE_CURVE('',#2508,#2505,#1050,.T.);
#3115=EDGE_CURVE('',#2509,#2507,#1051,.T.);
#3116=EDGE_CURVE('',#2509,#2510,#1052,.T.);
#3117=EDGE_CURVE('',#2510,#2508,#1053,.T.);
#3118=EDGE_CURVE('',#2504,#2509,#1054,.T.);
#3119=EDGE_CURVE('',#2506,#2510,#1055,.T.);
#3120=EDGE_CURVE('',#2511,#2512,#1056,.T.);
#3121=EDGE_CURVE('',#2511,#2513,#1057,.T.);
#3122=EDGE_CURVE('',#2513,#2514,#1058,.T.);
#3123=EDGE_CURVE('',#2512,#2514,#1059,.T.);
#3124=EDGE_CURVE('',#2515,#2511,#1060,.T.);
#3125=EDGE_CURVE('',#2515,#2516,#1061,.T.);
#3126=EDGE_CURVE('',#2516,#2513,#1062,.T.);
#3127=EDGE_CURVE('',#2517,#2515,#1063,.T.);
#3128=EDGE_CURVE('',#2517,#2518,#1064,.T.);
#3129=EDGE_CURVE('',#2518,#2516,#1065,.T.);
#3130=EDGE_CURVE('',#2512,#2517,#1066,.T.);
#3131=EDGE_CURVE('',#2514,#2518,#1067,.T.);
#3132=EDGE_CURVE('',#2519,#2520,#1068,.T.);
#3133=EDGE_CURVE('',#2519,#2521,#1069,.T.);
#3134=EDGE_CURVE('',#2521,#2522,#1070,.T.);
#3135=EDGE_CURVE('',#2520,#2522,#1071,.T.);
#3136=EDGE_CURVE('',#2523,#2519,#1072,.T.);
#3137=EDGE_CURVE('',#2523,#2524,#1073,.T.);
#3138=EDGE_CURVE('',#2524,#2521,#1074,.T.);
#3139=EDGE_CURVE('',#2525,#2523,#1075,.T.);
#3140=EDGE_CURVE('',#2525,#2526,#1076,.T.);
#3141=EDGE_CURVE('',#2526,#2524,#1077,.T.);
#3142=EDGE_CURVE('',#2520,#2525,#1078,.T.);
#3143=EDGE_CURVE('',#2522,#2526,#1079,.T.);
#3144=EDGE_CURVE('',#2527,#2528,#1080,.T.);
#3145=EDGE_CURVE('',#2527,#2529,#1081,.T.);
#3146=EDGE_CURVE('',#2529,#2530,#1082,.T.);
#3147=EDGE_CURVE('',#2528,#2530,#1083,.T.);
#3148=EDGE_CURVE('',#2531,#2527,#1084,.T.);
#3149=EDGE_CURVE('',#2531,#2532,#1085,.T.);
#3150=EDGE_CURVE('',#2532,#2529,#1086,.T.);
#3151=EDGE_CURVE('',#2533,#2531,#1087,.T.);
#3152=EDGE_CURVE('',#2533,#2534,#1088,.T.);
#3153=EDGE_CURVE('',#2534,#2532,#1089,.T.);
#3154=EDGE_CURVE('',#2528,#2533,#1090,.T.);
#3155=EDGE_CURVE('',#2530,#2534,#1091,.T.);
#3156=EDGE_CURVE('',#2535,#2536,#1092,.T.);
#3157=EDGE_CURVE('',#2535,#2537,#1093,.T.);
#3158=EDGE_CURVE('',#2538,#2537,#1094,.T.);
#3159=EDGE_CURVE('',#2536,#2538,#1095,.T.);
#3160=EDGE_CURVE('',#2536,#2539,#1096,.T.);
#3161=EDGE_CURVE('',#2540,#2538,#1097,.T.);
#3162=EDGE_CURVE('',#2539,#2540,#1098,.T.);
#3163=EDGE_CURVE('',#2539,#2541,#1099,.T.);
#3164=EDGE_CURVE('',#2542,#2540,#1100,.T.);
#3165=EDGE_CURVE('',#2541,#2542,#1101,.T.);
#3166=EDGE_CURVE('',#2541,#2535,#1102,.T.);
#3167=EDGE_CURVE('',#2537,#2542,#1103,.T.);
#3168=EDGE_CURVE('',#2543,#2544,#1104,.T.);
#3169=EDGE_CURVE('',#2543,#2545,#1105,.T.);
#3170=EDGE_CURVE('',#2546,#2545,#1106,.T.);
#3171=EDGE_CURVE('',#2544,#2546,#1107,.T.);
#3172=EDGE_CURVE('',#2544,#2547,#1108,.T.);
#3173=EDGE_CURVE('',#2548,#2546,#1109,.T.);
#3174=EDGE_CURVE('',#2547,#2548,#1110,.T.);
#3175=EDGE_CURVE('',#2547,#2549,#1111,.T.);
#3176=EDGE_CURVE('',#2550,#2548,#1112,.T.);
#3177=EDGE_CURVE('',#2549,#2550,#1113,.T.);
#3178=EDGE_CURVE('',#2549,#2543,#1114,.T.);
#3179=EDGE_CURVE('',#2545,#2550,#1115,.T.);
#3180=EDGE_CURVE('',#2551,#2552,#1116,.T.);
#3181=EDGE_CURVE('',#2551,#2553,#1117,.T.);
#3182=EDGE_CURVE('',#2554,#2553,#1118,.T.);
#3183=EDGE_CURVE('',#2552,#2554,#1119,.T.);
#3184=EDGE_CURVE('',#2552,#2555,#1120,.T.);
#3185=EDGE_CURVE('',#2556,#2554,#1121,.T.);
#3186=EDGE_CURVE('',#2555,#2556,#1122,.T.);
#3187=EDGE_CURVE('',#2555,#2557,#1123,.T.);
#3188=EDGE_CURVE('',#2558,#2556,#1124,.T.);
#3189=EDGE_CURVE('',#2557,#2558,#1125,.T.);
#3190=EDGE_CURVE('',#2557,#2551,#1126,.T.);
#3191=EDGE_CURVE('',#2553,#2558,#1127,.T.);
#3192=EDGE_CURVE('',#2559,#2560,#1128,.T.);
#3193=EDGE_CURVE('',#2559,#2561,#1129,.T.);
#3194=EDGE_CURVE('',#2562,#2561,#1130,.T.);
#3195=EDGE_CURVE('',#2560,#2562,#1131,.T.);
#3196=EDGE_CURVE('',#2560,#2563,#1132,.T.);
#3197=EDGE_CURVE('',#2564,#2562,#1133,.T.);
#3198=EDGE_CURVE('',#2563,#2564,#1134,.T.);
#3199=EDGE_CURVE('',#2563,#2565,#1135,.T.);
#3200=EDGE_CURVE('',#2566,#2564,#1136,.T.);
#3201=EDGE_CURVE('',#2565,#2566,#1137,.T.);
#3202=EDGE_CURVE('',#2565,#2559,#1138,.T.);
#3203=EDGE_CURVE('',#2561,#2566,#1139,.T.);
#3204=EDGE_CURVE('',#2567,#2568,#1140,.T.);
#3205=EDGE_CURVE('',#2567,#2569,#1141,.T.);
#3206=EDGE_CURVE('',#2570,#2569,#1142,.T.);
#3207=EDGE_CURVE('',#2568,#2570,#1143,.T.);
#3208=EDGE_CURVE('',#2568,#2571,#1144,.T.);
#3209=EDGE_CURVE('',#2572,#2570,#1145,.T.);
#3210=EDGE_CURVE('',#2571,#2572,#1146,.T.);
#3211=EDGE_CURVE('',#2571,#2573,#1147,.T.);
#3212=EDGE_CURVE('',#2574,#2572,#1148,.T.);
#3213=EDGE_CURVE('',#2573,#2574,#1149,.T.);
#3214=EDGE_CURVE('',#2573,#2567,#1150,.T.);
#3215=EDGE_CURVE('',#2569,#2574,#1151,.T.);
#3216=EDGE_CURVE('',#2575,#2576,#1152,.T.);
#3217=EDGE_CURVE('',#2575,#2577,#1153,.T.);
#3218=EDGE_CURVE('',#2578,#2577,#1154,.T.);
#3219=EDGE_CURVE('',#2576,#2578,#1155,.T.);
#3220=EDGE_CURVE('',#2576,#2579,#1156,.T.);
#3221=EDGE_CURVE('',#2580,#2578,#1157,.T.);
#3222=EDGE_CURVE('',#2579,#2580,#1158,.T.);
#3223=EDGE_CURVE('',#2579,#2581,#1159,.T.);
#3224=EDGE_CURVE('',#2582,#2580,#1160,.T.);
#3225=EDGE_CURVE('',#2581,#2582,#1161,.T.);
#3226=EDGE_CURVE('',#2581,#2575,#1162,.T.);
#3227=EDGE_CURVE('',#2577,#2582,#1163,.T.);
#3228=EDGE_CURVE('',#2583,#2584,#1164,.T.);
#3229=EDGE_CURVE('',#2583,#2585,#1165,.T.);
#3230=EDGE_CURVE('',#2586,#2585,#1166,.T.);
#3231=EDGE_CURVE('',#2584,#2586,#1167,.T.);
#3232=EDGE_CURVE('',#2584,#2587,#1168,.T.);
#3233=EDGE_CURVE('',#2588,#2586,#1169,.T.);
#3234=EDGE_CURVE('',#2587,#2588,#1170,.T.);
#3235=EDGE_CURVE('',#2587,#2589,#1171,.T.);
#3236=EDGE_CURVE('',#2590,#2588,#1172,.T.);
#3237=EDGE_CURVE('',#2589,#2590,#1173,.T.);
#3238=EDGE_CURVE('',#2589,#2583,#1174,.T.);
#3239=EDGE_CURVE('',#2585,#2590,#1175,.T.);
#3240=EDGE_CURVE('',#2591,#2592,#1176,.T.);
#3241=EDGE_CURVE('',#2591,#2593,#1177,.T.);
#3242=EDGE_CURVE('',#2594,#2593,#1178,.T.);
#3243=EDGE_CURVE('',#2592,#2594,#1179,.T.);
#3244=EDGE_CURVE('',#2592,#2595,#1180,.T.);
#3245=EDGE_CURVE('',#2596,#2594,#1181,.T.);
#3246=EDGE_CURVE('',#2595,#2596,#1182,.T.);
#3247=EDGE_CURVE('',#2595,#2597,#1183,.T.);
#3248=EDGE_CURVE('',#2598,#2596,#1184,.T.);
#3249=EDGE_CURVE('',#2597,#2598,#1185,.T.);
#3250=EDGE_CURVE('',#2597,#2599,#1186,.T.);
#3251=EDGE_CURVE('',#2600,#2598,#1187,.T.);
#3252=EDGE_CURVE('',#2599,#2600,#1188,.T.);
#3253=EDGE_CURVE('',#2599,#2601,#1189,.T.);
#3254=EDGE_CURVE('',#2602,#2600,#1190,.T.);
#3255=EDGE_CURVE('',#2601,#2602,#1191,.T.);
#3256=EDGE_CURVE('',#2601,#2603,#1192,.T.);
#3257=EDGE_CURVE('',#2604,#2602,#1193,.T.);
#3258=EDGE_CURVE('',#2603,#2604,#1194,.T.);
#3259=EDGE_CURVE('',#2603,#2605,#1195,.T.);
#3260=EDGE_CURVE('',#2606,#2604,#1196,.T.);
#3261=EDGE_CURVE('',#2605,#2606,#1197,.T.);
#3262=EDGE_CURVE('',#2605,#2607,#1198,.T.);
#3263=EDGE_CURVE('',#2608,#2606,#1199,.T.);
#3264=EDGE_CURVE('',#2607,#2608,#1200,.T.);
#3265=EDGE_CURVE('',#2607,#2609,#1201,.T.);
#3266=EDGE_CURVE('',#2610,#2608,#1202,.T.);
#3267=EDGE_CURVE('',#2609,#2610,#1203,.T.);
#3268=EDGE_CURVE('',#2609,#2611,#1204,.T.);
#3269=EDGE_CURVE('',#2612,#2610,#1205,.T.);
#3270=EDGE_CURVE('',#2611,#2612,#1206,.T.);
#3271=EDGE_CURVE('',#2611,#2613,#1207,.T.);
#3272=EDGE_CURVE('',#2614,#2612,#1208,.T.);
#3273=EDGE_CURVE('',#2613,#2614,#1209,.T.);
#3274=EDGE_CURVE('',#2613,#2615,#1210,.T.);
#3275=EDGE_CURVE('',#2616,#2614,#1211,.T.);
#3276=EDGE_CURVE('',#2615,#2616,#1212,.T.);
#3277=EDGE_CURVE('',#2615,#2617,#1213,.T.);
#3278=EDGE_CURVE('',#2618,#2616,#1214,.T.);
#3279=EDGE_CURVE('',#2617,#2618,#1215,.T.);
#3280=EDGE_CURVE('',#2617,#2619,#1216,.T.);
#3281=EDGE_CURVE('',#2620,#2618,#1217,.T.);
#3282=EDGE_CURVE('',#2619,#2620,#1218,.T.);
#3283=EDGE_CURVE('',#2619,#2621,#1219,.T.);
#3284=EDGE_CURVE('',#2622,#2620,#1220,.T.);
#3285=EDGE_CURVE('',#2621,#2622,#1221,.T.);
#3286=EDGE_CURVE('',#2621,#2623,#1222,.T.);
#3287=EDGE_CURVE('',#2624,#2622,#1223,.T.);
#3288=EDGE_CURVE('',#2623,#2624,#1224,.T.);
#3289=EDGE_CURVE('',#2623,#2625,#1225,.T.);
#3290=EDGE_CURVE('',#2626,#2624,#1226,.T.);
#3291=EDGE_CURVE('',#2625,#2626,#1227,.T.);
#3292=EDGE_CURVE('',#2625,#2627,#1228,.T.);
#3293=EDGE_CURVE('',#2628,#2626,#1229,.T.);
#3294=EDGE_CURVE('',#2627,#2628,#1230,.T.);
#3295=EDGE_CURVE('',#2627,#2629,#1231,.T.);
#3296=EDGE_CURVE('',#2630,#2628,#1232,.T.);
#3297=EDGE_CURVE('',#2629,#2630,#1233,.T.);
#3298=EDGE_CURVE('',#2629,#2631,#1234,.T.);
#3299=EDGE_CURVE('',#2632,#2630,#1235,.T.);
#3300=EDGE_CURVE('',#2631,#2632,#1236,.T.);
#3301=EDGE_CURVE('',#2631,#2633,#1237,.T.);
#3302=EDGE_CURVE('',#2634,#2632,#1238,.T.);
#3303=EDGE_CURVE('',#2633,#2634,#1239,.T.);
#3304=EDGE_CURVE('',#2633,#2635,#1240,.T.);
#3305=EDGE_CURVE('',#2636,#2634,#1241,.T.);
#3306=EDGE_CURVE('',#2635,#2636,#1242,.T.);
#3307=EDGE_CURVE('',#2635,#2637,#1243,.T.);
#3308=EDGE_CURVE('',#2638,#2636,#1244,.T.);
#3309=EDGE_CURVE('',#2637,#2638,#1245,.T.);
#3310=EDGE_CURVE('',#2637,#2639,#1246,.T.);
#3311=EDGE_CURVE('',#2640,#2638,#1247,.T.);
#3312=EDGE_CURVE('',#2639,#2640,#1248,.T.);
#3313=EDGE_CURVE('',#2639,#2641,#1249,.T.);
#3314=EDGE_CURVE('',#2642,#2640,#1250,.T.);
#3315=EDGE_CURVE('',#2641,#2642,#1251,.T.);
#3316=EDGE_CURVE('',#2641,#2643,#1252,.T.);
#3317=EDGE_CURVE('',#2644,#2642,#1253,.T.);
#3318=EDGE_CURVE('',#2643,#2644,#1254,.T.);
#3319=EDGE_CURVE('',#2643,#2645,#1255,.T.);
#3320=EDGE_CURVE('',#2646,#2644,#1256,.T.);
#3321=EDGE_CURVE('',#2645,#2646,#1257,.T.);
#3322=EDGE_CURVE('',#2645,#2591,#1258,.T.);
#3323=EDGE_CURVE('',#2593,#2646,#1259,.T.);
#3324=EDGE_CURVE('',#2647,#2648,#1260,.T.);
#3325=EDGE_CURVE('',#2647,#2649,#1261,.T.);
#3326=EDGE_CURVE('',#2650,#2649,#1262,.T.);
#3327=EDGE_CURVE('',#2648,#2650,#1263,.T.);
#3328=EDGE_CURVE('',#2648,#2651,#1264,.T.);
#3329=EDGE_CURVE('',#2652,#2650,#1265,.T.);
#3330=EDGE_CURVE('',#2651,#2652,#1266,.T.);
#3331=EDGE_CURVE('',#2651,#2653,#1267,.T.);
#3332=EDGE_CURVE('',#2654,#2652,#1268,.T.);
#3333=EDGE_CURVE('',#2653,#2654,#1269,.T.);
#3334=EDGE_CURVE('',#2653,#2647,#1270,.T.);
#3335=EDGE_CURVE('',#2649,#2654,#1271,.T.);
#3336=EDGE_CURVE('',#2655,#2656,#1272,.T.);
#3337=EDGE_CURVE('',#2655,#2657,#1273,.T.);
#3338=EDGE_CURVE('',#2658,#2657,#1274,.T.);
#3339=EDGE_CURVE('',#2656,#2658,#1275,.T.);
#3340=EDGE_CURVE('',#2656,#2659,#1276,.T.);
#3341=EDGE_CURVE('',#2660,#2658,#1277,.T.);
#3342=EDGE_CURVE('',#2659,#2660,#1278,.T.);
#3343=EDGE_CURVE('',#2659,#2661,#1279,.T.);
#3344=EDGE_CURVE('',#2662,#2660,#1280,.T.);
#3345=EDGE_CURVE('',#2661,#2662,#1281,.T.);
#3346=EDGE_CURVE('',#2661,#2655,#1282,.T.);
#3347=EDGE_CURVE('',#2657,#2662,#1283,.T.);
#3348=EDGE_CURVE('',#2663,#2664,#1284,.T.);
#3349=EDGE_CURVE('',#2663,#2665,#1285,.T.);
#3350=EDGE_CURVE('',#2666,#2665,#1286,.T.);
#3351=EDGE_CURVE('',#2664,#2666,#1287,.T.);
#3352=EDGE_CURVE('',#2664,#2667,#1288,.T.);
#3353=EDGE_CURVE('',#2668,#2666,#1289,.T.);
#3354=EDGE_CURVE('',#2667,#2668,#1290,.T.);
#3355=EDGE_CURVE('',#2667,#2669,#1291,.T.);
#3356=EDGE_CURVE('',#2670,#2668,#1292,.T.);
#3357=EDGE_CURVE('',#2669,#2670,#1293,.T.);
#3358=EDGE_CURVE('',#2669,#2663,#1294,.T.);
#3359=EDGE_CURVE('',#2665,#2670,#1295,.T.);
#3360=EDGE_CURVE('',#2671,#2672,#1296,.T.);
#3361=EDGE_CURVE('',#2671,#2673,#1297,.T.);
#3362=EDGE_CURVE('',#2674,#2673,#1298,.T.);
#3363=EDGE_CURVE('',#2672,#2674,#1299,.T.);
#3364=EDGE_CURVE('',#2672,#2675,#1300,.T.);
#3365=EDGE_CURVE('',#2676,#2674,#1301,.T.);
#3366=EDGE_CURVE('',#2675,#2676,#1302,.T.);
#3367=EDGE_CURVE('',#2675,#2677,#1303,.T.);
#3368=EDGE_CURVE('',#2678,#2676,#1304,.T.);
#3369=EDGE_CURVE('',#2677,#2678,#1305,.T.);
#3370=EDGE_CURVE('',#2677,#2671,#1306,.T.);
#3371=EDGE_CURVE('',#2673,#2678,#1307,.T.);
#3372=EDGE_CURVE('',#2679,#2680,#1308,.T.);
#3373=EDGE_CURVE('',#2679,#2681,#1309,.T.);
#3374=EDGE_CURVE('',#2682,#2681,#1310,.T.);
#3375=EDGE_CURVE('',#2680,#2682,#1311,.T.);
#3376=EDGE_CURVE('',#2680,#2683,#1312,.T.);
#3377=EDGE_CURVE('',#2684,#2682,#1313,.T.);
#3378=EDGE_CURVE('',#2683,#2684,#1314,.T.);
#3379=EDGE_CURVE('',#2683,#2685,#1315,.T.);
#3380=EDGE_CURVE('',#2686,#2684,#1316,.T.);
#3381=EDGE_CURVE('',#2685,#2686,#1317,.T.);
#3382=EDGE_CURVE('',#2685,#2679,#1318,.T.);
#3383=EDGE_CURVE('',#2681,#2686,#1319,.T.);
#3384=EDGE_CURVE('',#2687,#2688,#1320,.T.);
#3385=EDGE_CURVE('',#2687,#2689,#1321,.T.);
#3386=EDGE_CURVE('',#2690,#2689,#1322,.T.);
#3387=EDGE_CURVE('',#2688,#2690,#1323,.T.);
#3388=EDGE_CURVE('',#2688,#2691,#1324,.T.);
#3389=EDGE_CURVE('',#2692,#2690,#1325,.T.);
#3390=EDGE_CURVE('',#2691,#2692,#1326,.T.);
#3391=EDGE_CURVE('',#2691,#2693,#1327,.T.);
#3392=EDGE_CURVE('',#2694,#2692,#1328,.T.);
#3393=EDGE_CURVE('',#2693,#2694,#1329,.T.);
#3394=EDGE_CURVE('',#2693,#2687,#1330,.T.);
#3395=EDGE_CURVE('',#2689,#2694,#1331,.T.);
#3396=EDGE_CURVE('',#2695,#2696,#1332,.T.);
#3397=EDGE_CURVE('',#2695,#2697,#1333,.T.);
#3398=EDGE_CURVE('',#2698,#2697,#1334,.T.);
#3399=EDGE_CURVE('',#2696,#2698,#1335,.T.);
#3400=EDGE_CURVE('',#2696,#2699,#1336,.T.);
#3401=EDGE_CURVE('',#2700,#2698,#1337,.T.);
#3402=EDGE_CURVE('',#2699,#2700,#1338,.T.);
#3403=EDGE_CURVE('',#2699,#2701,#1339,.T.);
#3404=EDGE_CURVE('',#2702,#2700,#1340,.T.);
#3405=EDGE_CURVE('',#2701,#2702,#1341,.T.);
#3406=EDGE_CURVE('',#2701,#2695,#1342,.T.);
#3407=EDGE_CURVE('',#2697,#2702,#1343,.T.);
#3408=EDGE_CURVE('',#2703,#2704,#1344,.T.);
#3409=EDGE_CURVE('',#2703,#2705,#1345,.T.);
#3410=EDGE_CURVE('',#2706,#2705,#1346,.T.);
#3411=EDGE_CURVE('',#2704,#2706,#1347,.T.);
#3412=EDGE_CURVE('',#2704,#2707,#1348,.T.);
#3413=EDGE_CURVE('',#2708,#2706,#1349,.T.);
#3414=EDGE_CURVE('',#2707,#2708,#1350,.T.);
#3415=EDGE_CURVE('',#2707,#2709,#1351,.T.);
#3416=EDGE_CURVE('',#2710,#2708,#1352,.T.);
#3417=EDGE_CURVE('',#2709,#2710,#1353,.T.);
#3418=EDGE_CURVE('',#2709,#2703,#1354,.T.);
#3419=EDGE_CURVE('',#2705,#2710,#1355,.T.);
#3420=EDGE_CURVE('',#2711,#2712,#1356,.T.);
#3421=EDGE_CURVE('',#2711,#2713,#1357,.T.);
#3422=EDGE_CURVE('',#2714,#2713,#1358,.T.);
#3423=EDGE_CURVE('',#2712,#2714,#1359,.T.);
#3424=EDGE_CURVE('',#2712,#2715,#1360,.T.);
#3425=EDGE_CURVE('',#2716,#2714,#1361,.T.);
#3426=EDGE_CURVE('',#2715,#2716,#1362,.T.);
#3427=EDGE_CURVE('',#2715,#2717,#1363,.T.);
#3428=EDGE_CURVE('',#2718,#2716,#1364,.T.);
#3429=EDGE_CURVE('',#2717,#2718,#1365,.T.);
#3430=EDGE_CURVE('',#2717,#2711,#1366,.T.);
#3431=EDGE_CURVE('',#2713,#2718,#1367,.T.);
#3432=EDGE_CURVE('',#2719,#2720,#1368,.T.);
#3433=EDGE_CURVE('',#2719,#2721,#1369,.T.);
#3434=EDGE_CURVE('',#2722,#2721,#1370,.T.);
#3435=EDGE_CURVE('',#2720,#2722,#1371,.T.);
#3436=EDGE_CURVE('',#2720,#2723,#1372,.T.);
#3437=EDGE_CURVE('',#2724,#2722,#1373,.T.);
#3438=EDGE_CURVE('',#2723,#2724,#1374,.T.);
#3439=EDGE_CURVE('',#2723,#2725,#1375,.T.);
#3440=EDGE_CURVE('',#2726,#2724,#1376,.T.);
#3441=EDGE_CURVE('',#2725,#2726,#1377,.T.);
#3442=EDGE_CURVE('',#2725,#2719,#1378,.T.);
#3443=EDGE_CURVE('',#2721,#2726,#1379,.T.);
#3444=EDGE_CURVE('',#2727,#2728,#1380,.T.);
#3445=EDGE_CURVE('',#2727,#2729,#1381,.T.);
#3446=EDGE_CURVE('',#2730,#2729,#1382,.T.);
#3447=EDGE_CURVE('',#2728,#2730,#1383,.T.);
#3448=EDGE_CURVE('',#2728,#2731,#1384,.T.);
#3449=EDGE_CURVE('',#2732,#2730,#1385,.T.);
#3450=EDGE_CURVE('',#2731,#2732,#1386,.T.);
#3451=EDGE_CURVE('',#2731,#2733,#1387,.T.);
#3452=EDGE_CURVE('',#2734,#2732,#1388,.T.);
#3453=EDGE_CURVE('',#2733,#2734,#1389,.T.);
#3454=EDGE_CURVE('',#2733,#2727,#1390,.T.);
#3455=EDGE_CURVE('',#2729,#2734,#1391,.T.);
#3456=EDGE_CURVE('',#2735,#2736,#1392,.T.);
#3457=EDGE_CURVE('',#2735,#2737,#1393,.T.);
#3458=EDGE_CURVE('',#2738,#2737,#1394,.T.);
#3459=EDGE_CURVE('',#2736,#2738,#1395,.T.);
#3460=EDGE_CURVE('',#2736,#2739,#1396,.T.);
#3461=EDGE_CURVE('',#2740,#2738,#1397,.T.);
#3462=EDGE_CURVE('',#2739,#2740,#1398,.T.);
#3463=EDGE_CURVE('',#2739,#2741,#1399,.T.);
#3464=EDGE_CURVE('',#2742,#2740,#1400,.T.);
#3465=EDGE_CURVE('',#2741,#2742,#1401,.T.);
#3466=EDGE_CURVE('',#2741,#2735,#1402,.T.);
#3467=EDGE_CURVE('',#2737,#2742,#1403,.T.);
#3468=EDGE_CURVE('',#2743,#2744,#1404,.T.);
#3469=EDGE_CURVE('',#2743,#2745,#1405,.T.);
#3470=EDGE_CURVE('',#2746,#2745,#1406,.T.);
#3471=EDGE_CURVE('',#2744,#2746,#1407,.T.);
#3472=EDGE_CURVE('',#2744,#2747,#1408,.T.);
#3473=EDGE_CURVE('',#2748,#2746,#1409,.T.);
#3474=EDGE_CURVE('',#2747,#2748,#1410,.T.);
#3475=EDGE_CURVE('',#2747,#2749,#1411,.T.);
#3476=EDGE_CURVE('',#2750,#2748,#1412,.T.);
#3477=EDGE_CURVE('',#2749,#2750,#1413,.T.);
#3478=EDGE_CURVE('',#2749,#2743,#1414,.T.);
#3479=EDGE_CURVE('',#2745,#2750,#1415,.T.);
#3480=EDGE_CURVE('',#2751,#2752,#1416,.T.);
#3481=EDGE_CURVE('',#2751,#2753,#1417,.T.);
#3482=EDGE_CURVE('',#2754,#2753,#1418,.T.);
#3483=EDGE_CURVE('',#2752,#2754,#1419,.T.);
#3484=EDGE_CURVE('',#2752,#2755,#1420,.T.);
#3485=EDGE_CURVE('',#2756,#2754,#1421,.T.);
#3486=EDGE_CURVE('',#2755,#2756,#1422,.T.);
#3487=EDGE_CURVE('',#2755,#2757,#1423,.T.);
#3488=EDGE_CURVE('',#2758,#2756,#1424,.T.);
#3489=EDGE_CURVE('',#2757,#2758,#1425,.T.);
#3490=EDGE_CURVE('',#2757,#2751,#1426,.T.);
#3491=EDGE_CURVE('',#2753,#2758,#1427,.T.);
#3492=EDGE_CURVE('',#2759,#2760,#1428,.T.);
#3493=EDGE_CURVE('',#2759,#2761,#1429,.T.);
#3494=EDGE_CURVE('',#2762,#2761,#1430,.T.);
#3495=EDGE_CURVE('',#2760,#2762,#1431,.T.);
#3496=EDGE_CURVE('',#2760,#2763,#1432,.T.);
#3497=EDGE_CURVE('',#2764,#2762,#1433,.T.);
#3498=EDGE_CURVE('',#2763,#2764,#1434,.T.);
#3499=EDGE_CURVE('',#2763,#2765,#1435,.T.);
#3500=EDGE_CURVE('',#2766,#2764,#1436,.T.);
#3501=EDGE_CURVE('',#2765,#2766,#1437,.T.);
#3502=EDGE_CURVE('',#2765,#2759,#1438,.T.);
#3503=EDGE_CURVE('',#2761,#2766,#1439,.T.);
#3504=EDGE_CURVE('',#2767,#2768,#1440,.T.);
#3505=EDGE_CURVE('',#2767,#2769,#1441,.T.);
#3506=EDGE_CURVE('',#2770,#2769,#1442,.T.);
#3507=EDGE_CURVE('',#2768,#2770,#1443,.T.);
#3508=EDGE_CURVE('',#2768,#2771,#1444,.T.);
#3509=EDGE_CURVE('',#2772,#2770,#1445,.T.);
#3510=EDGE_CURVE('',#2771,#2772,#1446,.T.);
#3511=EDGE_CURVE('',#2771,#2773,#1447,.T.);
#3512=EDGE_CURVE('',#2774,#2772,#1448,.T.);
#3513=EDGE_CURVE('',#2773,#2774,#1449,.T.);
#3514=EDGE_CURVE('',#2773,#2767,#1450,.T.);
#3515=EDGE_CURVE('',#2769,#2774,#1451,.T.);
#3516=EDGE_CURVE('',#2775,#2776,#1452,.T.);
#3517=EDGE_CURVE('',#2775,#2777,#1453,.T.);
#3518=EDGE_CURVE('',#2778,#2777,#1454,.T.);
#3519=EDGE_CURVE('',#2776,#2778,#1455,.T.);
#3520=EDGE_CURVE('',#2776,#2779,#1456,.T.);
#3521=EDGE_CURVE('',#2780,#2778,#1457,.T.);
#3522=EDGE_CURVE('',#2779,#2780,#1458,.T.);
#3523=EDGE_CURVE('',#2779,#2781,#1459,.T.);
#3524=EDGE_CURVE('',#2782,#2780,#1460,.T.);
#3525=EDGE_CURVE('',#2781,#2782,#1461,.T.);
#3526=EDGE_CURVE('',#2781,#2775,#1462,.T.);
#3527=EDGE_CURVE('',#2777,#2782,#1463,.T.);
#3528=EDGE_CURVE('',#2783,#2784,#1464,.T.);
#3529=EDGE_CURVE('',#2783,#2785,#1465,.T.);
#3530=EDGE_CURVE('',#2786,#2785,#1466,.T.);
#3531=EDGE_CURVE('',#2784,#2786,#1467,.T.);
#3532=EDGE_CURVE('',#2784,#2787,#1468,.T.);
#3533=EDGE_CURVE('',#2788,#2786,#1469,.T.);
#3534=EDGE_CURVE('',#2787,#2788,#1470,.T.);
#3535=EDGE_CURVE('',#2787,#2789,#1471,.T.);
#3536=EDGE_CURVE('',#2790,#2788,#1472,.T.);
#3537=EDGE_CURVE('',#2789,#2790,#1473,.T.);
#3538=EDGE_CURVE('',#2789,#2783,#1474,.T.);
#3539=EDGE_CURVE('',#2785,#2790,#1475,.T.);
#3540=EDGE_CURVE('',#2791,#2792,#1476,.T.);
#3541=EDGE_CURVE('',#2791,#2793,#1477,.T.);
#3542=EDGE_CURVE('',#2794,#2793,#1478,.T.);
#3543=EDGE_CURVE('',#2792,#2794,#1479,.T.);
#3544=EDGE_CURVE('',#2795,#2792,#1480,.T.);
#3545=EDGE_CURVE('',#2796,#2794,#1481,.T.);
#3546=EDGE_CURVE('',#2795,#2796,#1482,.T.);
#3547=EDGE_CURVE('',#2797,#2795,#1483,.T.);
#3548=EDGE_CURVE('',#2798,#2796,#1484,.T.);
#3549=EDGE_CURVE('',#2797,#2798,#1485,.T.);
#3550=EDGE_CURVE('',#2791,#2797,#1486,.T.);
#3551=EDGE_CURVE('',#2793,#2798,#1487,.T.);
#3552=EDGE_CURVE('',#2799,#2800,#1488,.T.);
#3553=EDGE_CURVE('',#2799,#2801,#1489,.T.);
#3554=EDGE_CURVE('',#2802,#2801,#1490,.T.);
#3555=EDGE_CURVE('',#2800,#2802,#1491,.T.);
#3556=EDGE_CURVE('',#2800,#2803,#1492,.T.);
#3557=EDGE_CURVE('',#2804,#2802,#1493,.T.);
#3558=EDGE_CURVE('',#2803,#2804,#1494,.T.);
#3559=EDGE_CURVE('',#2805,#2803,#1495,.T.);
#3560=EDGE_CURVE('',#2806,#2804,#1496,.T.);
#3561=EDGE_CURVE('',#2805,#2806,#1497,.T.);
#3562=EDGE_CURVE('',#2799,#2805,#1498,.T.);
#3563=EDGE_CURVE('',#2801,#2806,#1499,.T.);
#3564=EDGE_CURVE('',#2807,#2808,#1500,.T.);
#3565=EDGE_CURVE('',#2807,#2809,#1501,.T.);
#3566=EDGE_CURVE('',#2810,#2809,#1502,.T.);
#3567=EDGE_CURVE('',#2808,#2810,#1503,.T.);
#3568=EDGE_CURVE('',#2808,#2811,#1504,.T.);
#3569=EDGE_CURVE('',#2812,#2810,#1505,.T.);
#3570=EDGE_CURVE('',#2811,#2812,#1506,.T.);
#3571=EDGE_CURVE('',#2813,#2811,#1507,.T.);
#3572=EDGE_CURVE('',#2814,#2812,#1508,.T.);
#3573=EDGE_CURVE('',#2813,#2814,#1509,.T.);
#3574=EDGE_CURVE('',#2807,#2813,#1510,.T.);
#3575=EDGE_CURVE('',#2809,#2814,#1511,.T.);
#3576=EDGE_CURVE('',#2815,#2816,#1512,.T.);
#3577=EDGE_CURVE('',#2815,#2817,#1513,.T.);
#3578=EDGE_CURVE('',#2818,#2817,#1514,.T.);
#3579=EDGE_CURVE('',#2816,#2818,#1515,.T.);
#3580=EDGE_CURVE('',#2819,#2816,#1516,.T.);
#3581=EDGE_CURVE('',#2820,#2818,#1517,.T.);
#3582=EDGE_CURVE('',#2819,#2820,#1518,.T.);
#3583=EDGE_CURVE('',#2821,#2819,#1519,.T.);
#3584=EDGE_CURVE('',#2822,#2820,#1520,.T.);
#3585=EDGE_CURVE('',#2821,#2822,#1521,.T.);
#3586=EDGE_CURVE('',#2815,#2821,#1522,.T.);
#3587=EDGE_CURVE('',#2817,#2822,#1523,.T.);
#3588=EDGE_CURVE('',#2823,#2824,#1524,.T.);
#3589=EDGE_CURVE('',#2823,#2825,#1525,.T.);
#3590=EDGE_CURVE('',#2826,#2825,#1526,.T.);
#3591=EDGE_CURVE('',#2824,#2826,#1527,.T.);
#3592=EDGE_CURVE('',#2824,#2827,#1528,.T.);
#3593=EDGE_CURVE('',#2828,#2826,#1529,.T.);
#3594=EDGE_CURVE('',#2827,#2828,#1530,.T.);
#3595=EDGE_CURVE('',#2829,#2827,#1531,.T.);
#3596=EDGE_CURVE('',#2830,#2828,#1532,.T.);
#3597=EDGE_CURVE('',#2829,#2830,#1533,.T.);
#3598=EDGE_CURVE('',#2831,#2829,#1534,.T.);
#3599=EDGE_CURVE('',#2832,#2830,#1535,.T.);
#3600=EDGE_CURVE('',#2831,#2832,#1536,.T.);
#3601=EDGE_CURVE('',#2823,#2831,#1537,.T.);
#3602=EDGE_CURVE('',#2825,#2832,#1538,.T.);
#3603=EDGE_CURVE('',#2833,#2834,#1539,.T.);
#3604=EDGE_CURVE('',#2833,#2835,#1540,.T.);
#3605=EDGE_CURVE('',#2836,#2835,#1541,.T.);
#3606=EDGE_CURVE('',#2834,#2836,#1542,.T.);
#3607=EDGE_CURVE('',#2837,#2834,#1543,.T.);
#3608=EDGE_CURVE('',#2838,#2836,#1544,.T.);
#3609=EDGE_CURVE('',#2837,#2838,#1545,.T.);
#3610=EDGE_CURVE('',#2839,#2837,#1546,.T.);
#3611=EDGE_CURVE('',#2840,#2838,#1547,.T.);
#3612=EDGE_CURVE('',#2839,#2840,#1548,.T.);
#3613=EDGE_CURVE('',#2839,#2833,#1549,.T.);
#3614=EDGE_CURVE('',#2835,#2840,#1550,.T.);
#3615=ORIENTED_EDGE('',*,*,#2841,.F.);
#3616=ORIENTED_EDGE('',*,*,#2842,.F.);
#3617=ORIENTED_EDGE('',*,*,#2843,.F.);
#3618=ORIENTED_EDGE('',*,*,#2844,.F.);
#3619=ORIENTED_EDGE('',*,*,#2845,.F.);
#3620=ORIENTED_EDGE('',*,*,#2846,.F.);
#3621=ORIENTED_EDGE('',*,*,#2847,.F.);
#3622=ORIENTED_EDGE('',*,*,#2848,.F.);
#3623=ORIENTED_EDGE('',*,*,#2849,.F.);
#3624=ORIENTED_EDGE('',*,*,#2850,.F.);
#3625=ORIENTED_EDGE('',*,*,#2851,.F.);
#3626=ORIENTED_EDGE('',*,*,#2852,.F.);
#3627=ORIENTED_EDGE('',*,*,#2853,.F.);
#3628=ORIENTED_EDGE('',*,*,#2854,.F.);
#3629=ORIENTED_EDGE('',*,*,#2855,.F.);
#3630=ORIENTED_EDGE('',*,*,#2856,.F.);
#3631=ORIENTED_EDGE('',*,*,#2857,.F.);
#3632=ORIENTED_EDGE('',*,*,#2858,.F.);
#3633=ORIENTED_EDGE('',*,*,#2859,.F.);
#3634=ORIENTED_EDGE('',*,*,#2860,.F.);
#3635=ORIENTED_EDGE('',*,*,#2861,.F.);
#3636=ORIENTED_EDGE('',*,*,#2862,.F.);
#3637=ORIENTED_EDGE('',*,*,#2863,.F.);
#3638=ORIENTED_EDGE('',*,*,#2864,.F.);
#3639=ORIENTED_EDGE('',*,*,#2842,.T.);
#3640=ORIENTED_EDGE('',*,*,#2865,.T.);
#3641=ORIENTED_EDGE('',*,*,#2866,.T.);
#3642=ORIENTED_EDGE('',*,*,#2867,.F.);
#3643=ORIENTED_EDGE('',*,*,#2841,.T.);
#3644=ORIENTED_EDGE('',*,*,#2868,.T.);
#3645=ORIENTED_EDGE('',*,*,#2869,.T.);
#3646=ORIENTED_EDGE('',*,*,#2865,.F.);
#3647=ORIENTED_EDGE('',*,*,#2846,.T.);
#3648=ORIENTED_EDGE('',*,*,#2870,.T.);
#3649=ORIENTED_EDGE('',*,*,#2871,.T.);
#3650=ORIENTED_EDGE('',*,*,#2872,.F.);
#3651=ORIENTED_EDGE('',*,*,#2845,.T.);
#3652=ORIENTED_EDGE('',*,*,#2873,.T.);
#3653=ORIENTED_EDGE('',*,*,#2874,.T.);
#3654=ORIENTED_EDGE('',*,*,#2870,.F.);
#3655=ORIENTED_EDGE('',*,*,#2850,.T.);
#3656=ORIENTED_EDGE('',*,*,#2875,.T.);
#3657=ORIENTED_EDGE('',*,*,#2876,.T.);
#3658=ORIENTED_EDGE('',*,*,#2877,.F.);
#3659=ORIENTED_EDGE('',*,*,#2849,.T.);
#3660=ORIENTED_EDGE('',*,*,#2878,.T.);
#3661=ORIENTED_EDGE('',*,*,#2879,.T.);
#3662=ORIENTED_EDGE('',*,*,#2875,.F.);
#3663=ORIENTED_EDGE('',*,*,#2854,.T.);
#3664=ORIENTED_EDGE('',*,*,#2880,.T.);
#3665=ORIENTED_EDGE('',*,*,#2881,.T.);
#3666=ORIENTED_EDGE('',*,*,#2882,.F.);
#3667=ORIENTED_EDGE('',*,*,#2853,.T.);
#3668=ORIENTED_EDGE('',*,*,#2883,.T.);
#3669=ORIENTED_EDGE('',*,*,#2884,.T.);
#3670=ORIENTED_EDGE('',*,*,#2880,.F.);
#3671=ORIENTED_EDGE('',*,*,#2858,.T.);
#3672=ORIENTED_EDGE('',*,*,#2885,.T.);
#3673=ORIENTED_EDGE('',*,*,#2886,.T.);
#3674=ORIENTED_EDGE('',*,*,#2887,.F.);
#3675=ORIENTED_EDGE('',*,*,#2857,.T.);
#3676=ORIENTED_EDGE('',*,*,#2888,.T.);
#3677=ORIENTED_EDGE('',*,*,#2889,.T.);
#3678=ORIENTED_EDGE('',*,*,#2885,.F.);
#3679=ORIENTED_EDGE('',*,*,#2862,.T.);
#3680=ORIENTED_EDGE('',*,*,#2890,.T.);
#3681=ORIENTED_EDGE('',*,*,#2891,.T.);
#3682=ORIENTED_EDGE('',*,*,#2892,.F.);
#3683=ORIENTED_EDGE('',*,*,#2861,.T.);
#3684=ORIENTED_EDGE('',*,*,#2893,.T.);
#3685=ORIENTED_EDGE('',*,*,#2894,.T.);
#3686=ORIENTED_EDGE('',*,*,#2890,.F.);
#3687=ORIENTED_EDGE('',*,*,#2895,.F.);
#3688=ORIENTED_EDGE('',*,*,#2896,.F.);
#3689=ORIENTED_EDGE('',*,*,#2897,.F.);
#3690=ORIENTED_EDGE('',*,*,#2898,.F.);
#3691=ORIENTED_EDGE('',*,*,#2899,.F.);
#3692=ORIENTED_EDGE('',*,*,#2900,.F.);
#3693=ORIENTED_EDGE('',*,*,#2901,.F.);
#3694=ORIENTED_EDGE('',*,*,#2902,.F.);
#3695=ORIENTED_EDGE('',*,*,#2903,.F.);
#3696=ORIENTED_EDGE('',*,*,#2904,.F.);
#3697=ORIENTED_EDGE('',*,*,#2905,.F.);
#3698=ORIENTED_EDGE('',*,*,#2906,.F.);
#3699=ORIENTED_EDGE('',*,*,#2907,.F.);
#3700=ORIENTED_EDGE('',*,*,#2908,.F.);
#3701=ORIENTED_EDGE('',*,*,#2909,.F.);
#3702=ORIENTED_EDGE('',*,*,#2910,.F.);
#3703=ORIENTED_EDGE('',*,*,#2911,.F.);
#3704=ORIENTED_EDGE('',*,*,#2912,.F.);
#3705=ORIENTED_EDGE('',*,*,#2913,.F.);
#3706=ORIENTED_EDGE('',*,*,#2914,.F.);
#3707=ORIENTED_EDGE('',*,*,#2915,.F.);
#3708=ORIENTED_EDGE('',*,*,#2916,.F.);
#3709=ORIENTED_EDGE('',*,*,#2917,.F.);
#3710=ORIENTED_EDGE('',*,*,#2918,.F.);
#3711=ORIENTED_EDGE('',*,*,#2897,.T.);
#3712=ORIENTED_EDGE('',*,*,#2919,.T.);
#3713=ORIENTED_EDGE('',*,*,#2920,.T.);
#3714=ORIENTED_EDGE('',*,*,#2921,.F.);
#3715=ORIENTED_EDGE('',*,*,#2896,.T.);
#3716=ORIENTED_EDGE('',*,*,#2922,.T.);
#3717=ORIENTED_EDGE('',*,*,#2923,.T.);
#3718=ORIENTED_EDGE('',*,*,#2919,.F.);
#3719=ORIENTED_EDGE('',*,*,#2895,.T.);
#3720=ORIENTED_EDGE('',*,*,#2924,.T.);
#3721=ORIENTED_EDGE('',*,*,#2925,.T.);
#3722=ORIENTED_EDGE('',*,*,#2922,.F.);
#3723=ORIENTED_EDGE('',*,*,#2901,.T.);
#3724=ORIENTED_EDGE('',*,*,#2926,.T.);
#3725=ORIENTED_EDGE('',*,*,#2927,.T.);
#3726=ORIENTED_EDGE('',*,*,#2928,.F.);
#3727=ORIENTED_EDGE('',*,*,#2900,.T.);
#3728=ORIENTED_EDGE('',*,*,#2929,.T.);
#3729=ORIENTED_EDGE('',*,*,#2930,.T.);
#3730=ORIENTED_EDGE('',*,*,#2926,.F.);
#3731=ORIENTED_EDGE('',*,*,#2899,.T.);
#3732=ORIENTED_EDGE('',*,*,#2931,.T.);
#3733=ORIENTED_EDGE('',*,*,#2932,.T.);
#3734=ORIENTED_EDGE('',*,*,#2929,.F.);
#3735=ORIENTED_EDGE('',*,*,#2905,.T.);
#3736=ORIENTED_EDGE('',*,*,#2933,.T.);
#3737=ORIENTED_EDGE('',*,*,#2934,.T.);
#3738=ORIENTED_EDGE('',*,*,#2935,.F.);
#3739=ORIENTED_EDGE('',*,*,#2904,.T.);
#3740=ORIENTED_EDGE('',*,*,#2936,.T.);
#3741=ORIENTED_EDGE('',*,*,#2937,.T.);
#3742=ORIENTED_EDGE('',*,*,#2933,.F.);
#3743=ORIENTED_EDGE('',*,*,#2903,.T.);
#3744=ORIENTED_EDGE('',*,*,#2938,.T.);
#3745=ORIENTED_EDGE('',*,*,#2939,.T.);
#3746=ORIENTED_EDGE('',*,*,#2936,.F.);
#3747=ORIENTED_EDGE('',*,*,#2909,.T.);
#3748=ORIENTED_EDGE('',*,*,#2940,.T.);
#3749=ORIENTED_EDGE('',*,*,#2941,.T.);
#3750=ORIENTED_EDGE('',*,*,#2942,.F.);
#3751=ORIENTED_EDGE('',*,*,#2908,.T.);
#3752=ORIENTED_EDGE('',*,*,#2943,.T.);
#3753=ORIENTED_EDGE('',*,*,#2944,.T.);
#3754=ORIENTED_EDGE('',*,*,#2940,.F.);
#3755=ORIENTED_EDGE('',*,*,#2907,.T.);
#3756=ORIENTED_EDGE('',*,*,#2945,.T.);
#3757=ORIENTED_EDGE('',*,*,#2946,.T.);
#3758=ORIENTED_EDGE('',*,*,#2943,.F.);
#3759=ORIENTED_EDGE('',*,*,#2913,.T.);
#3760=ORIENTED_EDGE('',*,*,#2947,.T.);
#3761=ORIENTED_EDGE('',*,*,#2948,.T.);
#3762=ORIENTED_EDGE('',*,*,#2949,.F.);
#3763=ORIENTED_EDGE('',*,*,#2912,.T.);
#3764=ORIENTED_EDGE('',*,*,#2950,.T.);
#3765=ORIENTED_EDGE('',*,*,#2951,.T.);
#3766=ORIENTED_EDGE('',*,*,#2947,.F.);
#3767=ORIENTED_EDGE('',*,*,#2911,.T.);
#3768=ORIENTED_EDGE('',*,*,#2952,.T.);
#3769=ORIENTED_EDGE('',*,*,#2953,.T.);
#3770=ORIENTED_EDGE('',*,*,#2950,.F.);
#3771=ORIENTED_EDGE('',*,*,#2917,.T.);
#3772=ORIENTED_EDGE('',*,*,#2954,.T.);
#3773=ORIENTED_EDGE('',*,*,#2955,.T.);
#3774=ORIENTED_EDGE('',*,*,#2956,.F.);
#3775=ORIENTED_EDGE('',*,*,#2916,.T.);
#3776=ORIENTED_EDGE('',*,*,#2957,.T.);
#3777=ORIENTED_EDGE('',*,*,#2958,.T.);
#3778=ORIENTED_EDGE('',*,*,#2954,.F.);
#3779=ORIENTED_EDGE('',*,*,#2915,.T.);
#3780=ORIENTED_EDGE('',*,*,#2959,.T.);
#3781=ORIENTED_EDGE('',*,*,#2960,.T.);
#3782=ORIENTED_EDGE('',*,*,#2957,.F.);
#3783=ORIENTED_EDGE('',*,*,#2856,.T.);
#3784=ORIENTED_EDGE('',*,*,#2961,.T.);
#3785=ORIENTED_EDGE('',*,*,#2962,.T.);
#3786=ORIENTED_EDGE('',*,*,#2883,.F.);
#3787=ORIENTED_EDGE('',*,*,#2855,.T.);
#3788=ORIENTED_EDGE('',*,*,#2882,.T.);
#3789=ORIENTED_EDGE('',*,*,#2963,.T.);
#3790=ORIENTED_EDGE('',*,*,#2961,.F.);
#3791=ORIENTED_EDGE('',*,*,#2864,.T.);
#3792=ORIENTED_EDGE('',*,*,#2964,.T.);
#3793=ORIENTED_EDGE('',*,*,#2965,.T.);
#3794=ORIENTED_EDGE('',*,*,#2893,.F.);
#3795=ORIENTED_EDGE('',*,*,#2863,.T.);
#3796=ORIENTED_EDGE('',*,*,#2892,.T.);
#3797=ORIENTED_EDGE('',*,*,#2966,.T.);
#3798=ORIENTED_EDGE('',*,*,#2964,.F.);
#3799=ORIENTED_EDGE('',*,*,#2848,.T.);
#3800=ORIENTED_EDGE('',*,*,#2967,.T.);
#3801=ORIENTED_EDGE('',*,*,#2968,.T.);
#3802=ORIENTED_EDGE('',*,*,#2873,.F.);
#3803=ORIENTED_EDGE('',*,*,#2847,.T.);
#3804=ORIENTED_EDGE('',*,*,#2872,.T.);
#3805=ORIENTED_EDGE('',*,*,#2969,.T.);
#3806=ORIENTED_EDGE('',*,*,#2967,.F.);
#3807=ORIENTED_EDGE('',*,*,#2844,.T.);
#3808=ORIENTED_EDGE('',*,*,#2970,.T.);
#3809=ORIENTED_EDGE('',*,*,#2971,.T.);
#3810=ORIENTED_EDGE('',*,*,#2868,.F.);
#3811=ORIENTED_EDGE('',*,*,#2843,.T.);
#3812=ORIENTED_EDGE('',*,*,#2867,.T.);
#3813=ORIENTED_EDGE('',*,*,#2972,.T.);
#3814=ORIENTED_EDGE('',*,*,#2970,.F.);
#3815=ORIENTED_EDGE('',*,*,#2860,.T.);
#3816=ORIENTED_EDGE('',*,*,#2973,.T.);
#3817=ORIENTED_EDGE('',*,*,#2974,.T.);
#3818=ORIENTED_EDGE('',*,*,#2888,.F.);
#3819=ORIENTED_EDGE('',*,*,#2859,.T.);
#3820=ORIENTED_EDGE('',*,*,#2887,.T.);
#3821=ORIENTED_EDGE('',*,*,#2975,.T.);
#3822=ORIENTED_EDGE('',*,*,#2973,.F.);
#3823=ORIENTED_EDGE('',*,*,#2852,.T.);
#3824=ORIENTED_EDGE('',*,*,#2976,.T.);
#3825=ORIENTED_EDGE('',*,*,#2977,.T.);
#3826=ORIENTED_EDGE('',*,*,#2878,.F.);
#3827=ORIENTED_EDGE('',*,*,#2851,.T.);
#3828=ORIENTED_EDGE('',*,*,#2877,.T.);
#3829=ORIENTED_EDGE('',*,*,#2978,.T.);
#3830=ORIENTED_EDGE('',*,*,#2976,.F.);
#3831=ORIENTED_EDGE('',*,*,#2979,.F.);
#3832=ORIENTED_EDGE('',*,*,#2980,.T.);
#3833=ORIENTED_EDGE('',*,*,#2981,.T.);
#3834=ORIENTED_EDGE('',*,*,#2982,.F.);
#3835=ORIENTED_EDGE('',*,*,#2983,.F.);
#3836=ORIENTED_EDGE('',*,*,#2984,.T.);
#3837=ORIENTED_EDGE('',*,*,#2985,.T.);
#3838=ORIENTED_EDGE('',*,*,#2980,.F.);
#3839=ORIENTED_EDGE('',*,*,#2986,.F.);
#3840=ORIENTED_EDGE('',*,*,#2987,.T.);
#3841=ORIENTED_EDGE('',*,*,#2988,.T.);
#3842=ORIENTED_EDGE('',*,*,#2984,.F.);
#3843=ORIENTED_EDGE('',*,*,#2989,.F.);
#3844=ORIENTED_EDGE('',*,*,#2982,.T.);
#3845=ORIENTED_EDGE('',*,*,#2990,.T.);
#3846=ORIENTED_EDGE('',*,*,#2987,.F.);
#3847=ORIENTED_EDGE('',*,*,#2990,.F.);
#3848=ORIENTED_EDGE('',*,*,#2981,.F.);
#3849=ORIENTED_EDGE('',*,*,#2985,.F.);
#3850=ORIENTED_EDGE('',*,*,#2988,.F.);
#3851=ORIENTED_EDGE('',*,*,#2876,.F.);
#3852=ORIENTED_EDGE('',*,*,#2879,.F.);
#3853=ORIENTED_EDGE('',*,*,#2977,.F.);
#3854=ORIENTED_EDGE('',*,*,#2978,.F.);
#3855=ORIENTED_EDGE('',*,*,#2886,.F.);
#3856=ORIENTED_EDGE('',*,*,#2889,.F.);
#3857=ORIENTED_EDGE('',*,*,#2974,.F.);
#3858=ORIENTED_EDGE('',*,*,#2975,.F.);
#3859=ORIENTED_EDGE('',*,*,#2866,.F.);
#3860=ORIENTED_EDGE('',*,*,#2869,.F.);
#3861=ORIENTED_EDGE('',*,*,#2971,.F.);
#3862=ORIENTED_EDGE('',*,*,#2972,.F.);
#3863=ORIENTED_EDGE('',*,*,#2871,.F.);
#3864=ORIENTED_EDGE('',*,*,#2874,.F.);
#3865=ORIENTED_EDGE('',*,*,#2968,.F.);
#3866=ORIENTED_EDGE('',*,*,#2969,.F.);
#3867=ORIENTED_EDGE('',*,*,#2891,.F.);
#3868=ORIENTED_EDGE('',*,*,#2894,.F.);
#3869=ORIENTED_EDGE('',*,*,#2965,.F.);
#3870=ORIENTED_EDGE('',*,*,#2966,.F.);
#3871=ORIENTED_EDGE('',*,*,#2881,.F.);
#3872=ORIENTED_EDGE('',*,*,#2884,.F.);
#3873=ORIENTED_EDGE('',*,*,#2962,.F.);
#3874=ORIENTED_EDGE('',*,*,#2963,.F.);
#3875=ORIENTED_EDGE('',*,*,#2991,.F.);
#3876=ORIENTED_EDGE('',*,*,#2992,.F.);
#3877=ORIENTED_EDGE('',*,*,#2993,.T.);
#3878=ORIENTED_EDGE('',*,*,#2994,.F.);
#3879=ORIENTED_EDGE('',*,*,#2995,.F.);
#3880=ORIENTED_EDGE('',*,*,#2996,.F.);
#3881=ORIENTED_EDGE('',*,*,#2997,.T.);
#3882=ORIENTED_EDGE('',*,*,#2931,.F.);
#3883=ORIENTED_EDGE('',*,*,#2902,.T.);
#3884=ORIENTED_EDGE('',*,*,#2928,.T.);
#3885=ORIENTED_EDGE('',*,*,#2998,.T.);
#3886=ORIENTED_EDGE('',*,*,#2952,.F.);
#3887=ORIENTED_EDGE('',*,*,#2914,.T.);
#3888=ORIENTED_EDGE('',*,*,#2949,.T.);
#3889=ORIENTED_EDGE('',*,*,#2999,.T.);
#3890=ORIENTED_EDGE('',*,*,#2945,.F.);
#3891=ORIENTED_EDGE('',*,*,#2910,.T.);
#3892=ORIENTED_EDGE('',*,*,#2942,.T.);
#3893=ORIENTED_EDGE('',*,*,#3000,.T.);
#3894=ORIENTED_EDGE('',*,*,#2924,.F.);
#3895=ORIENTED_EDGE('',*,*,#2898,.T.);
#3896=ORIENTED_EDGE('',*,*,#2921,.T.);
#3897=ORIENTED_EDGE('',*,*,#3001,.T.);
#3898=ORIENTED_EDGE('',*,*,#2938,.F.);
#3899=ORIENTED_EDGE('',*,*,#2906,.T.);
#3900=ORIENTED_EDGE('',*,*,#2935,.T.);
#3901=ORIENTED_EDGE('',*,*,#3002,.T.);
#3902=ORIENTED_EDGE('',*,*,#2959,.F.);
#3903=ORIENTED_EDGE('',*,*,#2918,.T.);
#3904=ORIENTED_EDGE('',*,*,#2956,.T.);
#3905=ORIENTED_EDGE('',*,*,#3003,.T.);
#3906=ORIENTED_EDGE('',*,*,#3004,.F.);
#3907=ORIENTED_EDGE('',*,*,#2997,.F.);
#3908=ORIENTED_EDGE('',*,*,#3005,.F.);
#3909=ORIENTED_EDGE('',*,*,#2993,.F.);
#3910=ORIENTED_EDGE('',*,*,#3006,.F.);
#3911=ORIENTED_EDGE('',*,*,#3003,.F.);
#3912=ORIENTED_EDGE('',*,*,#2955,.F.);
#3913=ORIENTED_EDGE('',*,*,#2958,.F.);
#3914=ORIENTED_EDGE('',*,*,#2960,.F.);
#3915=ORIENTED_EDGE('',*,*,#3002,.F.);
#3916=ORIENTED_EDGE('',*,*,#2934,.F.);
#3917=ORIENTED_EDGE('',*,*,#2937,.F.);
#3918=ORIENTED_EDGE('',*,*,#2939,.F.);
#3919=ORIENTED_EDGE('',*,*,#3001,.F.);
#3920=ORIENTED_EDGE('',*,*,#2920,.F.);
#3921=ORIENTED_EDGE('',*,*,#2923,.F.);
#3922=ORIENTED_EDGE('',*,*,#2925,.F.);
#3923=ORIENTED_EDGE('',*,*,#3000,.F.);
#3924=ORIENTED_EDGE('',*,*,#2941,.F.);
#3925=ORIENTED_EDGE('',*,*,#2944,.F.);
#3926=ORIENTED_EDGE('',*,*,#2946,.F.);
#3927=ORIENTED_EDGE('',*,*,#2999,.F.);
#3928=ORIENTED_EDGE('',*,*,#2948,.F.);
#3929=ORIENTED_EDGE('',*,*,#2951,.F.);
#3930=ORIENTED_EDGE('',*,*,#2953,.F.);
#3931=ORIENTED_EDGE('',*,*,#2998,.F.);
#3932=ORIENTED_EDGE('',*,*,#2927,.F.);
#3933=ORIENTED_EDGE('',*,*,#2930,.F.);
#3934=ORIENTED_EDGE('',*,*,#2932,.F.);
#3935=ORIENTED_EDGE('',*,*,#3004,.T.);
#3936=ORIENTED_EDGE('',*,*,#3006,.T.);
#3937=ORIENTED_EDGE('',*,*,#2992,.T.);
#3938=ORIENTED_EDGE('',*,*,#3007,.F.);
#3939=ORIENTED_EDGE('',*,*,#3008,.F.);
#3940=ORIENTED_EDGE('',*,*,#3009,.T.);
#3941=ORIENTED_EDGE('',*,*,#3010,.T.);
#3942=ORIENTED_EDGE('',*,*,#3011,.F.);
#3943=ORIENTED_EDGE('',*,*,#3012,.T.);
#3944=ORIENTED_EDGE('',*,*,#3013,.T.);
#3945=ORIENTED_EDGE('',*,*,#3014,.T.);
#3946=ORIENTED_EDGE('',*,*,#3015,.F.);
#3947=ORIENTED_EDGE('',*,*,#3016,.T.);
#3948=ORIENTED_EDGE('',*,*,#3017,.T.);
#3949=ORIENTED_EDGE('',*,*,#3018,.T.);
#3950=ORIENTED_EDGE('',*,*,#3019,.F.);
#3951=ORIENTED_EDGE('',*,*,#2991,.T.);
#3952=ORIENTED_EDGE('',*,*,#3020,.T.);
#3953=ORIENTED_EDGE('',*,*,#3021,.T.);
#3954=ORIENTED_EDGE('',*,*,#3007,.T.);
#3955=ORIENTED_EDGE('',*,*,#2995,.T.);
#3956=ORIENTED_EDGE('',*,*,#3019,.T.);
#3957=ORIENTED_EDGE('',*,*,#3022,.T.);
#3958=ORIENTED_EDGE('',*,*,#3023,.T.);
#3959=ORIENTED_EDGE('',*,*,#2979,.T.);
#3960=ORIENTED_EDGE('',*,*,#2989,.T.);
#3961=ORIENTED_EDGE('',*,*,#2986,.T.);
#3962=ORIENTED_EDGE('',*,*,#2983,.T.);
#3963=ORIENTED_EDGE('',*,*,#3024,.F.);
#3964=ORIENTED_EDGE('',*,*,#3025,.T.);
#3965=ORIENTED_EDGE('',*,*,#3026,.T.);
#3966=ORIENTED_EDGE('',*,*,#3027,.F.);
#3967=ORIENTED_EDGE('',*,*,#3028,.F.);
#3968=ORIENTED_EDGE('',*,*,#3029,.T.);
#3969=ORIENTED_EDGE('',*,*,#3030,.T.);
#3970=ORIENTED_EDGE('',*,*,#3025,.F.);
#3971=ORIENTED_EDGE('',*,*,#3031,.F.);
#3972=ORIENTED_EDGE('',*,*,#3032,.F.);
#3973=ORIENTED_EDGE('',*,*,#3033,.T.);
#3974=ORIENTED_EDGE('',*,*,#3029,.F.);
#3975=ORIENTED_EDGE('',*,*,#3033,.F.);
#3976=ORIENTED_EDGE('',*,*,#3034,.F.);
#3977=ORIENTED_EDGE('',*,*,#3026,.F.);
#3978=ORIENTED_EDGE('',*,*,#3030,.F.);
#3979=ORIENTED_EDGE('',*,*,#3035,.F.);
#3980=ORIENTED_EDGE('',*,*,#3036,.T.);
#3981=ORIENTED_EDGE('',*,*,#3037,.T.);
#3982=ORIENTED_EDGE('',*,*,#3016,.F.);
#3983=ORIENTED_EDGE('',*,*,#3038,.F.);
#3984=ORIENTED_EDGE('',*,*,#3039,.F.);
#3985=ORIENTED_EDGE('',*,*,#3040,.T.);
#3986=ORIENTED_EDGE('',*,*,#3036,.F.);
#3987=ORIENTED_EDGE('',*,*,#3041,.F.);
#3988=ORIENTED_EDGE('',*,*,#3017,.F.);
#3989=ORIENTED_EDGE('',*,*,#3037,.F.);
#3990=ORIENTED_EDGE('',*,*,#3040,.F.);
#3991=ORIENTED_EDGE('',*,*,#3042,.F.);
#3992=ORIENTED_EDGE('',*,*,#3043,.T.);
#3993=ORIENTED_EDGE('',*,*,#3044,.T.);
#3994=ORIENTED_EDGE('',*,*,#3045,.F.);
#3995=ORIENTED_EDGE('',*,*,#3046,.F.);
#3996=ORIENTED_EDGE('',*,*,#3047,.F.);
#3997=ORIENTED_EDGE('',*,*,#3048,.T.);
#3998=ORIENTED_EDGE('',*,*,#3043,.F.);
#3999=ORIENTED_EDGE('',*,*,#3049,.F.);
#4000=ORIENTED_EDGE('',*,*,#3050,.F.);
#4001=ORIENTED_EDGE('',*,*,#3044,.F.);
#4002=ORIENTED_EDGE('',*,*,#3048,.F.);
#4003=ORIENTED_EDGE('',*,*,#3051,.F.);
#4004=ORIENTED_EDGE('',*,*,#3052,.T.);
#4005=ORIENTED_EDGE('',*,*,#3053,.T.);
#4006=ORIENTED_EDGE('',*,*,#3012,.F.);
#4007=ORIENTED_EDGE('',*,*,#3054,.F.);
#4008=ORIENTED_EDGE('',*,*,#3055,.T.);
#4009=ORIENTED_EDGE('',*,*,#3056,.T.);
#4010=ORIENTED_EDGE('',*,*,#3052,.F.);
#4011=ORIENTED_EDGE('',*,*,#3057,.F.);
#4012=ORIENTED_EDGE('',*,*,#3014,.F.);
#4013=ORIENTED_EDGE('',*,*,#3058,.T.);
#4014=ORIENTED_EDGE('',*,*,#3055,.F.);
#4015=ORIENTED_EDGE('',*,*,#3013,.F.);
#4016=ORIENTED_EDGE('',*,*,#3053,.F.);
#4017=ORIENTED_EDGE('',*,*,#3056,.F.);
#4018=ORIENTED_EDGE('',*,*,#3058,.F.);
#4019=ORIENTED_EDGE('',*,*,#3059,.F.);
#4020=ORIENTED_EDGE('',*,*,#3060,.T.);
#4021=ORIENTED_EDGE('',*,*,#3061,.T.);
#4022=ORIENTED_EDGE('',*,*,#3062,.F.);
#4023=ORIENTED_EDGE('',*,*,#3063,.F.);
#4024=ORIENTED_EDGE('',*,*,#3064,.T.);
#4025=ORIENTED_EDGE('',*,*,#3065,.T.);
#4026=ORIENTED_EDGE('',*,*,#3060,.F.);
#4027=ORIENTED_EDGE('',*,*,#3066,.F.);
#4028=ORIENTED_EDGE('',*,*,#3067,.F.);
#4029=ORIENTED_EDGE('',*,*,#3068,.T.);
#4030=ORIENTED_EDGE('',*,*,#3064,.F.);
#4031=ORIENTED_EDGE('',*,*,#3068,.F.);
#4032=ORIENTED_EDGE('',*,*,#3069,.F.);
#4033=ORIENTED_EDGE('',*,*,#3070,.F.);
#4034=ORIENTED_EDGE('',*,*,#3061,.F.);
#4035=ORIENTED_EDGE('',*,*,#3065,.F.);
#4036=ORIENTED_EDGE('',*,*,#3071,.F.);
#4037=ORIENTED_EDGE('',*,*,#3072,.T.);
#4038=ORIENTED_EDGE('',*,*,#3073,.T.);
#4039=ORIENTED_EDGE('',*,*,#3074,.F.);
#4040=ORIENTED_EDGE('',*,*,#3075,.F.);
#4041=ORIENTED_EDGE('',*,*,#3010,.F.);
#4042=ORIENTED_EDGE('',*,*,#3076,.T.);
#4043=ORIENTED_EDGE('',*,*,#3072,.F.);
#4044=ORIENTED_EDGE('',*,*,#3009,.F.);
#4045=ORIENTED_EDGE('',*,*,#3077,.F.);
#4046=ORIENTED_EDGE('',*,*,#3073,.F.);
#4047=ORIENTED_EDGE('',*,*,#3076,.F.);
#4048=ORIENTED_EDGE('',*,*,#3041,.T.);
#4049=ORIENTED_EDGE('',*,*,#3039,.T.);
#4050=ORIENTED_EDGE('',*,*,#3078,.F.);
#4051=ORIENTED_EDGE('',*,*,#3062,.T.);
#4052=ORIENTED_EDGE('',*,*,#3070,.T.);
#4053=ORIENTED_EDGE('',*,*,#3079,.T.);
#4054=ORIENTED_EDGE('',*,*,#3022,.F.);
#4055=ORIENTED_EDGE('',*,*,#3018,.F.);
#4056=ORIENTED_EDGE('',*,*,#3049,.T.);
#4057=ORIENTED_EDGE('',*,*,#3047,.T.);
#4058=ORIENTED_EDGE('',*,*,#3080,.F.);
#4059=ORIENTED_EDGE('',*,*,#3074,.T.);
#4060=ORIENTED_EDGE('',*,*,#3077,.T.);
#4061=ORIENTED_EDGE('',*,*,#3008,.T.);
#4062=ORIENTED_EDGE('',*,*,#3021,.F.);
#4063=ORIENTED_EDGE('',*,*,#3081,.F.);
#4064=ORIENTED_EDGE('',*,*,#3031,.T.);
#4065=ORIENTED_EDGE('',*,*,#3028,.T.);
#4066=ORIENTED_EDGE('',*,*,#3024,.T.);
#4067=ORIENTED_EDGE('',*,*,#3082,.T.);
#4068=ORIENTED_EDGE('',*,*,#3066,.T.);
#4069=ORIENTED_EDGE('',*,*,#3063,.T.);
#4070=ORIENTED_EDGE('',*,*,#3059,.T.);
#4071=ORIENTED_EDGE('',*,*,#3078,.T.);
#4072=ORIENTED_EDGE('',*,*,#3038,.T.);
#4073=ORIENTED_EDGE('',*,*,#3035,.T.);
#4074=ORIENTED_EDGE('',*,*,#3015,.T.);
#4075=ORIENTED_EDGE('',*,*,#3057,.T.);
#4076=ORIENTED_EDGE('',*,*,#3054,.T.);
#4077=ORIENTED_EDGE('',*,*,#3051,.T.);
#4078=ORIENTED_EDGE('',*,*,#3011,.T.);
#4079=ORIENTED_EDGE('',*,*,#3075,.T.);
#4080=ORIENTED_EDGE('',*,*,#3071,.T.);
#4081=ORIENTED_EDGE('',*,*,#3080,.T.);
#4082=ORIENTED_EDGE('',*,*,#3046,.T.);
#4083=ORIENTED_EDGE('',*,*,#3042,.T.);
#4084=ORIENTED_EDGE('',*,*,#3083,.T.);
#4085=ORIENTED_EDGE('',*,*,#2996,.T.);
#4086=ORIENTED_EDGE('',*,*,#3023,.F.);
#4087=ORIENTED_EDGE('',*,*,#3079,.F.);
#4088=ORIENTED_EDGE('',*,*,#3069,.T.);
#4089=ORIENTED_EDGE('',*,*,#3067,.T.);
#4090=ORIENTED_EDGE('',*,*,#3082,.F.);
#4091=ORIENTED_EDGE('',*,*,#3027,.T.);
#4092=ORIENTED_EDGE('',*,*,#3034,.T.);
#4093=ORIENTED_EDGE('',*,*,#3032,.T.);
#4094=ORIENTED_EDGE('',*,*,#3083,.F.);
#4095=ORIENTED_EDGE('',*,*,#3045,.T.);
#4096=ORIENTED_EDGE('',*,*,#3050,.T.);
#4097=ORIENTED_EDGE('',*,*,#3081,.T.);
#4098=ORIENTED_EDGE('',*,*,#3020,.F.);
#4099=ORIENTED_EDGE('',*,*,#2994,.T.);
#4100=ORIENTED_EDGE('',*,*,#3005,.T.);
#4101=ORIENTED_EDGE('',*,*,#3084,.F.);
#4102=ORIENTED_EDGE('',*,*,#3085,.T.);
#4103=ORIENTED_EDGE('',*,*,#3086,.T.);
#4104=ORIENTED_EDGE('',*,*,#3087,.F.);
#4105=ORIENTED_EDGE('',*,*,#3088,.F.);
#4106=ORIENTED_EDGE('',*,*,#3089,.T.);
#4107=ORIENTED_EDGE('',*,*,#3090,.T.);
#4108=ORIENTED_EDGE('',*,*,#3085,.F.);
#4109=ORIENTED_EDGE('',*,*,#3091,.F.);
#4110=ORIENTED_EDGE('',*,*,#3092,.T.);
#4111=ORIENTED_EDGE('',*,*,#3093,.T.);
#4112=ORIENTED_EDGE('',*,*,#3089,.F.);
#4113=ORIENTED_EDGE('',*,*,#3094,.F.);
#4114=ORIENTED_EDGE('',*,*,#3087,.T.);
#4115=ORIENTED_EDGE('',*,*,#3095,.T.);
#4116=ORIENTED_EDGE('',*,*,#3092,.F.);
#4117=ORIENTED_EDGE('',*,*,#3095,.F.);
#4118=ORIENTED_EDGE('',*,*,#3086,.F.);
#4119=ORIENTED_EDGE('',*,*,#3090,.F.);
#4120=ORIENTED_EDGE('',*,*,#3093,.F.);
#4121=ORIENTED_EDGE('',*,*,#3096,.F.);
#4122=ORIENTED_EDGE('',*,*,#3097,.T.);
#4123=ORIENTED_EDGE('',*,*,#3098,.T.);
#4124=ORIENTED_EDGE('',*,*,#3099,.F.);
#4125=ORIENTED_EDGE('',*,*,#3100,.F.);
#4126=ORIENTED_EDGE('',*,*,#3101,.T.);
#4127=ORIENTED_EDGE('',*,*,#3102,.T.);
#4128=ORIENTED_EDGE('',*,*,#3097,.F.);
#4129=ORIENTED_EDGE('',*,*,#3103,.F.);
#4130=ORIENTED_EDGE('',*,*,#3104,.T.);
#4131=ORIENTED_EDGE('',*,*,#3105,.T.);
#4132=ORIENTED_EDGE('',*,*,#3101,.F.);
#4133=ORIENTED_EDGE('',*,*,#3106,.F.);
#4134=ORIENTED_EDGE('',*,*,#3099,.T.);
#4135=ORIENTED_EDGE('',*,*,#3107,.T.);
#4136=ORIENTED_EDGE('',*,*,#3104,.F.);
#4137=ORIENTED_EDGE('',*,*,#3107,.F.);
#4138=ORIENTED_EDGE('',*,*,#3098,.F.);
#4139=ORIENTED_EDGE('',*,*,#3102,.F.);
#4140=ORIENTED_EDGE('',*,*,#3105,.F.);
#4141=ORIENTED_EDGE('',*,*,#3108,.F.);
#4142=ORIENTED_EDGE('',*,*,#3109,.T.);
#4143=ORIENTED_EDGE('',*,*,#3110,.T.);
#4144=ORIENTED_EDGE('',*,*,#3111,.F.);
#4145=ORIENTED_EDGE('',*,*,#3112,.F.);
#4146=ORIENTED_EDGE('',*,*,#3113,.T.);
#4147=ORIENTED_EDGE('',*,*,#3114,.T.);
#4148=ORIENTED_EDGE('',*,*,#3109,.F.);
#4149=ORIENTED_EDGE('',*,*,#3115,.F.);
#4150=ORIENTED_EDGE('',*,*,#3116,.T.);
#4151=ORIENTED_EDGE('',*,*,#3117,.T.);
#4152=ORIENTED_EDGE('',*,*,#3113,.F.);
#4153=ORIENTED_EDGE('',*,*,#3118,.F.);
#4154=ORIENTED_EDGE('',*,*,#3111,.T.);
#4155=ORIENTED_EDGE('',*,*,#3119,.T.);
#4156=ORIENTED_EDGE('',*,*,#3116,.F.);
#4157=ORIENTED_EDGE('',*,*,#3119,.F.);
#4158=ORIENTED_EDGE('',*,*,#3110,.F.);
#4159=ORIENTED_EDGE('',*,*,#3114,.F.);
#4160=ORIENTED_EDGE('',*,*,#3117,.F.);
#4161=ORIENTED_EDGE('',*,*,#3120,.F.);
#4162=ORIENTED_EDGE('',*,*,#3121,.T.);
#4163=ORIENTED_EDGE('',*,*,#3122,.T.);
#4164=ORIENTED_EDGE('',*,*,#3123,.F.);
#4165=ORIENTED_EDGE('',*,*,#3124,.F.);
#4166=ORIENTED_EDGE('',*,*,#3125,.T.);
#4167=ORIENTED_EDGE('',*,*,#3126,.T.);
#4168=ORIENTED_EDGE('',*,*,#3121,.F.);
#4169=ORIENTED_EDGE('',*,*,#3127,.F.);
#4170=ORIENTED_EDGE('',*,*,#3128,.T.);
#4171=ORIENTED_EDGE('',*,*,#3129,.T.);
#4172=ORIENTED_EDGE('',*,*,#3125,.F.);
#4173=ORIENTED_EDGE('',*,*,#3130,.F.);
#4174=ORIENTED_EDGE('',*,*,#3123,.T.);
#4175=ORIENTED_EDGE('',*,*,#3131,.T.);
#4176=ORIENTED_EDGE('',*,*,#3128,.F.);
#4177=ORIENTED_EDGE('',*,*,#3131,.F.);
#4178=ORIENTED_EDGE('',*,*,#3122,.F.);
#4179=ORIENTED_EDGE('',*,*,#3126,.F.);
#4180=ORIENTED_EDGE('',*,*,#3129,.F.);
#4181=ORIENTED_EDGE('',*,*,#3132,.F.);
#4182=ORIENTED_EDGE('',*,*,#3133,.T.);
#4183=ORIENTED_EDGE('',*,*,#3134,.T.);
#4184=ORIENTED_EDGE('',*,*,#3135,.F.);
#4185=ORIENTED_EDGE('',*,*,#3136,.F.);
#4186=ORIENTED_EDGE('',*,*,#3137,.T.);
#4187=ORIENTED_EDGE('',*,*,#3138,.T.);
#4188=ORIENTED_EDGE('',*,*,#3133,.F.);
#4189=ORIENTED_EDGE('',*,*,#3139,.F.);
#4190=ORIENTED_EDGE('',*,*,#3140,.T.);
#4191=ORIENTED_EDGE('',*,*,#3141,.T.);
#4192=ORIENTED_EDGE('',*,*,#3137,.F.);
#4193=ORIENTED_EDGE('',*,*,#3142,.F.);
#4194=ORIENTED_EDGE('',*,*,#3135,.T.);
#4195=ORIENTED_EDGE('',*,*,#3143,.T.);
#4196=ORIENTED_EDGE('',*,*,#3140,.F.);
#4197=ORIENTED_EDGE('',*,*,#3143,.F.);
#4198=ORIENTED_EDGE('',*,*,#3134,.F.);
#4199=ORIENTED_EDGE('',*,*,#3138,.F.);
#4200=ORIENTED_EDGE('',*,*,#3141,.F.);
#4201=ORIENTED_EDGE('',*,*,#3144,.F.);
#4202=ORIENTED_EDGE('',*,*,#3145,.T.);
#4203=ORIENTED_EDGE('',*,*,#3146,.T.);
#4204=ORIENTED_EDGE('',*,*,#3147,.F.);
#4205=ORIENTED_EDGE('',*,*,#3148,.F.);
#4206=ORIENTED_EDGE('',*,*,#3149,.T.);
#4207=ORIENTED_EDGE('',*,*,#3150,.T.);
#4208=ORIENTED_EDGE('',*,*,#3145,.F.);
#4209=ORIENTED_EDGE('',*,*,#3151,.F.);
#4210=ORIENTED_EDGE('',*,*,#3152,.T.);
#4211=ORIENTED_EDGE('',*,*,#3153,.T.);
#4212=ORIENTED_EDGE('',*,*,#3149,.F.);
#4213=ORIENTED_EDGE('',*,*,#3154,.F.);
#4214=ORIENTED_EDGE('',*,*,#3147,.T.);
#4215=ORIENTED_EDGE('',*,*,#3155,.T.);
#4216=ORIENTED_EDGE('',*,*,#3152,.F.);
#4217=ORIENTED_EDGE('',*,*,#3155,.F.);
#4218=ORIENTED_EDGE('',*,*,#3146,.F.);
#4219=ORIENTED_EDGE('',*,*,#3150,.F.);
#4220=ORIENTED_EDGE('',*,*,#3153,.F.);
#4221=ORIENTED_EDGE('',*,*,#3156,.F.);
#4222=ORIENTED_EDGE('',*,*,#3157,.T.);
#4223=ORIENTED_EDGE('',*,*,#3158,.F.);
#4224=ORIENTED_EDGE('',*,*,#3159,.F.);
#4225=ORIENTED_EDGE('',*,*,#3160,.F.);
#4226=ORIENTED_EDGE('',*,*,#3159,.T.);
#4227=ORIENTED_EDGE('',*,*,#3161,.F.);
#4228=ORIENTED_EDGE('',*,*,#3162,.F.);
#4229=ORIENTED_EDGE('',*,*,#3163,.F.);
#4230=ORIENTED_EDGE('',*,*,#3162,.T.);
#4231=ORIENTED_EDGE('',*,*,#3164,.F.);
#4232=ORIENTED_EDGE('',*,*,#3165,.F.);
#4233=ORIENTED_EDGE('',*,*,#3166,.F.);
#4234=ORIENTED_EDGE('',*,*,#3165,.T.);
#4235=ORIENTED_EDGE('',*,*,#3167,.F.);
#4236=ORIENTED_EDGE('',*,*,#3157,.F.);
#4237=ORIENTED_EDGE('',*,*,#3168,.F.);
#4238=ORIENTED_EDGE('',*,*,#3169,.T.);
#4239=ORIENTED_EDGE('',*,*,#3170,.F.);
#4240=ORIENTED_EDGE('',*,*,#3171,.F.);
#4241=ORIENTED_EDGE('',*,*,#3172,.F.);
#4242=ORIENTED_EDGE('',*,*,#3171,.T.);
#4243=ORIENTED_EDGE('',*,*,#3173,.F.);
#4244=ORIENTED_EDGE('',*,*,#3174,.F.);
#4245=ORIENTED_EDGE('',*,*,#3175,.F.);
#4246=ORIENTED_EDGE('',*,*,#3174,.T.);
#4247=ORIENTED_EDGE('',*,*,#3176,.F.);
#4248=ORIENTED_EDGE('',*,*,#3177,.F.);
#4249=ORIENTED_EDGE('',*,*,#3178,.F.);
#4250=ORIENTED_EDGE('',*,*,#3177,.T.);
#4251=ORIENTED_EDGE('',*,*,#3179,.F.);
#4252=ORIENTED_EDGE('',*,*,#3169,.F.);
#4253=ORIENTED_EDGE('',*,*,#3180,.F.);
#4254=ORIENTED_EDGE('',*,*,#3181,.T.);
#4255=ORIENTED_EDGE('',*,*,#3182,.F.);
#4256=ORIENTED_EDGE('',*,*,#3183,.F.);
#4257=ORIENTED_EDGE('',*,*,#3184,.F.);
#4258=ORIENTED_EDGE('',*,*,#3183,.T.);
#4259=ORIENTED_EDGE('',*,*,#3185,.F.);
#4260=ORIENTED_EDGE('',*,*,#3186,.F.);
#4261=ORIENTED_EDGE('',*,*,#3187,.F.);
#4262=ORIENTED_EDGE('',*,*,#3186,.T.);
#4263=ORIENTED_EDGE('',*,*,#3188,.F.);
#4264=ORIENTED_EDGE('',*,*,#3189,.F.);
#4265=ORIENTED_EDGE('',*,*,#3190,.F.);
#4266=ORIENTED_EDGE('',*,*,#3189,.T.);
#4267=ORIENTED_EDGE('',*,*,#3191,.F.);
#4268=ORIENTED_EDGE('',*,*,#3181,.F.);
#4269=ORIENTED_EDGE('',*,*,#3192,.F.);
#4270=ORIENTED_EDGE('',*,*,#3193,.T.);
#4271=ORIENTED_EDGE('',*,*,#3194,.F.);
#4272=ORIENTED_EDGE('',*,*,#3195,.F.);
#4273=ORIENTED_EDGE('',*,*,#3196,.F.);
#4274=ORIENTED_EDGE('',*,*,#3195,.T.);
#4275=ORIENTED_EDGE('',*,*,#3197,.F.);
#4276=ORIENTED_EDGE('',*,*,#3198,.F.);
#4277=ORIENTED_EDGE('',*,*,#3199,.F.);
#4278=ORIENTED_EDGE('',*,*,#3198,.T.);
#4279=ORIENTED_EDGE('',*,*,#3200,.F.);
#4280=ORIENTED_EDGE('',*,*,#3201,.F.);
#4281=ORIENTED_EDGE('',*,*,#3202,.F.);
#4282=ORIENTED_EDGE('',*,*,#3201,.T.);
#4283=ORIENTED_EDGE('',*,*,#3203,.F.);
#4284=ORIENTED_EDGE('',*,*,#3193,.F.);
#4285=ORIENTED_EDGE('',*,*,#3204,.F.);
#4286=ORIENTED_EDGE('',*,*,#3205,.T.);
#4287=ORIENTED_EDGE('',*,*,#3206,.F.);
#4288=ORIENTED_EDGE('',*,*,#3207,.F.);
#4289=ORIENTED_EDGE('',*,*,#3208,.F.);
#4290=ORIENTED_EDGE('',*,*,#3207,.T.);
#4291=ORIENTED_EDGE('',*,*,#3209,.F.);
#4292=ORIENTED_EDGE('',*,*,#3210,.F.);
#4293=ORIENTED_EDGE('',*,*,#3211,.F.);
#4294=ORIENTED_EDGE('',*,*,#3210,.T.);
#4295=ORIENTED_EDGE('',*,*,#3212,.F.);
#4296=ORIENTED_EDGE('',*,*,#3213,.F.);
#4297=ORIENTED_EDGE('',*,*,#3214,.F.);
#4298=ORIENTED_EDGE('',*,*,#3213,.T.);
#4299=ORIENTED_EDGE('',*,*,#3215,.F.);
#4300=ORIENTED_EDGE('',*,*,#3205,.F.);
#4301=ORIENTED_EDGE('',*,*,#3216,.F.);
#4302=ORIENTED_EDGE('',*,*,#3217,.T.);
#4303=ORIENTED_EDGE('',*,*,#3218,.F.);
#4304=ORIENTED_EDGE('',*,*,#3219,.F.);
#4305=ORIENTED_EDGE('',*,*,#3220,.F.);
#4306=ORIENTED_EDGE('',*,*,#3219,.T.);
#4307=ORIENTED_EDGE('',*,*,#3221,.F.);
#4308=ORIENTED_EDGE('',*,*,#3222,.F.);
#4309=ORIENTED_EDGE('',*,*,#3223,.F.);
#4310=ORIENTED_EDGE('',*,*,#3222,.T.);
#4311=ORIENTED_EDGE('',*,*,#3224,.F.);
#4312=ORIENTED_EDGE('',*,*,#3225,.F.);
#4313=ORIENTED_EDGE('',*,*,#3226,.F.);
#4314=ORIENTED_EDGE('',*,*,#3225,.T.);
#4315=ORIENTED_EDGE('',*,*,#3227,.F.);
#4316=ORIENTED_EDGE('',*,*,#3217,.F.);
#4317=ORIENTED_EDGE('',*,*,#3228,.F.);
#4318=ORIENTED_EDGE('',*,*,#3229,.T.);
#4319=ORIENTED_EDGE('',*,*,#3230,.F.);
#4320=ORIENTED_EDGE('',*,*,#3231,.F.);
#4321=ORIENTED_EDGE('',*,*,#3232,.F.);
#4322=ORIENTED_EDGE('',*,*,#3231,.T.);
#4323=ORIENTED_EDGE('',*,*,#3233,.F.);
#4324=ORIENTED_EDGE('',*,*,#3234,.F.);
#4325=ORIENTED_EDGE('',*,*,#3235,.F.);
#4326=ORIENTED_EDGE('',*,*,#3234,.T.);
#4327=ORIENTED_EDGE('',*,*,#3236,.F.);
#4328=ORIENTED_EDGE('',*,*,#3237,.F.);
#4329=ORIENTED_EDGE('',*,*,#3238,.F.);
#4330=ORIENTED_EDGE('',*,*,#3237,.T.);
#4331=ORIENTED_EDGE('',*,*,#3239,.F.);
#4332=ORIENTED_EDGE('',*,*,#3229,.F.);
#4333=ORIENTED_EDGE('',*,*,#3239,.T.);
#4334=ORIENTED_EDGE('',*,*,#3236,.T.);
#4335=ORIENTED_EDGE('',*,*,#3233,.T.);
#4336=ORIENTED_EDGE('',*,*,#3230,.T.);
#4337=ORIENTED_EDGE('',*,*,#3167,.T.);
#4338=ORIENTED_EDGE('',*,*,#3164,.T.);
#4339=ORIENTED_EDGE('',*,*,#3161,.T.);
#4340=ORIENTED_EDGE('',*,*,#3158,.T.);
#4341=ORIENTED_EDGE('',*,*,#3179,.T.);
#4342=ORIENTED_EDGE('',*,*,#3176,.T.);
#4343=ORIENTED_EDGE('',*,*,#3173,.T.);
#4344=ORIENTED_EDGE('',*,*,#3170,.T.);
#4345=ORIENTED_EDGE('',*,*,#3191,.T.);
#4346=ORIENTED_EDGE('',*,*,#3188,.T.);
#4347=ORIENTED_EDGE('',*,*,#3185,.T.);
#4348=ORIENTED_EDGE('',*,*,#3182,.T.);
#4349=ORIENTED_EDGE('',*,*,#3203,.T.);
#4350=ORIENTED_EDGE('',*,*,#3200,.T.);
#4351=ORIENTED_EDGE('',*,*,#3197,.T.);
#4352=ORIENTED_EDGE('',*,*,#3194,.T.);
#4353=ORIENTED_EDGE('',*,*,#3215,.T.);
#4354=ORIENTED_EDGE('',*,*,#3212,.T.);
#4355=ORIENTED_EDGE('',*,*,#3209,.T.);
#4356=ORIENTED_EDGE('',*,*,#3206,.T.);
#4357=ORIENTED_EDGE('',*,*,#3227,.T.);
#4358=ORIENTED_EDGE('',*,*,#3224,.T.);
#4359=ORIENTED_EDGE('',*,*,#3221,.T.);
#4360=ORIENTED_EDGE('',*,*,#3218,.T.);
#4361=ORIENTED_EDGE('',*,*,#3144,.T.);
#4362=ORIENTED_EDGE('',*,*,#3154,.T.);
#4363=ORIENTED_EDGE('',*,*,#3151,.T.);
#4364=ORIENTED_EDGE('',*,*,#3148,.T.);
#4365=ORIENTED_EDGE('',*,*,#3132,.T.);
#4366=ORIENTED_EDGE('',*,*,#3142,.T.);
#4367=ORIENTED_EDGE('',*,*,#3139,.T.);
#4368=ORIENTED_EDGE('',*,*,#3136,.T.);
#4369=ORIENTED_EDGE('',*,*,#3120,.T.);
#4370=ORIENTED_EDGE('',*,*,#3130,.T.);
#4371=ORIENTED_EDGE('',*,*,#3127,.T.);
#4372=ORIENTED_EDGE('',*,*,#3124,.T.);
#4373=ORIENTED_EDGE('',*,*,#3108,.T.);
#4374=ORIENTED_EDGE('',*,*,#3118,.T.);
#4375=ORIENTED_EDGE('',*,*,#3115,.T.);
#4376=ORIENTED_EDGE('',*,*,#3112,.T.);
#4377=ORIENTED_EDGE('',*,*,#3096,.T.);
#4378=ORIENTED_EDGE('',*,*,#3106,.T.);
#4379=ORIENTED_EDGE('',*,*,#3103,.T.);
#4380=ORIENTED_EDGE('',*,*,#3100,.T.);
#4381=ORIENTED_EDGE('',*,*,#3084,.T.);
#4382=ORIENTED_EDGE('',*,*,#3094,.T.);
#4383=ORIENTED_EDGE('',*,*,#3091,.T.);
#4384=ORIENTED_EDGE('',*,*,#3088,.T.);
#4385=ORIENTED_EDGE('',*,*,#3238,.T.);
#4386=ORIENTED_EDGE('',*,*,#3228,.T.);
#4387=ORIENTED_EDGE('',*,*,#3232,.T.);
#4388=ORIENTED_EDGE('',*,*,#3235,.T.);
#4389=ORIENTED_EDGE('',*,*,#3226,.T.);
#4390=ORIENTED_EDGE('',*,*,#3216,.T.);
#4391=ORIENTED_EDGE('',*,*,#3220,.T.);
#4392=ORIENTED_EDGE('',*,*,#3223,.T.);
#4393=ORIENTED_EDGE('',*,*,#3214,.T.);
#4394=ORIENTED_EDGE('',*,*,#3204,.T.);
#4395=ORIENTED_EDGE('',*,*,#3208,.T.);
#4396=ORIENTED_EDGE('',*,*,#3211,.T.);
#4397=ORIENTED_EDGE('',*,*,#3202,.T.);
#4398=ORIENTED_EDGE('',*,*,#3192,.T.);
#4399=ORIENTED_EDGE('',*,*,#3196,.T.);
#4400=ORIENTED_EDGE('',*,*,#3199,.T.);
#4401=ORIENTED_EDGE('',*,*,#3190,.T.);
#4402=ORIENTED_EDGE('',*,*,#3180,.T.);
#4403=ORIENTED_EDGE('',*,*,#3184,.T.);
#4404=ORIENTED_EDGE('',*,*,#3187,.T.);
#4405=ORIENTED_EDGE('',*,*,#3178,.T.);
#4406=ORIENTED_EDGE('',*,*,#3168,.T.);
#4407=ORIENTED_EDGE('',*,*,#3172,.T.);
#4408=ORIENTED_EDGE('',*,*,#3175,.T.);
#4409=ORIENTED_EDGE('',*,*,#3166,.T.);
#4410=ORIENTED_EDGE('',*,*,#3156,.T.);
#4411=ORIENTED_EDGE('',*,*,#3160,.T.);
#4412=ORIENTED_EDGE('',*,*,#3163,.T.);
#4413=ORIENTED_EDGE('',*,*,#3240,.F.);
#4414=ORIENTED_EDGE('',*,*,#3241,.T.);
#4415=ORIENTED_EDGE('',*,*,#3242,.F.);
#4416=ORIENTED_EDGE('',*,*,#3243,.F.);
#4417=ORIENTED_EDGE('',*,*,#3244,.F.);
#4418=ORIENTED_EDGE('',*,*,#3243,.T.);
#4419=ORIENTED_EDGE('',*,*,#3245,.F.);
#4420=ORIENTED_EDGE('',*,*,#3246,.F.);
#4421=ORIENTED_EDGE('',*,*,#3247,.F.);
#4422=ORIENTED_EDGE('',*,*,#3246,.T.);
#4423=ORIENTED_EDGE('',*,*,#3248,.F.);
#4424=ORIENTED_EDGE('',*,*,#3249,.F.);
#4425=ORIENTED_EDGE('',*,*,#3250,.F.);
#4426=ORIENTED_EDGE('',*,*,#3249,.T.);
#4427=ORIENTED_EDGE('',*,*,#3251,.F.);
#4428=ORIENTED_EDGE('',*,*,#3252,.F.);
#4429=ORIENTED_EDGE('',*,*,#3253,.F.);
#4430=ORIENTED_EDGE('',*,*,#3252,.T.);
#4431=ORIENTED_EDGE('',*,*,#3254,.F.);
#4432=ORIENTED_EDGE('',*,*,#3255,.F.);
#4433=ORIENTED_EDGE('',*,*,#3256,.F.);
#4434=ORIENTED_EDGE('',*,*,#3255,.T.);
#4435=ORIENTED_EDGE('',*,*,#3257,.F.);
#4436=ORIENTED_EDGE('',*,*,#3258,.F.);
#4437=ORIENTED_EDGE('',*,*,#3259,.F.);
#4438=ORIENTED_EDGE('',*,*,#3258,.T.);
#4439=ORIENTED_EDGE('',*,*,#3260,.F.);
#4440=ORIENTED_EDGE('',*,*,#3261,.F.);
#4441=ORIENTED_EDGE('',*,*,#3262,.F.);
#4442=ORIENTED_EDGE('',*,*,#3261,.T.);
#4443=ORIENTED_EDGE('',*,*,#3263,.F.);
#4444=ORIENTED_EDGE('',*,*,#3264,.F.);
#4445=ORIENTED_EDGE('',*,*,#3265,.F.);
#4446=ORIENTED_EDGE('',*,*,#3264,.T.);
#4447=ORIENTED_EDGE('',*,*,#3266,.F.);
#4448=ORIENTED_EDGE('',*,*,#3267,.F.);
#4449=ORIENTED_EDGE('',*,*,#3268,.F.);
#4450=ORIENTED_EDGE('',*,*,#3267,.T.);
#4451=ORIENTED_EDGE('',*,*,#3269,.F.);
#4452=ORIENTED_EDGE('',*,*,#3270,.F.);
#4453=ORIENTED_EDGE('',*,*,#3271,.F.);
#4454=ORIENTED_EDGE('',*,*,#3270,.T.);
#4455=ORIENTED_EDGE('',*,*,#3272,.F.);
#4456=ORIENTED_EDGE('',*,*,#3273,.F.);
#4457=ORIENTED_EDGE('',*,*,#3274,.F.);
#4458=ORIENTED_EDGE('',*,*,#3273,.T.);
#4459=ORIENTED_EDGE('',*,*,#3275,.F.);
#4460=ORIENTED_EDGE('',*,*,#3276,.F.);
#4461=ORIENTED_EDGE('',*,*,#3277,.F.);
#4462=ORIENTED_EDGE('',*,*,#3276,.T.);
#4463=ORIENTED_EDGE('',*,*,#3278,.F.);
#4464=ORIENTED_EDGE('',*,*,#3279,.F.);
#4465=ORIENTED_EDGE('',*,*,#3280,.F.);
#4466=ORIENTED_EDGE('',*,*,#3279,.T.);
#4467=ORIENTED_EDGE('',*,*,#3281,.F.);
#4468=ORIENTED_EDGE('',*,*,#3282,.F.);
#4469=ORIENTED_EDGE('',*,*,#3283,.F.);
#4470=ORIENTED_EDGE('',*,*,#3282,.T.);
#4471=ORIENTED_EDGE('',*,*,#3284,.F.);
#4472=ORIENTED_EDGE('',*,*,#3285,.F.);
#4473=ORIENTED_EDGE('',*,*,#3286,.F.);
#4474=ORIENTED_EDGE('',*,*,#3285,.T.);
#4475=ORIENTED_EDGE('',*,*,#3287,.F.);
#4476=ORIENTED_EDGE('',*,*,#3288,.F.);
#4477=ORIENTED_EDGE('',*,*,#3289,.F.);
#4478=ORIENTED_EDGE('',*,*,#3288,.T.);
#4479=ORIENTED_EDGE('',*,*,#3290,.F.);
#4480=ORIENTED_EDGE('',*,*,#3291,.F.);
#4481=ORIENTED_EDGE('',*,*,#3292,.F.);
#4482=ORIENTED_EDGE('',*,*,#3291,.T.);
#4483=ORIENTED_EDGE('',*,*,#3293,.F.);
#4484=ORIENTED_EDGE('',*,*,#3294,.F.);
#4485=ORIENTED_EDGE('',*,*,#3295,.F.);
#4486=ORIENTED_EDGE('',*,*,#3294,.T.);
#4487=ORIENTED_EDGE('',*,*,#3296,.F.);
#4488=ORIENTED_EDGE('',*,*,#3297,.F.);
#4489=ORIENTED_EDGE('',*,*,#3298,.F.);
#4490=ORIENTED_EDGE('',*,*,#3297,.T.);
#4491=ORIENTED_EDGE('',*,*,#3299,.F.);
#4492=ORIENTED_EDGE('',*,*,#3300,.F.);
#4493=ORIENTED_EDGE('',*,*,#3301,.F.);
#4494=ORIENTED_EDGE('',*,*,#3300,.T.);
#4495=ORIENTED_EDGE('',*,*,#3302,.F.);
#4496=ORIENTED_EDGE('',*,*,#3303,.F.);
#4497=ORIENTED_EDGE('',*,*,#3304,.F.);
#4498=ORIENTED_EDGE('',*,*,#3303,.T.);
#4499=ORIENTED_EDGE('',*,*,#3305,.F.);
#4500=ORIENTED_EDGE('',*,*,#3306,.F.);
#4501=ORIENTED_EDGE('',*,*,#3307,.F.);
#4502=ORIENTED_EDGE('',*,*,#3306,.T.);
#4503=ORIENTED_EDGE('',*,*,#3308,.F.);
#4504=ORIENTED_EDGE('',*,*,#3309,.F.);
#4505=ORIENTED_EDGE('',*,*,#3310,.F.);
#4506=ORIENTED_EDGE('',*,*,#3309,.T.);
#4507=ORIENTED_EDGE('',*,*,#3311,.F.);
#4508=ORIENTED_EDGE('',*,*,#3312,.F.);
#4509=ORIENTED_EDGE('',*,*,#3313,.F.);
#4510=ORIENTED_EDGE('',*,*,#3312,.T.);
#4511=ORIENTED_EDGE('',*,*,#3314,.F.);
#4512=ORIENTED_EDGE('',*,*,#3315,.F.);
#4513=ORIENTED_EDGE('',*,*,#3316,.F.);
#4514=ORIENTED_EDGE('',*,*,#3315,.T.);
#4515=ORIENTED_EDGE('',*,*,#3317,.F.);
#4516=ORIENTED_EDGE('',*,*,#3318,.F.);
#4517=ORIENTED_EDGE('',*,*,#3319,.F.);
#4518=ORIENTED_EDGE('',*,*,#3318,.T.);
#4519=ORIENTED_EDGE('',*,*,#3320,.F.);
#4520=ORIENTED_EDGE('',*,*,#3321,.F.);
#4521=ORIENTED_EDGE('',*,*,#3322,.F.);
#4522=ORIENTED_EDGE('',*,*,#3321,.T.);
#4523=ORIENTED_EDGE('',*,*,#3323,.F.);
#4524=ORIENTED_EDGE('',*,*,#3241,.F.);
#4525=ORIENTED_EDGE('',*,*,#3323,.T.);
#4526=ORIENTED_EDGE('',*,*,#3320,.T.);
#4527=ORIENTED_EDGE('',*,*,#3317,.T.);
#4528=ORIENTED_EDGE('',*,*,#3314,.T.);
#4529=ORIENTED_EDGE('',*,*,#3311,.T.);
#4530=ORIENTED_EDGE('',*,*,#3308,.T.);
#4531=ORIENTED_EDGE('',*,*,#3305,.T.);
#4532=ORIENTED_EDGE('',*,*,#3302,.T.);
#4533=ORIENTED_EDGE('',*,*,#3299,.T.);
#4534=ORIENTED_EDGE('',*,*,#3296,.T.);
#4535=ORIENTED_EDGE('',*,*,#3293,.T.);
#4536=ORIENTED_EDGE('',*,*,#3290,.T.);
#4537=ORIENTED_EDGE('',*,*,#3287,.T.);
#4538=ORIENTED_EDGE('',*,*,#3284,.T.);
#4539=ORIENTED_EDGE('',*,*,#3281,.T.);
#4540=ORIENTED_EDGE('',*,*,#3278,.T.);
#4541=ORIENTED_EDGE('',*,*,#3275,.T.);
#4542=ORIENTED_EDGE('',*,*,#3272,.T.);
#4543=ORIENTED_EDGE('',*,*,#3269,.T.);
#4544=ORIENTED_EDGE('',*,*,#3266,.T.);
#4545=ORIENTED_EDGE('',*,*,#3263,.T.);
#4546=ORIENTED_EDGE('',*,*,#3260,.T.);
#4547=ORIENTED_EDGE('',*,*,#3257,.T.);
#4548=ORIENTED_EDGE('',*,*,#3254,.T.);
#4549=ORIENTED_EDGE('',*,*,#3251,.T.);
#4550=ORIENTED_EDGE('',*,*,#3248,.T.);
#4551=ORIENTED_EDGE('',*,*,#3245,.T.);
#4552=ORIENTED_EDGE('',*,*,#3242,.T.);
#4553=ORIENTED_EDGE('',*,*,#3322,.T.);
#4554=ORIENTED_EDGE('',*,*,#3240,.T.);
#4555=ORIENTED_EDGE('',*,*,#3244,.T.);
#4556=ORIENTED_EDGE('',*,*,#3247,.T.);
#4557=ORIENTED_EDGE('',*,*,#3250,.T.);
#4558=ORIENTED_EDGE('',*,*,#3253,.T.);
#4559=ORIENTED_EDGE('',*,*,#3256,.T.);
#4560=ORIENTED_EDGE('',*,*,#3259,.T.);
#4561=ORIENTED_EDGE('',*,*,#3262,.T.);
#4562=ORIENTED_EDGE('',*,*,#3265,.T.);
#4563=ORIENTED_EDGE('',*,*,#3268,.T.);
#4564=ORIENTED_EDGE('',*,*,#3271,.T.);
#4565=ORIENTED_EDGE('',*,*,#3274,.T.);
#4566=ORIENTED_EDGE('',*,*,#3277,.T.);
#4567=ORIENTED_EDGE('',*,*,#3280,.T.);
#4568=ORIENTED_EDGE('',*,*,#3283,.T.);
#4569=ORIENTED_EDGE('',*,*,#3286,.T.);
#4570=ORIENTED_EDGE('',*,*,#3289,.T.);
#4571=ORIENTED_EDGE('',*,*,#3292,.T.);
#4572=ORIENTED_EDGE('',*,*,#3295,.T.);
#4573=ORIENTED_EDGE('',*,*,#3298,.T.);
#4574=ORIENTED_EDGE('',*,*,#3301,.T.);
#4575=ORIENTED_EDGE('',*,*,#3304,.T.);
#4576=ORIENTED_EDGE('',*,*,#3307,.T.);
#4577=ORIENTED_EDGE('',*,*,#3310,.T.);
#4578=ORIENTED_EDGE('',*,*,#3313,.T.);
#4579=ORIENTED_EDGE('',*,*,#3316,.T.);
#4580=ORIENTED_EDGE('',*,*,#3319,.T.);
#4581=ORIENTED_EDGE('',*,*,#3324,.F.);
#4582=ORIENTED_EDGE('',*,*,#3325,.T.);
#4583=ORIENTED_EDGE('',*,*,#3326,.F.);
#4584=ORIENTED_EDGE('',*,*,#3327,.F.);
#4585=ORIENTED_EDGE('',*,*,#3328,.F.);
#4586=ORIENTED_EDGE('',*,*,#3327,.T.);
#4587=ORIENTED_EDGE('',*,*,#3329,.F.);
#4588=ORIENTED_EDGE('',*,*,#3330,.F.);
#4589=ORIENTED_EDGE('',*,*,#3331,.F.);
#4590=ORIENTED_EDGE('',*,*,#3330,.T.);
#4591=ORIENTED_EDGE('',*,*,#3332,.F.);
#4592=ORIENTED_EDGE('',*,*,#3333,.F.);
#4593=ORIENTED_EDGE('',*,*,#3334,.F.);
#4594=ORIENTED_EDGE('',*,*,#3333,.T.);
#4595=ORIENTED_EDGE('',*,*,#3335,.F.);
#4596=ORIENTED_EDGE('',*,*,#3325,.F.);
#4597=ORIENTED_EDGE('',*,*,#3335,.T.);
#4598=ORIENTED_EDGE('',*,*,#3332,.T.);
#4599=ORIENTED_EDGE('',*,*,#3329,.T.);
#4600=ORIENTED_EDGE('',*,*,#3326,.T.);
#4601=ORIENTED_EDGE('',*,*,#3334,.T.);
#4602=ORIENTED_EDGE('',*,*,#3324,.T.);
#4603=ORIENTED_EDGE('',*,*,#3328,.T.);
#4604=ORIENTED_EDGE('',*,*,#3331,.T.);
#4605=ORIENTED_EDGE('',*,*,#3336,.F.);
#4606=ORIENTED_EDGE('',*,*,#3337,.T.);
#4607=ORIENTED_EDGE('',*,*,#3338,.F.);
#4608=ORIENTED_EDGE('',*,*,#3339,.F.);
#4609=ORIENTED_EDGE('',*,*,#3340,.F.);
#4610=ORIENTED_EDGE('',*,*,#3339,.T.);
#4611=ORIENTED_EDGE('',*,*,#3341,.F.);
#4612=ORIENTED_EDGE('',*,*,#3342,.F.);
#4613=ORIENTED_EDGE('',*,*,#3343,.F.);
#4614=ORIENTED_EDGE('',*,*,#3342,.T.);
#4615=ORIENTED_EDGE('',*,*,#3344,.F.);
#4616=ORIENTED_EDGE('',*,*,#3345,.F.);
#4617=ORIENTED_EDGE('',*,*,#3346,.F.);
#4618=ORIENTED_EDGE('',*,*,#3345,.T.);
#4619=ORIENTED_EDGE('',*,*,#3347,.F.);
#4620=ORIENTED_EDGE('',*,*,#3337,.F.);
#4621=ORIENTED_EDGE('',*,*,#3347,.T.);
#4622=ORIENTED_EDGE('',*,*,#3344,.T.);
#4623=ORIENTED_EDGE('',*,*,#3341,.T.);
#4624=ORIENTED_EDGE('',*,*,#3338,.T.);
#4625=ORIENTED_EDGE('',*,*,#3346,.T.);
#4626=ORIENTED_EDGE('',*,*,#3336,.T.);
#4627=ORIENTED_EDGE('',*,*,#3340,.T.);
#4628=ORIENTED_EDGE('',*,*,#3343,.T.);
#4629=ORIENTED_EDGE('',*,*,#3348,.F.);
#4630=ORIENTED_EDGE('',*,*,#3349,.T.);
#4631=ORIENTED_EDGE('',*,*,#3350,.F.);
#4632=ORIENTED_EDGE('',*,*,#3351,.F.);
#4633=ORIENTED_EDGE('',*,*,#3352,.F.);
#4634=ORIENTED_EDGE('',*,*,#3351,.T.);
#4635=ORIENTED_EDGE('',*,*,#3353,.F.);
#4636=ORIENTED_EDGE('',*,*,#3354,.F.);
#4637=ORIENTED_EDGE('',*,*,#3355,.F.);
#4638=ORIENTED_EDGE('',*,*,#3354,.T.);
#4639=ORIENTED_EDGE('',*,*,#3356,.F.);
#4640=ORIENTED_EDGE('',*,*,#3357,.F.);
#4641=ORIENTED_EDGE('',*,*,#3358,.F.);
#4642=ORIENTED_EDGE('',*,*,#3357,.T.);
#4643=ORIENTED_EDGE('',*,*,#3359,.F.);
#4644=ORIENTED_EDGE('',*,*,#3349,.F.);
#4645=ORIENTED_EDGE('',*,*,#3359,.T.);
#4646=ORIENTED_EDGE('',*,*,#3356,.T.);
#4647=ORIENTED_EDGE('',*,*,#3353,.T.);
#4648=ORIENTED_EDGE('',*,*,#3350,.T.);
#4649=ORIENTED_EDGE('',*,*,#3358,.T.);
#4650=ORIENTED_EDGE('',*,*,#3348,.T.);
#4651=ORIENTED_EDGE('',*,*,#3352,.T.);
#4652=ORIENTED_EDGE('',*,*,#3355,.T.);
#4653=ORIENTED_EDGE('',*,*,#3360,.F.);
#4654=ORIENTED_EDGE('',*,*,#3361,.T.);
#4655=ORIENTED_EDGE('',*,*,#3362,.F.);
#4656=ORIENTED_EDGE('',*,*,#3363,.F.);
#4657=ORIENTED_EDGE('',*,*,#3364,.F.);
#4658=ORIENTED_EDGE('',*,*,#3363,.T.);
#4659=ORIENTED_EDGE('',*,*,#3365,.F.);
#4660=ORIENTED_EDGE('',*,*,#3366,.F.);
#4661=ORIENTED_EDGE('',*,*,#3367,.F.);
#4662=ORIENTED_EDGE('',*,*,#3366,.T.);
#4663=ORIENTED_EDGE('',*,*,#3368,.F.);
#4664=ORIENTED_EDGE('',*,*,#3369,.F.);
#4665=ORIENTED_EDGE('',*,*,#3370,.F.);
#4666=ORIENTED_EDGE('',*,*,#3369,.T.);
#4667=ORIENTED_EDGE('',*,*,#3371,.F.);
#4668=ORIENTED_EDGE('',*,*,#3361,.F.);
#4669=ORIENTED_EDGE('',*,*,#3371,.T.);
#4670=ORIENTED_EDGE('',*,*,#3368,.T.);
#4671=ORIENTED_EDGE('',*,*,#3365,.T.);
#4672=ORIENTED_EDGE('',*,*,#3362,.T.);
#4673=ORIENTED_EDGE('',*,*,#3370,.T.);
#4674=ORIENTED_EDGE('',*,*,#3360,.T.);
#4675=ORIENTED_EDGE('',*,*,#3364,.T.);
#4676=ORIENTED_EDGE('',*,*,#3367,.T.);
#4677=ORIENTED_EDGE('',*,*,#3372,.F.);
#4678=ORIENTED_EDGE('',*,*,#3373,.T.);
#4679=ORIENTED_EDGE('',*,*,#3374,.F.);
#4680=ORIENTED_EDGE('',*,*,#3375,.F.);
#4681=ORIENTED_EDGE('',*,*,#3376,.F.);
#4682=ORIENTED_EDGE('',*,*,#3375,.T.);
#4683=ORIENTED_EDGE('',*,*,#3377,.F.);
#4684=ORIENTED_EDGE('',*,*,#3378,.F.);
#4685=ORIENTED_EDGE('',*,*,#3379,.F.);
#4686=ORIENTED_EDGE('',*,*,#3378,.T.);
#4687=ORIENTED_EDGE('',*,*,#3380,.F.);
#4688=ORIENTED_EDGE('',*,*,#3381,.F.);
#4689=ORIENTED_EDGE('',*,*,#3382,.F.);
#4690=ORIENTED_EDGE('',*,*,#3381,.T.);
#4691=ORIENTED_EDGE('',*,*,#3383,.F.);
#4692=ORIENTED_EDGE('',*,*,#3373,.F.);
#4693=ORIENTED_EDGE('',*,*,#3383,.T.);
#4694=ORIENTED_EDGE('',*,*,#3380,.T.);
#4695=ORIENTED_EDGE('',*,*,#3377,.T.);
#4696=ORIENTED_EDGE('',*,*,#3374,.T.);
#4697=ORIENTED_EDGE('',*,*,#3382,.T.);
#4698=ORIENTED_EDGE('',*,*,#3372,.T.);
#4699=ORIENTED_EDGE('',*,*,#3376,.T.);
#4700=ORIENTED_EDGE('',*,*,#3379,.T.);
#4701=ORIENTED_EDGE('',*,*,#3384,.F.);
#4702=ORIENTED_EDGE('',*,*,#3385,.T.);
#4703=ORIENTED_EDGE('',*,*,#3386,.F.);
#4704=ORIENTED_EDGE('',*,*,#3387,.F.);
#4705=ORIENTED_EDGE('',*,*,#3388,.F.);
#4706=ORIENTED_EDGE('',*,*,#3387,.T.);
#4707=ORIENTED_EDGE('',*,*,#3389,.F.);
#4708=ORIENTED_EDGE('',*,*,#3390,.F.);
#4709=ORIENTED_EDGE('',*,*,#3391,.F.);
#4710=ORIENTED_EDGE('',*,*,#3390,.T.);
#4711=ORIENTED_EDGE('',*,*,#3392,.F.);
#4712=ORIENTED_EDGE('',*,*,#3393,.F.);
#4713=ORIENTED_EDGE('',*,*,#3394,.F.);
#4714=ORIENTED_EDGE('',*,*,#3393,.T.);
#4715=ORIENTED_EDGE('',*,*,#3395,.F.);
#4716=ORIENTED_EDGE('',*,*,#3385,.F.);
#4717=ORIENTED_EDGE('',*,*,#3395,.T.);
#4718=ORIENTED_EDGE('',*,*,#3392,.T.);
#4719=ORIENTED_EDGE('',*,*,#3389,.T.);
#4720=ORIENTED_EDGE('',*,*,#3386,.T.);
#4721=ORIENTED_EDGE('',*,*,#3394,.T.);
#4722=ORIENTED_EDGE('',*,*,#3384,.T.);
#4723=ORIENTED_EDGE('',*,*,#3388,.T.);
#4724=ORIENTED_EDGE('',*,*,#3391,.T.);
#4725=ORIENTED_EDGE('',*,*,#3396,.F.);
#4726=ORIENTED_EDGE('',*,*,#3397,.T.);
#4727=ORIENTED_EDGE('',*,*,#3398,.F.);
#4728=ORIENTED_EDGE('',*,*,#3399,.F.);
#4729=ORIENTED_EDGE('',*,*,#3400,.F.);
#4730=ORIENTED_EDGE('',*,*,#3399,.T.);
#4731=ORIENTED_EDGE('',*,*,#3401,.F.);
#4732=ORIENTED_EDGE('',*,*,#3402,.F.);
#4733=ORIENTED_EDGE('',*,*,#3403,.F.);
#4734=ORIENTED_EDGE('',*,*,#3402,.T.);
#4735=ORIENTED_EDGE('',*,*,#3404,.F.);
#4736=ORIENTED_EDGE('',*,*,#3405,.F.);
#4737=ORIENTED_EDGE('',*,*,#3406,.F.);
#4738=ORIENTED_EDGE('',*,*,#3405,.T.);
#4739=ORIENTED_EDGE('',*,*,#3407,.F.);
#4740=ORIENTED_EDGE('',*,*,#3397,.F.);
#4741=ORIENTED_EDGE('',*,*,#3407,.T.);
#4742=ORIENTED_EDGE('',*,*,#3404,.T.);
#4743=ORIENTED_EDGE('',*,*,#3401,.T.);
#4744=ORIENTED_EDGE('',*,*,#3398,.T.);
#4745=ORIENTED_EDGE('',*,*,#3406,.T.);
#4746=ORIENTED_EDGE('',*,*,#3396,.T.);
#4747=ORIENTED_EDGE('',*,*,#3400,.T.);
#4748=ORIENTED_EDGE('',*,*,#3403,.T.);
#4749=ORIENTED_EDGE('',*,*,#3408,.F.);
#4750=ORIENTED_EDGE('',*,*,#3409,.T.);
#4751=ORIENTED_EDGE('',*,*,#3410,.F.);
#4752=ORIENTED_EDGE('',*,*,#3411,.F.);
#4753=ORIENTED_EDGE('',*,*,#3412,.F.);
#4754=ORIENTED_EDGE('',*,*,#3411,.T.);
#4755=ORIENTED_EDGE('',*,*,#3413,.F.);
#4756=ORIENTED_EDGE('',*,*,#3414,.F.);
#4757=ORIENTED_EDGE('',*,*,#3415,.F.);
#4758=ORIENTED_EDGE('',*,*,#3414,.T.);
#4759=ORIENTED_EDGE('',*,*,#3416,.F.);
#4760=ORIENTED_EDGE('',*,*,#3417,.F.);
#4761=ORIENTED_EDGE('',*,*,#3418,.F.);
#4762=ORIENTED_EDGE('',*,*,#3417,.T.);
#4763=ORIENTED_EDGE('',*,*,#3419,.F.);
#4764=ORIENTED_EDGE('',*,*,#3409,.F.);
#4765=ORIENTED_EDGE('',*,*,#3419,.T.);
#4766=ORIENTED_EDGE('',*,*,#3416,.T.);
#4767=ORIENTED_EDGE('',*,*,#3413,.T.);
#4768=ORIENTED_EDGE('',*,*,#3410,.T.);
#4769=ORIENTED_EDGE('',*,*,#3418,.T.);
#4770=ORIENTED_EDGE('',*,*,#3408,.T.);
#4771=ORIENTED_EDGE('',*,*,#3412,.T.);
#4772=ORIENTED_EDGE('',*,*,#3415,.T.);
#4773=ORIENTED_EDGE('',*,*,#3420,.F.);
#4774=ORIENTED_EDGE('',*,*,#3421,.T.);
#4775=ORIENTED_EDGE('',*,*,#3422,.F.);
#4776=ORIENTED_EDGE('',*,*,#3423,.F.);
#4777=ORIENTED_EDGE('',*,*,#3424,.F.);
#4778=ORIENTED_EDGE('',*,*,#3423,.T.);
#4779=ORIENTED_EDGE('',*,*,#3425,.F.);
#4780=ORIENTED_EDGE('',*,*,#3426,.F.);
#4781=ORIENTED_EDGE('',*,*,#3427,.F.);
#4782=ORIENTED_EDGE('',*,*,#3426,.T.);
#4783=ORIENTED_EDGE('',*,*,#3428,.F.);
#4784=ORIENTED_EDGE('',*,*,#3429,.F.);
#4785=ORIENTED_EDGE('',*,*,#3430,.F.);
#4786=ORIENTED_EDGE('',*,*,#3429,.T.);
#4787=ORIENTED_EDGE('',*,*,#3431,.F.);
#4788=ORIENTED_EDGE('',*,*,#3421,.F.);
#4789=ORIENTED_EDGE('',*,*,#3431,.T.);
#4790=ORIENTED_EDGE('',*,*,#3428,.T.);
#4791=ORIENTED_EDGE('',*,*,#3425,.T.);
#4792=ORIENTED_EDGE('',*,*,#3422,.T.);
#4793=ORIENTED_EDGE('',*,*,#3430,.T.);
#4794=ORIENTED_EDGE('',*,*,#3420,.T.);
#4795=ORIENTED_EDGE('',*,*,#3424,.T.);
#4796=ORIENTED_EDGE('',*,*,#3427,.T.);
#4797=ORIENTED_EDGE('',*,*,#3432,.F.);
#4798=ORIENTED_EDGE('',*,*,#3433,.T.);
#4799=ORIENTED_EDGE('',*,*,#3434,.F.);
#4800=ORIENTED_EDGE('',*,*,#3435,.F.);
#4801=ORIENTED_EDGE('',*,*,#3436,.F.);
#4802=ORIENTED_EDGE('',*,*,#3435,.T.);
#4803=ORIENTED_EDGE('',*,*,#3437,.F.);
#4804=ORIENTED_EDGE('',*,*,#3438,.F.);
#4805=ORIENTED_EDGE('',*,*,#3439,.F.);
#4806=ORIENTED_EDGE('',*,*,#3438,.T.);
#4807=ORIENTED_EDGE('',*,*,#3440,.F.);
#4808=ORIENTED_EDGE('',*,*,#3441,.F.);
#4809=ORIENTED_EDGE('',*,*,#3442,.F.);
#4810=ORIENTED_EDGE('',*,*,#3441,.T.);
#4811=ORIENTED_EDGE('',*,*,#3443,.F.);
#4812=ORIENTED_EDGE('',*,*,#3433,.F.);
#4813=ORIENTED_EDGE('',*,*,#3443,.T.);
#4814=ORIENTED_EDGE('',*,*,#3440,.T.);
#4815=ORIENTED_EDGE('',*,*,#3437,.T.);
#4816=ORIENTED_EDGE('',*,*,#3434,.T.);
#4817=ORIENTED_EDGE('',*,*,#3442,.T.);
#4818=ORIENTED_EDGE('',*,*,#3432,.T.);
#4819=ORIENTED_EDGE('',*,*,#3436,.T.);
#4820=ORIENTED_EDGE('',*,*,#3439,.T.);
#4821=ORIENTED_EDGE('',*,*,#3444,.F.);
#4822=ORIENTED_EDGE('',*,*,#3445,.T.);
#4823=ORIENTED_EDGE('',*,*,#3446,.F.);
#4824=ORIENTED_EDGE('',*,*,#3447,.F.);
#4825=ORIENTED_EDGE('',*,*,#3448,.F.);
#4826=ORIENTED_EDGE('',*,*,#3447,.T.);
#4827=ORIENTED_EDGE('',*,*,#3449,.F.);
#4828=ORIENTED_EDGE('',*,*,#3450,.F.);
#4829=ORIENTED_EDGE('',*,*,#3451,.F.);
#4830=ORIENTED_EDGE('',*,*,#3450,.T.);
#4831=ORIENTED_EDGE('',*,*,#3452,.F.);
#4832=ORIENTED_EDGE('',*,*,#3453,.F.);
#4833=ORIENTED_EDGE('',*,*,#3454,.F.);
#4834=ORIENTED_EDGE('',*,*,#3453,.T.);
#4835=ORIENTED_EDGE('',*,*,#3455,.F.);
#4836=ORIENTED_EDGE('',*,*,#3445,.F.);
#4837=ORIENTED_EDGE('',*,*,#3455,.T.);
#4838=ORIENTED_EDGE('',*,*,#3452,.T.);
#4839=ORIENTED_EDGE('',*,*,#3449,.T.);
#4840=ORIENTED_EDGE('',*,*,#3446,.T.);
#4841=ORIENTED_EDGE('',*,*,#3454,.T.);
#4842=ORIENTED_EDGE('',*,*,#3444,.T.);
#4843=ORIENTED_EDGE('',*,*,#3448,.T.);
#4844=ORIENTED_EDGE('',*,*,#3451,.T.);
#4845=ORIENTED_EDGE('',*,*,#3456,.F.);
#4846=ORIENTED_EDGE('',*,*,#3457,.T.);
#4847=ORIENTED_EDGE('',*,*,#3458,.F.);
#4848=ORIENTED_EDGE('',*,*,#3459,.F.);
#4849=ORIENTED_EDGE('',*,*,#3460,.F.);
#4850=ORIENTED_EDGE('',*,*,#3459,.T.);
#4851=ORIENTED_EDGE('',*,*,#3461,.F.);
#4852=ORIENTED_EDGE('',*,*,#3462,.F.);
#4853=ORIENTED_EDGE('',*,*,#3463,.F.);
#4854=ORIENTED_EDGE('',*,*,#3462,.T.);
#4855=ORIENTED_EDGE('',*,*,#3464,.F.);
#4856=ORIENTED_EDGE('',*,*,#3465,.F.);
#4857=ORIENTED_EDGE('',*,*,#3466,.F.);
#4858=ORIENTED_EDGE('',*,*,#3465,.T.);
#4859=ORIENTED_EDGE('',*,*,#3467,.F.);
#4860=ORIENTED_EDGE('',*,*,#3457,.F.);
#4861=ORIENTED_EDGE('',*,*,#3467,.T.);
#4862=ORIENTED_EDGE('',*,*,#3464,.T.);
#4863=ORIENTED_EDGE('',*,*,#3461,.T.);
#4864=ORIENTED_EDGE('',*,*,#3458,.T.);
#4865=ORIENTED_EDGE('',*,*,#3466,.T.);
#4866=ORIENTED_EDGE('',*,*,#3456,.T.);
#4867=ORIENTED_EDGE('',*,*,#3460,.T.);
#4868=ORIENTED_EDGE('',*,*,#3463,.T.);
#4869=ORIENTED_EDGE('',*,*,#3468,.F.);
#4870=ORIENTED_EDGE('',*,*,#3469,.T.);
#4871=ORIENTED_EDGE('',*,*,#3470,.F.);
#4872=ORIENTED_EDGE('',*,*,#3471,.F.);
#4873=ORIENTED_EDGE('',*,*,#3472,.F.);
#4874=ORIENTED_EDGE('',*,*,#3471,.T.);
#4875=ORIENTED_EDGE('',*,*,#3473,.F.);
#4876=ORIENTED_EDGE('',*,*,#3474,.F.);
#4877=ORIENTED_EDGE('',*,*,#3475,.F.);
#4878=ORIENTED_EDGE('',*,*,#3474,.T.);
#4879=ORIENTED_EDGE('',*,*,#3476,.F.);
#4880=ORIENTED_EDGE('',*,*,#3477,.F.);
#4881=ORIENTED_EDGE('',*,*,#3478,.F.);
#4882=ORIENTED_EDGE('',*,*,#3477,.T.);
#4883=ORIENTED_EDGE('',*,*,#3479,.F.);
#4884=ORIENTED_EDGE('',*,*,#3469,.F.);
#4885=ORIENTED_EDGE('',*,*,#3479,.T.);
#4886=ORIENTED_EDGE('',*,*,#3476,.T.);
#4887=ORIENTED_EDGE('',*,*,#3473,.T.);
#4888=ORIENTED_EDGE('',*,*,#3470,.T.);
#4889=ORIENTED_EDGE('',*,*,#3478,.T.);
#4890=ORIENTED_EDGE('',*,*,#3468,.T.);
#4891=ORIENTED_EDGE('',*,*,#3472,.T.);
#4892=ORIENTED_EDGE('',*,*,#3475,.T.);
#4893=ORIENTED_EDGE('',*,*,#3480,.F.);
#4894=ORIENTED_EDGE('',*,*,#3481,.T.);
#4895=ORIENTED_EDGE('',*,*,#3482,.F.);
#4896=ORIENTED_EDGE('',*,*,#3483,.F.);
#4897=ORIENTED_EDGE('',*,*,#3484,.F.);
#4898=ORIENTED_EDGE('',*,*,#3483,.T.);
#4899=ORIENTED_EDGE('',*,*,#3485,.F.);
#4900=ORIENTED_EDGE('',*,*,#3486,.F.);
#4901=ORIENTED_EDGE('',*,*,#3487,.F.);
#4902=ORIENTED_EDGE('',*,*,#3486,.T.);
#4903=ORIENTED_EDGE('',*,*,#3488,.F.);
#4904=ORIENTED_EDGE('',*,*,#3489,.F.);
#4905=ORIENTED_EDGE('',*,*,#3490,.F.);
#4906=ORIENTED_EDGE('',*,*,#3489,.T.);
#4907=ORIENTED_EDGE('',*,*,#3491,.F.);
#4908=ORIENTED_EDGE('',*,*,#3481,.F.);
#4909=ORIENTED_EDGE('',*,*,#3491,.T.);
#4910=ORIENTED_EDGE('',*,*,#3488,.T.);
#4911=ORIENTED_EDGE('',*,*,#3485,.T.);
#4912=ORIENTED_EDGE('',*,*,#3482,.T.);
#4913=ORIENTED_EDGE('',*,*,#3490,.T.);
#4914=ORIENTED_EDGE('',*,*,#3480,.T.);
#4915=ORIENTED_EDGE('',*,*,#3484,.T.);
#4916=ORIENTED_EDGE('',*,*,#3487,.T.);
#4917=ORIENTED_EDGE('',*,*,#3492,.F.);
#4918=ORIENTED_EDGE('',*,*,#3493,.T.);
#4919=ORIENTED_EDGE('',*,*,#3494,.F.);
#4920=ORIENTED_EDGE('',*,*,#3495,.F.);
#4921=ORIENTED_EDGE('',*,*,#3496,.F.);
#4922=ORIENTED_EDGE('',*,*,#3495,.T.);
#4923=ORIENTED_EDGE('',*,*,#3497,.F.);
#4924=ORIENTED_EDGE('',*,*,#3498,.F.);
#4925=ORIENTED_EDGE('',*,*,#3499,.F.);
#4926=ORIENTED_EDGE('',*,*,#3498,.T.);
#4927=ORIENTED_EDGE('',*,*,#3500,.F.);
#4928=ORIENTED_EDGE('',*,*,#3501,.F.);
#4929=ORIENTED_EDGE('',*,*,#3502,.F.);
#4930=ORIENTED_EDGE('',*,*,#3501,.T.);
#4931=ORIENTED_EDGE('',*,*,#3503,.F.);
#4932=ORIENTED_EDGE('',*,*,#3493,.F.);
#4933=ORIENTED_EDGE('',*,*,#3503,.T.);
#4934=ORIENTED_EDGE('',*,*,#3500,.T.);
#4935=ORIENTED_EDGE('',*,*,#3497,.T.);
#4936=ORIENTED_EDGE('',*,*,#3494,.T.);
#4937=ORIENTED_EDGE('',*,*,#3502,.T.);
#4938=ORIENTED_EDGE('',*,*,#3492,.T.);
#4939=ORIENTED_EDGE('',*,*,#3496,.T.);
#4940=ORIENTED_EDGE('',*,*,#3499,.T.);
#4941=ORIENTED_EDGE('',*,*,#3504,.F.);
#4942=ORIENTED_EDGE('',*,*,#3505,.T.);
#4943=ORIENTED_EDGE('',*,*,#3506,.F.);
#4944=ORIENTED_EDGE('',*,*,#3507,.F.);
#4945=ORIENTED_EDGE('',*,*,#3508,.F.);
#4946=ORIENTED_EDGE('',*,*,#3507,.T.);
#4947=ORIENTED_EDGE('',*,*,#3509,.F.);
#4948=ORIENTED_EDGE('',*,*,#3510,.F.);
#4949=ORIENTED_EDGE('',*,*,#3511,.F.);
#4950=ORIENTED_EDGE('',*,*,#3510,.T.);
#4951=ORIENTED_EDGE('',*,*,#3512,.F.);
#4952=ORIENTED_EDGE('',*,*,#3513,.F.);
#4953=ORIENTED_EDGE('',*,*,#3514,.F.);
#4954=ORIENTED_EDGE('',*,*,#3513,.T.);
#4955=ORIENTED_EDGE('',*,*,#3515,.F.);
#4956=ORIENTED_EDGE('',*,*,#3505,.F.);
#4957=ORIENTED_EDGE('',*,*,#3515,.T.);
#4958=ORIENTED_EDGE('',*,*,#3512,.T.);
#4959=ORIENTED_EDGE('',*,*,#3509,.T.);
#4960=ORIENTED_EDGE('',*,*,#3506,.T.);
#4961=ORIENTED_EDGE('',*,*,#3514,.T.);
#4962=ORIENTED_EDGE('',*,*,#3504,.T.);
#4963=ORIENTED_EDGE('',*,*,#3508,.T.);
#4964=ORIENTED_EDGE('',*,*,#3511,.T.);
#4965=ORIENTED_EDGE('',*,*,#3516,.F.);
#4966=ORIENTED_EDGE('',*,*,#3517,.T.);
#4967=ORIENTED_EDGE('',*,*,#3518,.F.);
#4968=ORIENTED_EDGE('',*,*,#3519,.F.);
#4969=ORIENTED_EDGE('',*,*,#3520,.F.);
#4970=ORIENTED_EDGE('',*,*,#3519,.T.);
#4971=ORIENTED_EDGE('',*,*,#3521,.F.);
#4972=ORIENTED_EDGE('',*,*,#3522,.F.);
#4973=ORIENTED_EDGE('',*,*,#3523,.F.);
#4974=ORIENTED_EDGE('',*,*,#3522,.T.);
#4975=ORIENTED_EDGE('',*,*,#3524,.F.);
#4976=ORIENTED_EDGE('',*,*,#3525,.F.);
#4977=ORIENTED_EDGE('',*,*,#3526,.F.);
#4978=ORIENTED_EDGE('',*,*,#3525,.T.);
#4979=ORIENTED_EDGE('',*,*,#3527,.F.);
#4980=ORIENTED_EDGE('',*,*,#3517,.F.);
#4981=ORIENTED_EDGE('',*,*,#3527,.T.);
#4982=ORIENTED_EDGE('',*,*,#3524,.T.);
#4983=ORIENTED_EDGE('',*,*,#3521,.T.);
#4984=ORIENTED_EDGE('',*,*,#3518,.T.);
#4985=ORIENTED_EDGE('',*,*,#3526,.T.);
#4986=ORIENTED_EDGE('',*,*,#3516,.T.);
#4987=ORIENTED_EDGE('',*,*,#3520,.T.);
#4988=ORIENTED_EDGE('',*,*,#3523,.T.);
#4989=ORIENTED_EDGE('',*,*,#3528,.F.);
#4990=ORIENTED_EDGE('',*,*,#3529,.T.);
#4991=ORIENTED_EDGE('',*,*,#3530,.F.);
#4992=ORIENTED_EDGE('',*,*,#3531,.F.);
#4993=ORIENTED_EDGE('',*,*,#3532,.F.);
#4994=ORIENTED_EDGE('',*,*,#3531,.T.);
#4995=ORIENTED_EDGE('',*,*,#3533,.F.);
#4996=ORIENTED_EDGE('',*,*,#3534,.F.);
#4997=ORIENTED_EDGE('',*,*,#3535,.F.);
#4998=ORIENTED_EDGE('',*,*,#3534,.T.);
#4999=ORIENTED_EDGE('',*,*,#3536,.F.);
#5000=ORIENTED_EDGE('',*,*,#3537,.F.);
#5001=ORIENTED_EDGE('',*,*,#3538,.F.);
#5002=ORIENTED_EDGE('',*,*,#3537,.T.);
#5003=ORIENTED_EDGE('',*,*,#3539,.F.);
#5004=ORIENTED_EDGE('',*,*,#3529,.F.);
#5005=ORIENTED_EDGE('',*,*,#3539,.T.);
#5006=ORIENTED_EDGE('',*,*,#3536,.T.);
#5007=ORIENTED_EDGE('',*,*,#3533,.T.);
#5008=ORIENTED_EDGE('',*,*,#3530,.T.);
#5009=ORIENTED_EDGE('',*,*,#3538,.T.);
#5010=ORIENTED_EDGE('',*,*,#3528,.T.);
#5011=ORIENTED_EDGE('',*,*,#3532,.T.);
#5012=ORIENTED_EDGE('',*,*,#3535,.T.);
#5013=ORIENTED_EDGE('',*,*,#3540,.F.);
#5014=ORIENTED_EDGE('',*,*,#3541,.T.);
#5015=ORIENTED_EDGE('',*,*,#3542,.F.);
#5016=ORIENTED_EDGE('',*,*,#3543,.F.);
#5017=ORIENTED_EDGE('',*,*,#3544,.T.);
#5018=ORIENTED_EDGE('',*,*,#3543,.T.);
#5019=ORIENTED_EDGE('',*,*,#3545,.F.);
#5020=ORIENTED_EDGE('',*,*,#3546,.F.);
#5021=ORIENTED_EDGE('',*,*,#3547,.T.);
#5022=ORIENTED_EDGE('',*,*,#3546,.T.);
#5023=ORIENTED_EDGE('',*,*,#3548,.F.);
#5024=ORIENTED_EDGE('',*,*,#3549,.F.);
#5025=ORIENTED_EDGE('',*,*,#3550,.T.);
#5026=ORIENTED_EDGE('',*,*,#3549,.T.);
#5027=ORIENTED_EDGE('',*,*,#3551,.F.);
#5028=ORIENTED_EDGE('',*,*,#3541,.F.);
#5029=ORIENTED_EDGE('',*,*,#3551,.T.);
#5030=ORIENTED_EDGE('',*,*,#3548,.T.);
#5031=ORIENTED_EDGE('',*,*,#3545,.T.);
#5032=ORIENTED_EDGE('',*,*,#3542,.T.);
#5033=ORIENTED_EDGE('',*,*,#3550,.F.);
#5034=ORIENTED_EDGE('',*,*,#3540,.T.);
#5035=ORIENTED_EDGE('',*,*,#3544,.F.);
#5036=ORIENTED_EDGE('',*,*,#3547,.F.);
#5037=ORIENTED_EDGE('',*,*,#3552,.F.);
#5038=ORIENTED_EDGE('',*,*,#3553,.T.);
#5039=ORIENTED_EDGE('',*,*,#3554,.F.);
#5040=ORIENTED_EDGE('',*,*,#3555,.F.);
#5041=ORIENTED_EDGE('',*,*,#3556,.F.);
#5042=ORIENTED_EDGE('',*,*,#3555,.T.);
#5043=ORIENTED_EDGE('',*,*,#3557,.F.);
#5044=ORIENTED_EDGE('',*,*,#3558,.F.);
#5045=ORIENTED_EDGE('',*,*,#3559,.T.);
#5046=ORIENTED_EDGE('',*,*,#3558,.T.);
#5047=ORIENTED_EDGE('',*,*,#3560,.F.);
#5048=ORIENTED_EDGE('',*,*,#3561,.F.);
#5049=ORIENTED_EDGE('',*,*,#3562,.T.);
#5050=ORIENTED_EDGE('',*,*,#3561,.T.);
#5051=ORIENTED_EDGE('',*,*,#3563,.F.);
#5052=ORIENTED_EDGE('',*,*,#3553,.F.);
#5053=ORIENTED_EDGE('',*,*,#3563,.T.);
#5054=ORIENTED_EDGE('',*,*,#3560,.T.);
#5055=ORIENTED_EDGE('',*,*,#3557,.T.);
#5056=ORIENTED_EDGE('',*,*,#3554,.T.);
#5057=ORIENTED_EDGE('',*,*,#3562,.F.);
#5058=ORIENTED_EDGE('',*,*,#3552,.T.);
#5059=ORIENTED_EDGE('',*,*,#3556,.T.);
#5060=ORIENTED_EDGE('',*,*,#3559,.F.);
#5061=ORIENTED_EDGE('',*,*,#3564,.F.);
#5062=ORIENTED_EDGE('',*,*,#3565,.T.);
#5063=ORIENTED_EDGE('',*,*,#3566,.F.);
#5064=ORIENTED_EDGE('',*,*,#3567,.F.);
#5065=ORIENTED_EDGE('',*,*,#3568,.F.);
#5066=ORIENTED_EDGE('',*,*,#3567,.T.);
#5067=ORIENTED_EDGE('',*,*,#3569,.F.);
#5068=ORIENTED_EDGE('',*,*,#3570,.F.);
#5069=ORIENTED_EDGE('',*,*,#3571,.T.);
#5070=ORIENTED_EDGE('',*,*,#3570,.T.);
#5071=ORIENTED_EDGE('',*,*,#3572,.F.);
#5072=ORIENTED_EDGE('',*,*,#3573,.F.);
#5073=ORIENTED_EDGE('',*,*,#3574,.T.);
#5074=ORIENTED_EDGE('',*,*,#3573,.T.);
#5075=ORIENTED_EDGE('',*,*,#3575,.F.);
#5076=ORIENTED_EDGE('',*,*,#3565,.F.);
#5077=ORIENTED_EDGE('',*,*,#3575,.T.);
#5078=ORIENTED_EDGE('',*,*,#3572,.T.);
#5079=ORIENTED_EDGE('',*,*,#3569,.T.);
#5080=ORIENTED_EDGE('',*,*,#3566,.T.);
#5081=ORIENTED_EDGE('',*,*,#3574,.F.);
#5082=ORIENTED_EDGE('',*,*,#3564,.T.);
#5083=ORIENTED_EDGE('',*,*,#3568,.T.);
#5084=ORIENTED_EDGE('',*,*,#3571,.F.);
#5085=ORIENTED_EDGE('',*,*,#3576,.F.);
#5086=ORIENTED_EDGE('',*,*,#3577,.T.);
#5087=ORIENTED_EDGE('',*,*,#3578,.F.);
#5088=ORIENTED_EDGE('',*,*,#3579,.F.);
#5089=ORIENTED_EDGE('',*,*,#3580,.T.);
#5090=ORIENTED_EDGE('',*,*,#3579,.T.);
#5091=ORIENTED_EDGE('',*,*,#3581,.F.);
#5092=ORIENTED_EDGE('',*,*,#3582,.F.);
#5093=ORIENTED_EDGE('',*,*,#3583,.T.);
#5094=ORIENTED_EDGE('',*,*,#3582,.T.);
#5095=ORIENTED_EDGE('',*,*,#3584,.F.);
#5096=ORIENTED_EDGE('',*,*,#3585,.F.);
#5097=ORIENTED_EDGE('',*,*,#3586,.T.);
#5098=ORIENTED_EDGE('',*,*,#3585,.T.);
#5099=ORIENTED_EDGE('',*,*,#3587,.F.);
#5100=ORIENTED_EDGE('',*,*,#3577,.F.);
#5101=ORIENTED_EDGE('',*,*,#3587,.T.);
#5102=ORIENTED_EDGE('',*,*,#3584,.T.);
#5103=ORIENTED_EDGE('',*,*,#3581,.T.);
#5104=ORIENTED_EDGE('',*,*,#3578,.T.);
#5105=ORIENTED_EDGE('',*,*,#3586,.F.);
#5106=ORIENTED_EDGE('',*,*,#3576,.T.);
#5107=ORIENTED_EDGE('',*,*,#3580,.F.);
#5108=ORIENTED_EDGE('',*,*,#3583,.F.);
#5109=ORIENTED_EDGE('',*,*,#3588,.F.);
#5110=ORIENTED_EDGE('',*,*,#3589,.T.);
#5111=ORIENTED_EDGE('',*,*,#3590,.F.);
#5112=ORIENTED_EDGE('',*,*,#3591,.F.);
#5113=ORIENTED_EDGE('',*,*,#3592,.F.);
#5114=ORIENTED_EDGE('',*,*,#3591,.T.);
#5115=ORIENTED_EDGE('',*,*,#3593,.F.);
#5116=ORIENTED_EDGE('',*,*,#3594,.F.);
#5117=ORIENTED_EDGE('',*,*,#3595,.T.);
#5118=ORIENTED_EDGE('',*,*,#3594,.T.);
#5119=ORIENTED_EDGE('',*,*,#3596,.F.);
#5120=ORIENTED_EDGE('',*,*,#3597,.F.);
#5121=ORIENTED_EDGE('',*,*,#3598,.T.);
#5122=ORIENTED_EDGE('',*,*,#3597,.T.);
#5123=ORIENTED_EDGE('',*,*,#3599,.F.);
#5124=ORIENTED_EDGE('',*,*,#3600,.F.);
#5125=ORIENTED_EDGE('',*,*,#3601,.T.);
#5126=ORIENTED_EDGE('',*,*,#3600,.T.);
#5127=ORIENTED_EDGE('',*,*,#3602,.F.);
#5128=ORIENTED_EDGE('',*,*,#3589,.F.);
#5129=ORIENTED_EDGE('',*,*,#3602,.T.);
#5130=ORIENTED_EDGE('',*,*,#3599,.T.);
#5131=ORIENTED_EDGE('',*,*,#3596,.T.);
#5132=ORIENTED_EDGE('',*,*,#3593,.T.);
#5133=ORIENTED_EDGE('',*,*,#3590,.T.);
#5134=ORIENTED_EDGE('',*,*,#3601,.F.);
#5135=ORIENTED_EDGE('',*,*,#3588,.T.);
#5136=ORIENTED_EDGE('',*,*,#3592,.T.);
#5137=ORIENTED_EDGE('',*,*,#3595,.F.);
#5138=ORIENTED_EDGE('',*,*,#3598,.F.);
#5139=ORIENTED_EDGE('',*,*,#3603,.F.);
#5140=ORIENTED_EDGE('',*,*,#3604,.T.);
#5141=ORIENTED_EDGE('',*,*,#3605,.F.);
#5142=ORIENTED_EDGE('',*,*,#3606,.F.);
#5143=ORIENTED_EDGE('',*,*,#3607,.T.);
#5144=ORIENTED_EDGE('',*,*,#3606,.T.);
#5145=ORIENTED_EDGE('',*,*,#3608,.F.);
#5146=ORIENTED_EDGE('',*,*,#3609,.F.);
#5147=ORIENTED_EDGE('',*,*,#3610,.T.);
#5148=ORIENTED_EDGE('',*,*,#3609,.T.);
#5149=ORIENTED_EDGE('',*,*,#3611,.F.);
#5150=ORIENTED_EDGE('',*,*,#3612,.F.);
#5151=ORIENTED_EDGE('',*,*,#3613,.F.);
#5152=ORIENTED_EDGE('',*,*,#3612,.T.);
#5153=ORIENTED_EDGE('',*,*,#3614,.F.);
#5154=ORIENTED_EDGE('',*,*,#3604,.F.);
#5155=ORIENTED_EDGE('',*,*,#3614,.T.);
#5156=ORIENTED_EDGE('',*,*,#3611,.T.);
#5157=ORIENTED_EDGE('',*,*,#3608,.T.);
#5158=ORIENTED_EDGE('',*,*,#3605,.T.);
#5159=ORIENTED_EDGE('',*,*,#3613,.T.);
#5160=ORIENTED_EDGE('',*,*,#3603,.T.);
#5161=ORIENTED_EDGE('',*,*,#3607,.F.);
#5162=ORIENTED_EDGE('',*,*,#3610,.F.);
#5163=PLANE('',#5865);
#5164=PLANE('',#5866);
#5165=PLANE('',#5867);
#5166=PLANE('',#5868);
#5167=PLANE('',#5869);
#5168=PLANE('',#5870);
#5169=PLANE('',#5871);
#5170=PLANE('',#5872);
#5171=PLANE('',#5873);
#5172=PLANE('',#5874);
#5173=PLANE('',#5875);
#5174=PLANE('',#5876);
#5175=PLANE('',#5877);
#5176=PLANE('',#5878);
#5177=PLANE('',#5879);
#5178=PLANE('',#5880);
#5179=PLANE('',#5881);
#5180=PLANE('',#5882);
#5181=PLANE('',#5883);
#5182=PLANE('',#5884);
#5183=PLANE('',#5885);
#5184=PLANE('',#5886);
#5185=PLANE('',#5887);
#5186=PLANE('',#5888);
#5187=PLANE('',#5889);
#5188=PLANE('',#5890);
#5189=PLANE('',#5891);
#5190=PLANE('',#5892);
#5191=PLANE('',#5893);
#5192=PLANE('',#5894);
#5193=PLANE('',#5895);
#5194=PLANE('',#5896);
#5195=PLANE('',#5897);
#5196=PLANE('',#5898);
#5197=PLANE('',#5899);
#5198=PLANE('',#5900);
#5199=PLANE('',#5901);
#5200=PLANE('',#5902);
#5201=PLANE('',#5903);
#5202=PLANE('',#5904);
#5203=PLANE('',#5905);
#5204=PLANE('',#5906);
#5205=PLANE('',#5907);
#5206=PLANE('',#5908);
#5207=PLANE('',#5909);
#5208=PLANE('',#5910);
#5209=PLANE('',#5911);
#5210=PLANE('',#5912);
#5211=PLANE('',#5913);
#5212=PLANE('',#5914);
#5213=PLANE('',#5915);
#5214=PLANE('',#5916);
#5215=PLANE('',#5917);
#5216=PLANE('',#5918);
#5217=PLANE('',#5919);
#5218=PLANE('',#5920);
#5219=PLANE('',#5921);
#5220=PLANE('',#5922);
#5221=PLANE('',#5923);
#5222=PLANE('',#5924);
#5223=PLANE('',#5925);
#5224=PLANE('',#5926);
#5225=PLANE('',#5927);
#5226=PLANE('',#5928);
#5227=PLANE('',#5929);
#5228=PLANE('',#5930);
#5229=PLANE('',#5931);
#5230=PLANE('',#5932);
#5231=PLANE('',#5933);
#5232=PLANE('',#5934);
#5233=PLANE('',#5935);
#5234=PLANE('',#5936);
#5235=PLANE('',#5937);
#5236=PLANE('',#5938);
#5237=PLANE('',#5939);
#5238=PLANE('',#5940);
#5239=PLANE('',#5941);
#5240=PLANE('',#5942);
#5241=PLANE('',#5943);
#5242=PLANE('',#5944);
#5243=PLANE('',#5945);
#5244=PLANE('',#5946);
#5245=PLANE('',#5947);
#5246=PLANE('',#5948);
#5247=PLANE('',#5949);
#5248=PLANE('',#5950);
#5249=PLANE('',#5951);
#5250=PLANE('',#5952);
#5251=PLANE('',#5953);
#5252=PLANE('',#5954);
#5253=PLANE('',#5955);
#5254=PLANE('',#5956);
#5255=PLANE('',#5957);
#5256=PLANE('',#5958);
#5257=PLANE('',#5959);
#5258=PLANE('',#5960);
#5259=PLANE('',#5961);
#5260=PLANE('',#5962);
#5261=PLANE('',#5963);
#5262=PLANE('',#5964);
#5263=PLANE('',#5965);
#5264=PLANE('',#5966);
#5265=PLANE('',#5967);
#5266=PLANE('',#5968);
#5267=PLANE('',#5969);
#5268=PLANE('',#5970);
#5269=PLANE('',#5971);
#5270=PLANE('',#5972);
#5271=PLANE('',#5973);
#5272=PLANE('',#5974);
#5273=PLANE('',#5975);
#5274=PLANE('',#5976);
#5275=PLANE('',#5977);
#5276=PLANE('',#5978);
#5277=PLANE('',#5979);
#5278=PLANE('',#5980);
#5279=PLANE('',#5981);
#5280=PLANE('',#5982);
#5281=PLANE('',#5983);
#5282=PLANE('',#5984);
#5283=PLANE('',#5985);
#5284=PLANE('',#5986);
#5285=PLANE('',#5987);
#5286=PLANE('',#5988);
#5287=PLANE('',#5989);
#5288=PLANE('',#5990);
#5289=PLANE('',#5991);
#5290=PLANE('',#5992);
#5291=PLANE('',#5993);
#5292=PLANE('',#5994);
#5293=PLANE('',#5995);
#5294=PLANE('',#5996);
#5295=PLANE('',#5997);
#5296=PLANE('',#5998);
#5297=PLANE('',#5999);
#5298=PLANE('',#6000);
#5299=PLANE('',#6001);
#5300=PLANE('',#6002);
#5301=PLANE('',#6003);
#5302=PLANE('',#6004);
#5303=PLANE('',#6005);
#5304=PLANE('',#6006);
#5305=PLANE('',#6007);
#5306=PLANE('',#6008);
#5307=PLANE('',#6009);
#5308=PLANE('',#6010);
#5309=PLANE('',#6011);
#5310=PLANE('',#6012);
#5311=PLANE('',#6013);
#5312=PLANE('',#6014);
#5313=PLANE('',#6015);
#5314=PLANE('',#6016);
#5315=PLANE('',#6017);
#5316=PLANE('',#6018);
#5317=PLANE('',#6019);
#5318=PLANE('',#6020);
#5319=PLANE('',#6021);
#5320=PLANE('',#6022);
#5321=PLANE('',#6023);
#5322=PLANE('',#6024);
#5323=PLANE('',#6025);
#5324=PLANE('',#6026);
#5325=PLANE('',#6027);
#5326=PLANE('',#6028);
#5327=PLANE('',#6029);
#5328=PLANE('',#6030);
#5329=PLANE('',#6031);
#5330=PLANE('',#6032);
#5331=PLANE('',#6033);
#5332=PLANE('',#6034);
#5333=PLANE('',#6035);
#5334=PLANE('',#6036);
#5335=PLANE('',#6037);
#5336=PLANE('',#6038);
#5337=PLANE('',#6039);
#5338=PLANE('',#6040);
#5339=PLANE('',#6041);
#5340=PLANE('',#6042);
#5341=PLANE('',#6043);
#5342=PLANE('',#6044);
#5343=PLANE('',#6045);
#5344=PLANE('',#6046);
#5345=PLANE('',#6047);
#5346=PLANE('',#6048);
#5347=PLANE('',#6049);
#5348=PLANE('',#6050);
#5349=PLANE('',#6051);
#5350=PLANE('',#6052);
#5351=PLANE('',#6053);
#5352=PLANE('',#6054);
#5353=PLANE('',#6055);
#5354=PLANE('',#6056);
#5355=PLANE('',#6057);
#5356=PLANE('',#6058);
#5357=PLANE('',#6059);
#5358=PLANE('',#6060);
#5359=PLANE('',#6061);
#5360=PLANE('',#6062);
#5361=PLANE('',#6063);
#5362=PLANE('',#6064);
#5363=PLANE('',#6065);
#5364=PLANE('',#6066);
#5365=PLANE('',#6067);
#5366=PLANE('',#6068);
#5367=PLANE('',#6069);
#5368=PLANE('',#6070);
#5369=PLANE('',#6071);
#5370=PLANE('',#6072);
#5371=PLANE('',#6073);
#5372=PLANE('',#6074);
#5373=PLANE('',#6075);
#5374=PLANE('',#6076);
#5375=PLANE('',#6077);
#5376=PLANE('',#6078);
#5377=PLANE('',#6079);
#5378=PLANE('',#6080);
#5379=PLANE('',#6081);
#5380=PLANE('',#6082);
#5381=PLANE('',#6083);
#5382=PLANE('',#6084);
#5383=PLANE('',#6085);
#5384=PLANE('',#6086);
#5385=PLANE('',#6087);
#5386=PLANE('',#6088);
#5387=PLANE('',#6089);
#5388=PLANE('',#6090);
#5389=PLANE('',#6091);
#5390=PLANE('',#6092);
#5391=PLANE('',#6093);
#5392=PLANE('',#6094);
#5393=PLANE('',#6095);
#5394=PLANE('',#6096);
#5395=PLANE('',#6097);
#5396=PLANE('',#6098);
#5397=PLANE('',#6099);
#5398=PLANE('',#6100);
#5399=PLANE('',#6101);
#5400=PLANE('',#6102);
#5401=PLANE('',#6103);
#5402=PLANE('',#6104);
#5403=PLANE('',#6105);
#5404=PLANE('',#6106);
#5405=PLANE('',#6107);
#5406=PLANE('',#6108);
#5407=PLANE('',#6109);
#5408=PLANE('',#6110);
#5409=PLANE('',#6111);
#5410=PLANE('',#6112);
#5411=PLANE('',#6113);
#5412=PLANE('',#6114);
#5413=PLANE('',#6115);
#5414=PLANE('',#6116);
#5415=PLANE('',#6117);
#5416=PLANE('',#6118);
#5417=PLANE('',#6119);
#5418=PLANE('',#6120);
#5419=PLANE('',#6121);
#5420=PLANE('',#6122);
#5421=PLANE('',#6123);
#5422=PLANE('',#6124);
#5423=PLANE('',#6125);
#5424=PLANE('',#6126);
#5425=PLANE('',#6127);
#5426=PLANE('',#6128);
#5427=PLANE('',#6129);
#5428=PLANE('',#6130);
#5429=PLANE('',#6131);
#5430=PLANE('',#6132);
#5431=PLANE('',#6133);
#5432=PLANE('',#6134);
#5433=PLANE('',#6135);
#5434=PLANE('',#6136);
#5435=PLANE('',#6137);
#5436=PLANE('',#6138);
#5437=PLANE('',#6139);
#5438=PLANE('',#6140);
#5439=PLANE('',#6141);
#5440=PLANE('',#6142);
#5441=PLANE('',#6143);
#5442=PLANE('',#6144);
#5443=PLANE('',#6145);
#5444=PLANE('',#6146);
#5445=PLANE('',#6147);
#5446=PLANE('',#6148);
#5447=PLANE('',#6149);
#5448=PLANE('',#6150);
#5449=PLANE('',#6151);
#5450=PLANE('',#6152);
#5451=PLANE('',#6154);
#5452=PLANE('',#6155);
#5453=PLANE('',#6156);
#5454=PLANE('',#6157);
#5455=PLANE('',#6158);
#5456=PLANE('',#6159);
#5457=PLANE('',#6160);
#5458=PLANE('',#6161);
#5459=PLANE('',#6162);
#5460=PLANE('',#6163);
#5461=PLANE('',#6164);
#5462=PLANE('',#6165);
#5463=PLANE('',#6166);
#5464=PLANE('',#6167);
#5465=PLANE('',#6168);
#5466=PLANE('',#6169);
#5467=PLANE('',#6170);
#5468=PLANE('',#6171);
#5469=PLANE('',#6172);
#5470=PLANE('',#6173);
#5471=PLANE('',#6174);
#5472=PLANE('',#6175);
#5473=PLANE('',#6176);
#5474=PLANE('',#6177);
#5475=PLANE('',#6178);
#5476=PLANE('',#6179);
#5477=PLANE('',#6180);
#5478=PLANE('',#6181);
#5479=PLANE('',#6182);
#5480=PLANE('',#6183);
#5481=PLANE('',#6184);
#5482=PLANE('',#6185);
#5483=PLANE('',#6186);
#5484=PLANE('',#6187);
#5485=PLANE('',#6188);
#5486=PLANE('',#6189);
#5487=PLANE('',#6190);
#5488=ADVANCED_FACE('',(#102),#5163,.F.);
#5489=ADVANCED_FACE('',(#103),#5164,.F.);
#5490=ADVANCED_FACE('',(#104),#5165,.F.);
#5491=ADVANCED_FACE('',(#105),#5166,.F.);
#5492=ADVANCED_FACE('',(#106),#5167,.F.);
#5493=ADVANCED_FACE('',(#107),#5168,.F.);
#5494=ADVANCED_FACE('',(#108),#5169,.F.);
#5495=ADVANCED_FACE('',(#109),#5170,.F.);
#5496=ADVANCED_FACE('',(#110),#5171,.F.);
#5497=ADVANCED_FACE('',(#111),#5172,.F.);
#5498=ADVANCED_FACE('',(#112),#5173,.F.);
#5499=ADVANCED_FACE('',(#113),#5174,.F.);
#5500=ADVANCED_FACE('',(#114),#5175,.F.);
#5501=ADVANCED_FACE('',(#115),#5176,.F.);
#5502=ADVANCED_FACE('',(#116),#5177,.F.);
#5503=ADVANCED_FACE('',(#117),#5178,.F.);
#5504=ADVANCED_FACE('',(#118),#5179,.F.);
#5505=ADVANCED_FACE('',(#119),#5180,.F.);
#5506=ADVANCED_FACE('',(#120),#5181,.F.);
#5507=ADVANCED_FACE('',(#121),#5182,.F.);
#5508=ADVANCED_FACE('',(#122),#5183,.F.);
#5509=ADVANCED_FACE('',(#123),#5184,.F.);
#5510=ADVANCED_FACE('',(#124),#5185,.F.);
#5511=ADVANCED_FACE('',(#125),#5186,.F.);
#5512=ADVANCED_FACE('',(#126),#5187,.F.);
#5513=ADVANCED_FACE('',(#127),#5188,.F.);
#5514=ADVANCED_FACE('',(#128),#5189,.F.);
#5515=ADVANCED_FACE('',(#129),#5190,.F.);
#5516=ADVANCED_FACE('',(#130),#5191,.F.);
#5517=ADVANCED_FACE('',(#131),#5192,.F.);
#5518=ADVANCED_FACE('',(#132),#5193,.F.);
#5519=ADVANCED_FACE('',(#133),#5194,.F.);
#5520=ADVANCED_FACE('',(#134),#5195,.F.);
#5521=ADVANCED_FACE('',(#135),#5196,.F.);
#5522=ADVANCED_FACE('',(#136),#5197,.F.);
#5523=ADVANCED_FACE('',(#137),#5198,.F.);
#5524=ADVANCED_FACE('',(#138),#5199,.F.);
#5525=ADVANCED_FACE('',(#139),#5200,.F.);
#5526=ADVANCED_FACE('',(#140),#5201,.F.);
#5527=ADVANCED_FACE('',(#141),#5202,.F.);
#5528=ADVANCED_FACE('',(#142),#5203,.F.);
#5529=ADVANCED_FACE('',(#143),#5204,.F.);
#5530=ADVANCED_FACE('',(#144),#5205,.F.);
#5531=ADVANCED_FACE('',(#145),#5206,.F.);
#5532=ADVANCED_FACE('',(#146),#5207,.F.);
#5533=ADVANCED_FACE('',(#147),#5208,.F.);
#5534=ADVANCED_FACE('',(#148),#5209,.F.);
#5535=ADVANCED_FACE('',(#149),#5210,.F.);
#5536=ADVANCED_FACE('',(#150),#5211,.F.);
#5537=ADVANCED_FACE('',(#151),#5212,.F.);
#5538=ADVANCED_FACE('',(#152),#5213,.F.);
#5539=ADVANCED_FACE('',(#153),#5214,.F.);
#5540=ADVANCED_FACE('',(#154),#5215,.F.);
#5541=ADVANCED_FACE('',(#155),#5216,.F.);
#5542=ADVANCED_FACE('',(#156),#5217,.F.);
#5543=ADVANCED_FACE('',(#157),#5218,.F.);
#5544=ADVANCED_FACE('',(#158),#5219,.F.);
#5545=ADVANCED_FACE('',(#159),#5220,.F.);
#5546=ADVANCED_FACE('',(#160,#77,#78,#79,#80,#81,#82),#5221,.F.);
#5547=ADVANCED_FACE('',(#161),#5222,.F.);
#5548=ADVANCED_FACE('',(#162),#5223,.F.);
#5549=ADVANCED_FACE('',(#163),#5224,.F.);
#5550=ADVANCED_FACE('',(#164),#5225,.T.);
#5551=ADVANCED_FACE('',(#165),#5226,.T.);
#5552=ADVANCED_FACE('',(#166,#83),#5227,.T.);
#5553=ADVANCED_FACE('',(#167),#5228,.F.);
#5554=ADVANCED_FACE('',(#168),#5229,.F.);
#5555=ADVANCED_FACE('',(#169),#5230,.F.);
#5556=ADVANCED_FACE('',(#170),#5231,.F.);
#5557=ADVANCED_FACE('',(#171),#5232,.F.);
#5558=ADVANCED_FACE('',(#172),#5233,.F.);
#5559=ADVANCED_FACE('',(#173),#5234,.F.);
#5560=ADVANCED_FACE('',(#174),#5235,.F.);
#5561=ADVANCED_FACE('',(#175),#5236,.F.);
#5562=ADVANCED_FACE('',(#176),#5237,.F.);
#5563=ADVANCED_FACE('',(#177),#5238,.F.);
#5564=ADVANCED_FACE('',(#178),#5239,.F.);
#5565=ADVANCED_FACE('',(#179),#5240,.F.);
#5566=ADVANCED_FACE('',(#180),#5241,.F.);
#5567=ADVANCED_FACE('',(#181),#5242,.F.);
#5568=ADVANCED_FACE('',(#182),#5243,.F.);
#5569=ADVANCED_FACE('',(#183),#5244,.F.);
#5570=ADVANCED_FACE('',(#184),#5245,.F.);
#5571=ADVANCED_FACE('',(#185),#5246,.F.);
#5572=ADVANCED_FACE('',(#186),#5247,.F.);
#5573=ADVANCED_FACE('',(#187),#5248,.F.);
#5574=ADVANCED_FACE('',(#188),#5249,.T.);
#5575=ADVANCED_FACE('',(#189),#5250,.T.);
#5576=ADVANCED_FACE('',(#190),#5251,.F.);
#5577=ADVANCED_FACE('',(#191),#5252,.T.);
#5578=ADVANCED_FACE('',(#192),#5253,.F.);
#5579=ADVANCED_FACE('',(#193),#5254,.F.);
#5580=ADVANCED_FACE('',(#194),#5255,.F.);
#5581=ADVANCED_FACE('',(#195),#5256,.F.);
#5582=ADVANCED_FACE('',(#196),#5257,.F.);
#5583=ADVANCED_FACE('',(#197),#5258,.F.);
#5584=ADVANCED_FACE('',(#198),#5259,.F.);
#5585=ADVANCED_FACE('',(#199),#5260,.F.);
#5586=ADVANCED_FACE('',(#200),#5261,.F.);
#5587=ADVANCED_FACE('',(#201),#5262,.F.);
#5588=ADVANCED_FACE('',(#202),#5263,.F.);
#5589=ADVANCED_FACE('',(#203),#5264,.F.);
#5590=ADVANCED_FACE('',(#204),#5265,.F.);
#5591=ADVANCED_FACE('',(#205),#5266,.F.);
#5592=ADVANCED_FACE('',(#206),#5267,.F.);
#5593=ADVANCED_FACE('',(#207),#5268,.F.);
#5594=ADVANCED_FACE('',(#208),#5269,.F.);
#5595=ADVANCED_FACE('',(#209),#5270,.F.);
#5596=ADVANCED_FACE('',(#210),#5271,.F.);
#5597=ADVANCED_FACE('',(#211),#5272,.F.);
#5598=ADVANCED_FACE('',(#212),#5273,.F.);
#5599=ADVANCED_FACE('',(#213),#5274,.F.);
#5600=ADVANCED_FACE('',(#214),#5275,.F.);
#5601=ADVANCED_FACE('',(#215),#5276,.F.);
#5602=ADVANCED_FACE('',(#216),#5277,.F.);
#5603=ADVANCED_FACE('',(#217),#5278,.F.);
#5604=ADVANCED_FACE('',(#218),#5279,.F.);
#5605=ADVANCED_FACE('',(#219),#5280,.F.);
#5606=ADVANCED_FACE('',(#220),#5281,.F.);
#5607=ADVANCED_FACE('',(#221),#5282,.F.);
#5608=ADVANCED_FACE('',(#222),#5283,.T.);
#5609=ADVANCED_FACE('',(#223),#5284,.T.);
#5610=ADVANCED_FACE('',(#224),#5285,.T.);
#5611=ADVANCED_FACE('',(#225),#5286,.T.);
#5612=ADVANCED_FACE('',(#226),#5287,.T.);
#5613=ADVANCED_FACE('',(#227),#5288,.T.);
#5614=ADVANCED_FACE('',(#228),#5289,.T.);
#5615=ADVANCED_FACE('',(#229),#5290,.T.);
#5616=ADVANCED_FACE('',(#230),#5291,.T.);
#5617=ADVANCED_FACE('',(#231),#5292,.T.);
#5618=ADVANCED_FACE('',(#232),#5293,.T.);
#5619=ADVANCED_FACE('',(#233),#5294,.T.);
#5620=ADVANCED_FACE('',(#234),#5295,.T.);
#5621=ADVANCED_FACE('',(#235),#5296,.T.);
#5622=ADVANCED_FACE('',(#236),#5297,.T.);
#5623=ADVANCED_FACE('',(#237),#5298,.T.);
#5624=ADVANCED_FACE('',(#238),#5299,.T.);
#5625=ADVANCED_FACE('',(#239),#5300,.T.);
#5626=ADVANCED_FACE('',(#240),#5301,.T.);
#5627=ADVANCED_FACE('',(#241),#5302,.T.);
#5628=ADVANCED_FACE('',(#242),#5303,.T.);
#5629=ADVANCED_FACE('',(#243),#5304,.T.);
#5630=ADVANCED_FACE('',(#244),#5305,.T.);
#5631=ADVANCED_FACE('',(#245),#5306,.T.);
#5632=ADVANCED_FACE('',(#246),#5307,.T.);
#5633=ADVANCED_FACE('',(#247),#5308,.T.);
#5634=ADVANCED_FACE('',(#248),#5309,.T.);
#5635=ADVANCED_FACE('',(#249),#5310,.T.);
#5636=ADVANCED_FACE('',(#250,#84,#85,#86,#87,#88,#89,#90,#91,#92,#93,#94,
#95),#5311,.T.);
#5637=ADVANCED_FACE('',(#251,#96,#97,#98,#99,#100,#101),#5312,.T.);
#5638=ADVANCED_FACE('',(#252),#5313,.T.);
#5639=ADVANCED_FACE('',(#253),#5314,.T.);
#5640=ADVANCED_FACE('',(#254),#5315,.T.);
#5641=ADVANCED_FACE('',(#255),#5316,.T.);
#5642=ADVANCED_FACE('',(#256),#5317,.T.);
#5643=ADVANCED_FACE('',(#257),#5318,.T.);
#5644=ADVANCED_FACE('',(#258),#5319,.T.);
#5645=ADVANCED_FACE('',(#259),#5320,.T.);
#5646=ADVANCED_FACE('',(#260),#5321,.T.);
#5647=ADVANCED_FACE('',(#261),#5322,.T.);
#5648=ADVANCED_FACE('',(#262),#5323,.T.);
#5649=ADVANCED_FACE('',(#263),#5324,.T.);
#5650=ADVANCED_FACE('',(#264),#5325,.T.);
#5651=ADVANCED_FACE('',(#265),#5326,.T.);
#5652=ADVANCED_FACE('',(#266),#5327,.T.);
#5653=ADVANCED_FACE('',(#267),#5328,.T.);
#5654=ADVANCED_FACE('',(#268),#5329,.T.);
#5655=ADVANCED_FACE('',(#269),#5330,.T.);
#5656=ADVANCED_FACE('',(#270),#5331,.T.);
#5657=ADVANCED_FACE('',(#271),#5332,.T.);
#5658=ADVANCED_FACE('',(#272),#5333,.T.);
#5659=ADVANCED_FACE('',(#273),#5334,.T.);
#5660=ADVANCED_FACE('',(#274),#5335,.T.);
#5661=ADVANCED_FACE('',(#275),#5336,.T.);
#5662=ADVANCED_FACE('',(#276),#5337,.T.);
#5663=ADVANCED_FACE('',(#277),#5338,.T.);
#5664=ADVANCED_FACE('',(#278),#5339,.T.);
#5665=ADVANCED_FACE('',(#279),#5340,.T.);
#5666=ADVANCED_FACE('',(#280),#5341,.T.);
#5667=ADVANCED_FACE('',(#281),#5342,.T.);
#5668=ADVANCED_FACE('',(#282),#5343,.T.);
#5669=ADVANCED_FACE('',(#283),#5344,.T.);
#5670=ADVANCED_FACE('',(#284),#5345,.T.);
#5671=ADVANCED_FACE('',(#285),#5346,.T.);
#5672=ADVANCED_FACE('',(#286),#5347,.T.);
#5673=ADVANCED_FACE('',(#287),#5348,.T.);
#5674=ADVANCED_FACE('',(#288),#5349,.T.);
#5675=ADVANCED_FACE('',(#289),#5350,.T.);
#5676=ADVANCED_FACE('',(#290),#5351,.T.);
#5677=ADVANCED_FACE('',(#291),#5352,.T.);
#5678=ADVANCED_FACE('',(#292),#5353,.T.);
#5679=ADVANCED_FACE('',(#293),#5354,.T.);
#5680=ADVANCED_FACE('',(#294),#5355,.T.);
#5681=ADVANCED_FACE('',(#295),#5356,.T.);
#5682=ADVANCED_FACE('',(#296),#5357,.T.);
#5683=ADVANCED_FACE('',(#297),#5358,.T.);
#5684=ADVANCED_FACE('',(#298),#5359,.T.);
#5685=ADVANCED_FACE('',(#299),#5360,.T.);
#5686=ADVANCED_FACE('',(#300),#5361,.T.);
#5687=ADVANCED_FACE('',(#301),#5362,.T.);
#5688=ADVANCED_FACE('',(#302),#5363,.T.);
#5689=ADVANCED_FACE('',(#303),#5364,.T.);
#5690=ADVANCED_FACE('',(#304),#5365,.T.);
#5691=ADVANCED_FACE('',(#305),#5366,.T.);
#5692=ADVANCED_FACE('',(#306),#5367,.T.);
#5693=ADVANCED_FACE('',(#307),#5368,.T.);
#5694=ADVANCED_FACE('',(#308),#5369,.T.);
#5695=ADVANCED_FACE('',(#309),#5370,.T.);
#5696=ADVANCED_FACE('',(#310),#5371,.T.);
#5697=ADVANCED_FACE('',(#311),#5372,.T.);
#5698=ADVANCED_FACE('',(#312),#5373,.T.);
#5699=ADVANCED_FACE('',(#313),#5374,.T.);
#5700=ADVANCED_FACE('',(#314),#5375,.T.);
#5701=ADVANCED_FACE('',(#315),#5376,.T.);
#5702=ADVANCED_FACE('',(#316),#5377,.T.);
#5703=ADVANCED_FACE('',(#317),#5378,.T.);
#5704=ADVANCED_FACE('',(#318),#5379,.T.);
#5705=ADVANCED_FACE('',(#319),#5380,.T.);
#5706=ADVANCED_FACE('',(#320),#5381,.T.);
#5707=ADVANCED_FACE('',(#321),#5382,.T.);
#5708=ADVANCED_FACE('',(#322),#5383,.T.);
#5709=ADVANCED_FACE('',(#323),#5384,.T.);
#5710=ADVANCED_FACE('',(#324),#5385,.T.);
#5711=ADVANCED_FACE('',(#325),#5386,.T.);
#5712=ADVANCED_FACE('',(#326),#5387,.T.);
#5713=ADVANCED_FACE('',(#327),#5388,.T.);
#5714=ADVANCED_FACE('',(#328),#5389,.T.);
#5715=ADVANCED_FACE('',(#329),#5390,.T.);
#5716=ADVANCED_FACE('',(#330),#5391,.T.);
#5717=ADVANCED_FACE('',(#331),#5392,.T.);
#5718=ADVANCED_FACE('',(#332),#5393,.T.);
#5719=ADVANCED_FACE('',(#333),#5394,.T.);
#5720=ADVANCED_FACE('',(#334),#5395,.T.);
#5721=ADVANCED_FACE('',(#335),#5396,.T.);
#5722=ADVANCED_FACE('',(#336),#5397,.T.);
#5723=ADVANCED_FACE('',(#337),#5398,.T.);
#5724=ADVANCED_FACE('',(#338),#5399,.T.);
#5725=ADVANCED_FACE('',(#339),#5400,.T.);
#5726=ADVANCED_FACE('',(#340),#5401,.T.);
#5727=ADVANCED_FACE('',(#341),#5402,.T.);
#5728=ADVANCED_FACE('',(#342),#5403,.T.);
#5729=ADVANCED_FACE('',(#343),#5404,.T.);
#5730=ADVANCED_FACE('',(#344),#5405,.T.);
#5731=ADVANCED_FACE('',(#345),#5406,.T.);
#5732=ADVANCED_FACE('',(#346),#5407,.T.);
#5733=ADVANCED_FACE('',(#347),#5408,.T.);
#5734=ADVANCED_FACE('',(#348),#5409,.T.);
#5735=ADVANCED_FACE('',(#349),#5410,.T.);
#5736=ADVANCED_FACE('',(#350),#5411,.T.);
#5737=ADVANCED_FACE('',(#351),#5412,.T.);
#5738=ADVANCED_FACE('',(#352),#5413,.T.);
#5739=ADVANCED_FACE('',(#353),#5414,.T.);
#5740=ADVANCED_FACE('',(#354),#5415,.T.);
#5741=ADVANCED_FACE('',(#355),#5416,.T.);
#5742=ADVANCED_FACE('',(#356),#5417,.T.);
#5743=ADVANCED_FACE('',(#357),#5418,.T.);
#5744=ADVANCED_FACE('',(#358),#5419,.T.);
#5745=ADVANCED_FACE('',(#359),#5420,.T.);
#5746=ADVANCED_FACE('',(#360),#5421,.T.);
#5747=ADVANCED_FACE('',(#361),#5422,.T.);
#5748=ADVANCED_FACE('',(#362),#5423,.T.);
#5749=ADVANCED_FACE('',(#363),#5424,.T.);
#5750=ADVANCED_FACE('',(#364),#5425,.T.);
#5751=ADVANCED_FACE('',(#365),#5426,.T.);
#5752=ADVANCED_FACE('',(#366),#5427,.T.);
#5753=ADVANCED_FACE('',(#367),#5428,.T.);
#5754=ADVANCED_FACE('',(#368),#5429,.T.);
#5755=ADVANCED_FACE('',(#369),#5430,.T.);
#5756=ADVANCED_FACE('',(#370),#5431,.T.);
#5757=ADVANCED_FACE('',(#371),#5432,.T.);
#5758=ADVANCED_FACE('',(#372),#5433,.T.);
#5759=ADVANCED_FACE('',(#373),#5434,.T.);
#5760=ADVANCED_FACE('',(#374),#5435,.T.);
#5761=ADVANCED_FACE('',(#375),#5436,.T.);
#5762=ADVANCED_FACE('',(#376),#5437,.T.);
#5763=ADVANCED_FACE('',(#377),#5438,.T.);
#5764=ADVANCED_FACE('',(#378),#5439,.T.);
#5765=ADVANCED_FACE('',(#379),#5440,.T.);
#5766=ADVANCED_FACE('',(#380),#5441,.T.);
#5767=ADVANCED_FACE('',(#381),#5442,.T.);
#5768=ADVANCED_FACE('',(#382),#5443,.T.);
#5769=ADVANCED_FACE('',(#383),#5444,.T.);
#5770=ADVANCED_FACE('',(#384),#5445,.T.);
#5771=ADVANCED_FACE('',(#385),#5446,.T.);
#5772=ADVANCED_FACE('',(#386),#5447,.T.);
#5773=ADVANCED_FACE('',(#387),#5448,.T.);
#5774=ADVANCED_FACE('',(#388),#5449,.T.);
#5775=ADVANCED_FACE('',(#389),#5450,.T.);
#5776=ADVANCED_FACE('',(#390),#5451,.T.);
#5777=ADVANCED_FACE('',(#391),#5452,.T.);
#5778=ADVANCED_FACE('',(#392),#5453,.T.);
#5779=ADVANCED_FACE('',(#393),#5454,.T.);
#5780=ADVANCED_FACE('',(#394),#5455,.T.);
#5781=ADVANCED_FACE('',(#395),#5456,.F.);
#5782=ADVANCED_FACE('',(#396),#5457,.T.);
#5783=ADVANCED_FACE('',(#397),#5458,.T.);
#5784=ADVANCED_FACE('',(#398),#5459,.T.);
#5785=ADVANCED_FACE('',(#399),#5460,.T.);
#5786=ADVANCED_FACE('',(#400),#5461,.T.);
#5787=ADVANCED_FACE('',(#401),#5462,.F.);
#5788=ADVANCED_FACE('',(#402),#5463,.T.);
#5789=ADVANCED_FACE('',(#403),#5464,.T.);
#5790=ADVANCED_FACE('',(#404),#5465,.T.);
#5791=ADVANCED_FACE('',(#405),#5466,.T.);
#5792=ADVANCED_FACE('',(#406),#5467,.T.);
#5793=ADVANCED_FACE('',(#407),#5468,.F.);
#5794=ADVANCED_FACE('',(#408),#5469,.T.);
#5795=ADVANCED_FACE('',(#409),#5470,.T.);
#5796=ADVANCED_FACE('',(#410),#5471,.T.);
#5797=ADVANCED_FACE('',(#411),#5472,.T.);
#5798=ADVANCED_FACE('',(#412),#5473,.T.);
#5799=ADVANCED_FACE('',(#413),#5474,.F.);
#5800=ADVANCED_FACE('',(#414),#5475,.T.);
#5801=ADVANCED_FACE('',(#415),#5476,.T.);
#5802=ADVANCED_FACE('',(#416),#5477,.T.);
#5803=ADVANCED_FACE('',(#417),#5478,.T.);
#5804=ADVANCED_FACE('',(#418),#5479,.T.);
#5805=ADVANCED_FACE('',(#419),#5480,.T.);
#5806=ADVANCED_FACE('',(#420),#5481,.F.);
#5807=ADVANCED_FACE('',(#421),#5482,.T.);
#5808=ADVANCED_FACE('',(#422),#5483,.T.);
#5809=ADVANCED_FACE('',(#423),#5484,.T.);
#5810=ADVANCED_FACE('',(#424),#5485,.T.);
#5811=ADVANCED_FACE('',(#425),#5486,.T.);
#5812=ADVANCED_FACE('',(#426),#5487,.F.);
#5813=CLOSED_SHELL('',(#5488,#5489,#5490,#5491,#5492,#5493,#5494,#5495,
#5496,#5497,#5498,#5499,#5500,#5501,#5502,#5503,#5504,#5505,#5506,#5507,
#5508,#5509,#5510,#5511,#5512,#5513,#5514,#5515,#5516,#5517,#5518,#5519,
#5520,#5521,#5522,#5523,#5524,#5525,#5526,#5527,#5528,#5529,#5530,#5531,
#5532,#5533,#5534,#5535,#5536,#5537,#5538,#5539,#5540,#5541,#5542,#5543,
#5544,#5545,#5546,#5547,#5548,#5549,#5550,#5551,#5552,#5553,#5554,#5555,
#5556,#5557,#5558,#5559,#5560,#5561,#5562,#5563,#5564,#5565,#5566,#5567,
#5568,#5569,#5570,#5571,#5572,#5573,#5574,#5575,#5576,#5577));
#5814=CLOSED_SHELL('',(#5578,#5579,#5580,#5581,#5582,#5583,#5584,#5585,
#5586,#5587,#5588,#5589,#5590,#5591,#5592,#5593,#5594,#5595,#5596,#5597,
#5598,#5599,#5600,#5601,#5602,#5603,#5604,#5605,#5606,#5607,#5608,#5609,
#5610,#5611,#5612,#5613,#5614,#5615,#5616,#5617,#5618,#5619,#5620,#5621,
#5622,#5623,#5624,#5625,#5626,#5627,#5628,#5629,#5630,#5631,#5632,#5633,
#5634,#5635,#5636,#5637));
#5815=CLOSED_SHELL('',(#5638,#5639,#5640,#5641,#5642,#5643,#5644,#5645,
#5646,#5647,#5648,#5649,#5650,#5651,#5652,#5653,#5654,#5655,#5656,#5657,
#5658,#5659,#5660,#5661,#5662,#5663,#5664,#5665,#5666,#5667));
#5816=CLOSED_SHELL('',(#5668,#5669,#5670,#5671,#5672,#5673));
#5817=CLOSED_SHELL('',(#5674,#5675,#5676,#5677,#5678,#5679));
#5818=CLOSED_SHELL('',(#5680,#5681,#5682,#5683,#5684,#5685));
#5819=CLOSED_SHELL('',(#5686,#5687,#5688,#5689,#5690,#5691));
#5820=CLOSED_SHELL('',(#5692,#5693,#5694,#5695,#5696,#5697));
#5821=CLOSED_SHELL('',(#5698,#5699,#5700,#5701,#5702,#5703));
#5822=CLOSED_SHELL('',(#5704,#5705,#5706,#5707,#5708,#5709));
#5823=CLOSED_SHELL('',(#5710,#5711,#5712,#5713,#5714,#5715));
#5824=CLOSED_SHELL('',(#5716,#5717,#5718,#5719,#5720,#5721));
#5825=CLOSED_SHELL('',(#5722,#5723,#5724,#5725,#5726,#5727));
#5826=CLOSED_SHELL('',(#5728,#5729,#5730,#5731,#5732,#5733));
#5827=CLOSED_SHELL('',(#5734,#5735,#5736,#5737,#5738,#5739));
#5828=CLOSED_SHELL('',(#5740,#5741,#5742,#5743,#5744,#5745));
#5829=CLOSED_SHELL('',(#5746,#5747,#5748,#5749,#5750,#5751));
#5830=CLOSED_SHELL('',(#5752,#5753,#5754,#5755,#5756,#5757));
#5831=CLOSED_SHELL('',(#5758,#5759,#5760,#5761,#5762,#5763));
#5832=CLOSED_SHELL('',(#5764,#5765,#5766,#5767,#5768,#5769));
#5833=CLOSED_SHELL('',(#5770,#5771,#5772,#5773,#5774,#5775));
#5834=CLOSED_SHELL('',(#5776,#5777,#5778,#5779,#5780,#5781));
#5835=CLOSED_SHELL('',(#5782,#5783,#5784,#5785,#5786,#5787));
#5836=CLOSED_SHELL('',(#5788,#5789,#5790,#5791,#5792,#5793));
#5837=CLOSED_SHELL('',(#5794,#5795,#5796,#5797,#5798,#5799));
#5838=CLOSED_SHELL('',(#5800,#5801,#5802,#5803,#5804,#5805,#5806));
#5839=CLOSED_SHELL('',(#5807,#5808,#5809,#5810,#5811,#5812));
#5840=DERIVED_UNIT_ELEMENT(#5844,1.);
#5841=DERIVED_UNIT_ELEMENT(#9256,-3.);
#5842=DERIVED_UNIT_ELEMENT(#5844,1.);
#5843=DERIVED_UNIT_ELEMENT(#9256,-3.);
#5844=(
MASS_UNIT()
NAMED_UNIT(*)
SI_UNIT(.KILO.,.GRAM.)
);
#5845=DERIVED_UNIT((#5840,#5841));
#5846=DERIVED_UNIT((#5842,#5843));
#5847=MEASURE_REPRESENTATION_ITEM('density measure',
POSITIVE_RATIO_MEASURE(7850.),#5845);
#5848=MEASURE_REPRESENTATION_ITEM('density measure',
POSITIVE_RATIO_MEASURE(7850.),#5846);
#5849=PROPERTY_DEFINITION_REPRESENTATION(#5859,#5853);
#5850=PROPERTY_DEFINITION_REPRESENTATION(#5860,#5854);
#5851=PROPERTY_DEFINITION_REPRESENTATION(#5861,#5855);
#5852=PROPERTY_DEFINITION_REPRESENTATION(#5862,#5856);
#5853=REPRESENTATION('material name',(#5857),#9252);
#5854=REPRESENTATION('density',(#5847),#9252);
#5855=REPRESENTATION('material name',(#5858),#9253);
#5856=REPRESENTATION('density',(#5848),#9253);
#5857=DESCRIPTIVE_REPRESENTATION_ITEM('Steel','Steel');
#5858=DESCRIPTIVE_REPRESENTATION_ITEM('Steel','Steel');
#5859=PROPERTY_DEFINITION('material property','material name',#9272);
#5860=PROPERTY_DEFINITION('material property','density of part',#9272);
#5861=PROPERTY_DEFINITION('material property','material name',#9273);
#5862=PROPERTY_DEFINITION('material property','density of part',#9273);
#5863=AXIS2_PLACEMENT_3D('',#7627,#6193,#6194);
#5864=AXIS2_PLACEMENT_3D('',#7628,#6195,#6196);
#5865=AXIS2_PLACEMENT_3D('',#7629,#6197,#6198);
#5866=AXIS2_PLACEMENT_3D('',#7638,#6203,#6204);
#5867=AXIS2_PLACEMENT_3D('',#7647,#6209,#6210);
#5868=AXIS2_PLACEMENT_3D('',#7656,#6215,#6216);
#5869=AXIS2_PLACEMENT_3D('',#7665,#6221,#6222);
#5870=AXIS2_PLACEMENT_3D('',#7674,#6227,#6228);
#5871=AXIS2_PLACEMENT_3D('',#7683,#6233,#6234);
#5872=AXIS2_PLACEMENT_3D('',#7689,#6238,#6239);
#5873=AXIS2_PLACEMENT_3D('',#7693,#6242,#6243);
#5874=AXIS2_PLACEMENT_3D('',#7699,#6247,#6248);
#5875=AXIS2_PLACEMENT_3D('',#7703,#6251,#6252);
#5876=AXIS2_PLACEMENT_3D('',#7709,#6256,#6257);
#5877=AXIS2_PLACEMENT_3D('',#7713,#6260,#6261);
#5878=AXIS2_PLACEMENT_3D('',#7719,#6265,#6266);
#5879=AXIS2_PLACEMENT_3D('',#7723,#6269,#6270);
#5880=AXIS2_PLACEMENT_3D('',#7729,#6274,#6275);
#5881=AXIS2_PLACEMENT_3D('',#7733,#6278,#6279);
#5882=AXIS2_PLACEMENT_3D('',#7739,#6283,#6284);
#5883=AXIS2_PLACEMENT_3D('',#7743,#6287,#6288);
#5884=AXIS2_PLACEMENT_3D('',#7752,#6293,#6294);
#5885=AXIS2_PLACEMENT_3D('',#7761,#6299,#6300);
#5886=AXIS2_PLACEMENT_3D('',#7770,#6305,#6306);
#5887=AXIS2_PLACEMENT_3D('',#7779,#6311,#6312);
#5888=AXIS2_PLACEMENT_3D('',#7788,#6317,#6318);
#5889=AXIS2_PLACEMENT_3D('',#7797,#6323,#6324);
#5890=AXIS2_PLACEMENT_3D('',#7803,#6328,#6329);
#5891=AXIS2_PLACEMENT_3D('',#7807,#6332,#6333);
#5892=AXIS2_PLACEMENT_3D('',#7811,#6336,#6337);
#5893=AXIS2_PLACEMENT_3D('',#7817,#6341,#6342);
#5894=AXIS2_PLACEMENT_3D('',#7821,#6345,#6346);
#5895=AXIS2_PLACEMENT_3D('',#7825,#6349,#6350);
#5896=AXIS2_PLACEMENT_3D('',#7831,#6354,#6355);
#5897=AXIS2_PLACEMENT_3D('',#7835,#6358,#6359);
#5898=AXIS2_PLACEMENT_3D('',#7839,#6362,#6363);
#5899=AXIS2_PLACEMENT_3D('',#7845,#6367,#6368);
#5900=AXIS2_PLACEMENT_3D('',#7849,#6371,#6372);
#5901=AXIS2_PLACEMENT_3D('',#7853,#6375,#6376);
#5902=AXIS2_PLACEMENT_3D('',#7859,#6380,#6381);
#5903=AXIS2_PLACEMENT_3D('',#7863,#6384,#6385);
#5904=AXIS2_PLACEMENT_3D('',#7867,#6388,#6389);
#5905=AXIS2_PLACEMENT_3D('',#7873,#6393,#6394);
#5906=AXIS2_PLACEMENT_3D('',#7877,#6397,#6398);
#5907=AXIS2_PLACEMENT_3D('',#7881,#6401,#6402);
#5908=AXIS2_PLACEMENT_3D('',#7885,#6405,#6406);
#5909=AXIS2_PLACEMENT_3D('',#7887,#6408,#6409);
#5910=AXIS2_PLACEMENT_3D('',#7891,#6412,#6413);
#5911=AXIS2_PLACEMENT_3D('',#7893,#6415,#6416);
#5912=AXIS2_PLACEMENT_3D('',#7897,#6419,#6420);
#5913=AXIS2_PLACEMENT_3D('',#7899,#6422,#6423);
#5914=AXIS2_PLACEMENT_3D('',#7903,#6426,#6427);
#5915=AXIS2_PLACEMENT_3D('',#7905,#6429,#6430);
#5916=AXIS2_PLACEMENT_3D('',#7909,#6433,#6434);
#5917=AXIS2_PLACEMENT_3D('',#7911,#6436,#6437);
#5918=AXIS2_PLACEMENT_3D('',#7915,#6440,#6441);
#5919=AXIS2_PLACEMENT_3D('',#7917,#6443,#6444);
#5920=AXIS2_PLACEMENT_3D('',#7926,#6449,#6450);
#5921=AXIS2_PLACEMENT_3D('',#7932,#6454,#6455);
#5922=AXIS2_PLACEMENT_3D('',#7938,#6459,#6460);
#5923=AXIS2_PLACEMENT_3D('',#7941,#6463,#6464);
#5924=AXIS2_PLACEMENT_3D('',#7942,#6465,#6466);
#5925=AXIS2_PLACEMENT_3D('',#7951,#6471,#6472);
#5926=AXIS2_PLACEMENT_3D('',#7966,#6483,#6484);
#5927=AXIS2_PLACEMENT_3D('',#7969,#6487,#6488);
#5928=AXIS2_PLACEMENT_3D('',#7995,#6502,#6503);
#5929=AXIS2_PLACEMENT_3D('',#7999,#6506,#6507);
#5930=AXIS2_PLACEMENT_3D('',#8003,#6510,#6511);
#5931=AXIS2_PLACEMENT_3D('',#8012,#6516,#6517);
#5932=AXIS2_PLACEMENT_3D('',#8018,#6521,#6522);
#5933=AXIS2_PLACEMENT_3D('',#8024,#6526,#6527);
#5934=AXIS2_PLACEMENT_3D('',#8026,#6529,#6530);
#5935=AXIS2_PLACEMENT_3D('',#8032,#6534,#6535);
#5936=AXIS2_PLACEMENT_3D('',#8038,#6539,#6540);
#5937=AXIS2_PLACEMENT_3D('',#8040,#6542,#6543);
#5938=AXIS2_PLACEMENT_3D('',#8049,#6548,#6549);
#5939=AXIS2_PLACEMENT_3D('',#8055,#6553,#6554);
#5940=AXIS2_PLACEMENT_3D('',#8059,#6557,#6558);
#5941=AXIS2_PLACEMENT_3D('',#8065,#6562,#6563);
#5942=AXIS2_PLACEMENT_3D('',#8071,#6567,#6568);
#5943=AXIS2_PLACEMENT_3D('',#8074,#6571,#6572);
#5944=AXIS2_PLACEMENT_3D('',#8075,#6573,#6574);
#5945=AXIS2_PLACEMENT_3D('',#8084,#6579,#6580);
#5946=AXIS2_PLACEMENT_3D('',#8090,#6584,#6585);
#5947=AXIS2_PLACEMENT_3D('',#8096,#6589,#6590);
#5948=AXIS2_PLACEMENT_3D('',#8100,#6593,#6594);
#5949=AXIS2_PLACEMENT_3D('',#8109,#6599,#6600);
#5950=AXIS2_PLACEMENT_3D('',#8112,#6603,#6604);
#5951=AXIS2_PLACEMENT_3D('',#8114,#6606,#6607);
#5952=AXIS2_PLACEMENT_3D('',#8117,#6610,#6611);
#5953=AXIS2_PLACEMENT_3D('',#8120,#6614,#6615);
#5954=AXIS2_PLACEMENT_3D('',#8123,#6618,#6619);
#5955=AXIS2_PLACEMENT_3D('',#8124,#6620,#6621);
#5956=AXIS2_PLACEMENT_3D('',#8133,#6626,#6627);
#5957=AXIS2_PLACEMENT_3D('',#8139,#6631,#6632);
#5958=AXIS2_PLACEMENT_3D('',#8145,#6636,#6637);
#5959=AXIS2_PLACEMENT_3D('',#8148,#6640,#6641);
#5960=AXIS2_PLACEMENT_3D('',#8149,#6642,#6643);
#5961=AXIS2_PLACEMENT_3D('',#8158,#6648,#6649);
#5962=AXIS2_PLACEMENT_3D('',#8164,#6653,#6654);
#5963=AXIS2_PLACEMENT_3D('',#8170,#6658,#6659);
#5964=AXIS2_PLACEMENT_3D('',#8173,#6662,#6663);
#5965=AXIS2_PLACEMENT_3D('',#8174,#6664,#6665);
#5966=AXIS2_PLACEMENT_3D('',#8183,#6670,#6671);
#5967=AXIS2_PLACEMENT_3D('',#8189,#6675,#6676);
#5968=AXIS2_PLACEMENT_3D('',#8195,#6680,#6681);
#5969=AXIS2_PLACEMENT_3D('',#8198,#6684,#6685);
#5970=AXIS2_PLACEMENT_3D('',#8199,#6686,#6687);
#5971=AXIS2_PLACEMENT_3D('',#8208,#6692,#6693);
#5972=AXIS2_PLACEMENT_3D('',#8214,#6697,#6698);
#5973=AXIS2_PLACEMENT_3D('',#8220,#6702,#6703);
#5974=AXIS2_PLACEMENT_3D('',#8223,#6706,#6707);
#5975=AXIS2_PLACEMENT_3D('',#8224,#6708,#6709);
#5976=AXIS2_PLACEMENT_3D('',#8233,#6714,#6715);
#5977=AXIS2_PLACEMENT_3D('',#8239,#6719,#6720);
#5978=AXIS2_PLACEMENT_3D('',#8245,#6724,#6725);
#5979=AXIS2_PLACEMENT_3D('',#8248,#6728,#6729);
#5980=AXIS2_PLACEMENT_3D('',#8249,#6730,#6731);
#5981=AXIS2_PLACEMENT_3D('',#8258,#6736,#6737);
#5982=AXIS2_PLACEMENT_3D('',#8264,#6741,#6742);
#5983=AXIS2_PLACEMENT_3D('',#8270,#6746,#6747);
#5984=AXIS2_PLACEMENT_3D('',#8273,#6750,#6751);
#5985=AXIS2_PLACEMENT_3D('',#8274,#6752,#6753);
#5986=AXIS2_PLACEMENT_3D('',#8283,#6758,#6759);
#5987=AXIS2_PLACEMENT_3D('',#8289,#6763,#6764);
#5988=AXIS2_PLACEMENT_3D('',#8295,#6768,#6769);
#5989=AXIS2_PLACEMENT_3D('',#8298,#6772,#6773);
#5990=AXIS2_PLACEMENT_3D('',#8307,#6778,#6779);
#5991=AXIS2_PLACEMENT_3D('',#8313,#6783,#6784);
#5992=AXIS2_PLACEMENT_3D('',#8319,#6788,#6789);
#5993=AXIS2_PLACEMENT_3D('',#8322,#6792,#6793);
#5994=AXIS2_PLACEMENT_3D('',#8331,#6798,#6799);
#5995=AXIS2_PLACEMENT_3D('',#8337,#6803,#6804);
#5996=AXIS2_PLACEMENT_3D('',#8343,#6808,#6809);
#5997=AXIS2_PLACEMENT_3D('',#8346,#6812,#6813);
#5998=AXIS2_PLACEMENT_3D('',#8355,#6818,#6819);
#5999=AXIS2_PLACEMENT_3D('',#8361,#6823,#6824);
#6000=AXIS2_PLACEMENT_3D('',#8367,#6828,#6829);
#6001=AXIS2_PLACEMENT_3D('',#8370,#6832,#6833);
#6002=AXIS2_PLACEMENT_3D('',#8379,#6838,#6839);
#6003=AXIS2_PLACEMENT_3D('',#8385,#6843,#6844);
#6004=AXIS2_PLACEMENT_3D('',#8391,#6848,#6849);
#6005=AXIS2_PLACEMENT_3D('',#8394,#6852,#6853);
#6006=AXIS2_PLACEMENT_3D('',#8403,#6858,#6859);
#6007=AXIS2_PLACEMENT_3D('',#8409,#6863,#6864);
#6008=AXIS2_PLACEMENT_3D('',#8415,#6868,#6869);
#6009=AXIS2_PLACEMENT_3D('',#8418,#6872,#6873);
#6010=AXIS2_PLACEMENT_3D('',#8427,#6878,#6879);
#6011=AXIS2_PLACEMENT_3D('',#8433,#6883,#6884);
#6012=AXIS2_PLACEMENT_3D('',#8439,#6888,#6889);
#6013=AXIS2_PLACEMENT_3D('',#8442,#6892,#6893);
#6014=AXIS2_PLACEMENT_3D('',#8443,#6894,#6895);
#6015=AXIS2_PLACEMENT_3D('',#8444,#6896,#6897);
#6016=AXIS2_PLACEMENT_3D('',#8453,#6902,#6903);
#6017=AXIS2_PLACEMENT_3D('',#8459,#6907,#6908);
#6018=AXIS2_PLACEMENT_3D('',#8465,#6912,#6913);
#6019=AXIS2_PLACEMENT_3D('',#8471,#6917,#6918);
#6020=AXIS2_PLACEMENT_3D('',#8477,#6922,#6923);
#6021=AXIS2_PLACEMENT_3D('',#8483,#6927,#6928);
#6022=AXIS2_PLACEMENT_3D('',#8489,#6932,#6933);
#6023=AXIS2_PLACEMENT_3D('',#8495,#6937,#6938);
#6024=AXIS2_PLACEMENT_3D('',#8501,#6942,#6943);
#6025=AXIS2_PLACEMENT_3D('',#8507,#6947,#6948);
#6026=AXIS2_PLACEMENT_3D('',#8513,#6952,#6953);
#6027=AXIS2_PLACEMENT_3D('',#8519,#6957,#6958);
#6028=AXIS2_PLACEMENT_3D('',#8525,#6962,#6963);
#6029=AXIS2_PLACEMENT_3D('',#8531,#6967,#6968);
#6030=AXIS2_PLACEMENT_3D('',#8537,#6972,#6973);
#6031=AXIS2_PLACEMENT_3D('',#8543,#6977,#6978);
#6032=AXIS2_PLACEMENT_3D('',#8549,#6982,#6983);
#6033=AXIS2_PLACEMENT_3D('',#8555,#6987,#6988);
#6034=AXIS2_PLACEMENT_3D('',#8561,#6992,#6993);
#6035=AXIS2_PLACEMENT_3D('',#8567,#6997,#6998);
#6036=AXIS2_PLACEMENT_3D('',#8573,#7002,#7003);
#6037=AXIS2_PLACEMENT_3D('',#8579,#7007,#7008);
#6038=AXIS2_PLACEMENT_3D('',#8585,#7012,#7013);
#6039=AXIS2_PLACEMENT_3D('',#8591,#7017,#7018);
#6040=AXIS2_PLACEMENT_3D('',#8597,#7022,#7023);
#6041=AXIS2_PLACEMENT_3D('',#8603,#7027,#7028);
#6042=AXIS2_PLACEMENT_3D('',#8609,#7032,#7033);
#6043=AXIS2_PLACEMENT_3D('',#8612,#7036,#7037);
#6044=AXIS2_PLACEMENT_3D('',#8613,#7038,#7039);
#6045=AXIS2_PLACEMENT_3D('',#8614,#7040,#7041);
#6046=AXIS2_PLACEMENT_3D('',#8623,#7046,#7047);
#6047=AXIS2_PLACEMENT_3D('',#8629,#7051,#7052);
#6048=AXIS2_PLACEMENT_3D('',#8635,#7056,#7057);
#6049=AXIS2_PLACEMENT_3D('',#8638,#7060,#7061);
#6050=AXIS2_PLACEMENT_3D('',#8639,#7062,#7063);
#6051=AXIS2_PLACEMENT_3D('',#8640,#7064,#7065);
#6052=AXIS2_PLACEMENT_3D('',#8649,#7070,#7071);
#6053=AXIS2_PLACEMENT_3D('',#8655,#7075,#7076);
#6054=AXIS2_PLACEMENT_3D('',#8661,#7080,#7081);
#6055=AXIS2_PLACEMENT_3D('',#8664,#7084,#7085);
#6056=AXIS2_PLACEMENT_3D('',#8665,#7086,#7087);
#6057=AXIS2_PLACEMENT_3D('',#8666,#7088,#7089);
#6058=AXIS2_PLACEMENT_3D('',#8675,#7094,#7095);
#6059=AXIS2_PLACEMENT_3D('',#8681,#7099,#7100);
#6060=AXIS2_PLACEMENT_3D('',#8687,#7104,#7105);
#6061=AXIS2_PLACEMENT_3D('',#8690,#7108,#7109);
#6062=AXIS2_PLACEMENT_3D('',#8691,#7110,#7111);
#6063=AXIS2_PLACEMENT_3D('',#8692,#7112,#7113);
#6064=AXIS2_PLACEMENT_3D('',#8701,#7118,#7119);
#6065=AXIS2_PLACEMENT_3D('',#8707,#7123,#7124);
#6066=AXIS2_PLACEMENT_3D('',#8713,#7128,#7129);
#6067=AXIS2_PLACEMENT_3D('',#8716,#7132,#7133);
#6068=AXIS2_PLACEMENT_3D('',#8717,#7134,#7135);
#6069=AXIS2_PLACEMENT_3D('',#8718,#7136,#7137);
#6070=AXIS2_PLACEMENT_3D('',#8727,#7142,#7143);
#6071=AXIS2_PLACEMENT_3D('',#8733,#7147,#7148);
#6072=AXIS2_PLACEMENT_3D('',#8739,#7152,#7153);
#6073=AXIS2_PLACEMENT_3D('',#8742,#7156,#7157);
#6074=AXIS2_PLACEMENT_3D('',#8743,#7158,#7159);
#6075=AXIS2_PLACEMENT_3D('',#8744,#7160,#7161);
#6076=AXIS2_PLACEMENT_3D('',#8753,#7166,#7167);
#6077=AXIS2_PLACEMENT_3D('',#8759,#7171,#7172);
#6078=AXIS2_PLACEMENT_3D('',#8765,#7176,#7177);
#6079=AXIS2_PLACEMENT_3D('',#8768,#7180,#7181);
#6080=AXIS2_PLACEMENT_3D('',#8769,#7182,#7183);
#6081=AXIS2_PLACEMENT_3D('',#8770,#7184,#7185);
#6082=AXIS2_PLACEMENT_3D('',#8779,#7190,#7191);
#6083=AXIS2_PLACEMENT_3D('',#8785,#7195,#7196);
#6084=AXIS2_PLACEMENT_3D('',#8791,#7200,#7201);
#6085=AXIS2_PLACEMENT_3D('',#8794,#7204,#7205);
#6086=AXIS2_PLACEMENT_3D('',#8795,#7206,#7207);
#6087=AXIS2_PLACEMENT_3D('',#8796,#7208,#7209);
#6088=AXIS2_PLACEMENT_3D('',#8805,#7214,#7215);
#6089=AXIS2_PLACEMENT_3D('',#8811,#7219,#7220);
#6090=AXIS2_PLACEMENT_3D('',#8817,#7224,#7225);
#6091=AXIS2_PLACEMENT_3D('',#8820,#7228,#7229);
#6092=AXIS2_PLACEMENT_3D('',#8821,#7230,#7231);
#6093=AXIS2_PLACEMENT_3D('',#8822,#7232,#7233);
#6094=AXIS2_PLACEMENT_3D('',#8831,#7238,#7239);
#6095=AXIS2_PLACEMENT_3D('',#8837,#7243,#7244);
#6096=AXIS2_PLACEMENT_3D('',#8843,#7248,#7249);
#6097=AXIS2_PLACEMENT_3D('',#8846,#7252,#7253);
#6098=AXIS2_PLACEMENT_3D('',#8847,#7254,#7255);
#6099=AXIS2_PLACEMENT_3D('',#8848,#7256,#7257);
#6100=AXIS2_PLACEMENT_3D('',#8857,#7262,#7263);
#6101=AXIS2_PLACEMENT_3D('',#8863,#7267,#7268);
#6102=AXIS2_PLACEMENT_3D('',#8869,#7272,#7273);
#6103=AXIS2_PLACEMENT_3D('',#8872,#7276,#7277);
#6104=AXIS2_PLACEMENT_3D('',#8873,#7278,#7279);
#6105=AXIS2_PLACEMENT_3D('',#8874,#7280,#7281);
#6106=AXIS2_PLACEMENT_3D('',#8883,#7286,#7287);
#6107=AXIS2_PLACEMENT_3D('',#8889,#7291,#7292);
#6108=AXIS2_PLACEMENT_3D('',#8895,#7296,#7297);
#6109=AXIS2_PLACEMENT_3D('',#8898,#7300,#7301);
#6110=AXIS2_PLACEMENT_3D('',#8899,#7302,#7303);
#6111=AXIS2_PLACEMENT_3D('',#8900,#7304,#7305);
#6112=AXIS2_PLACEMENT_3D('',#8909,#7310,#7311);
#6113=AXIS2_PLACEMENT_3D('',#8915,#7315,#7316);
#6114=AXIS2_PLACEMENT_3D('',#8921,#7320,#7321);
#6115=AXIS2_PLACEMENT_3D('',#8924,#7324,#7325);
#6116=AXIS2_PLACEMENT_3D('',#8925,#7326,#7327);
#6117=AXIS2_PLACEMENT_3D('',#8926,#7328,#7329);
#6118=AXIS2_PLACEMENT_3D('',#8935,#7334,#7335);
#6119=AXIS2_PLACEMENT_3D('',#8941,#7339,#7340);
#6120=AXIS2_PLACEMENT_3D('',#8947,#7344,#7345);
#6121=AXIS2_PLACEMENT_3D('',#8950,#7348,#7349);
#6122=AXIS2_PLACEMENT_3D('',#8951,#7350,#7351);
#6123=AXIS2_PLACEMENT_3D('',#8952,#7352,#7353);
#6124=AXIS2_PLACEMENT_3D('',#8961,#7358,#7359);
#6125=AXIS2_PLACEMENT_3D('',#8967,#7363,#7364);
#6126=AXIS2_PLACEMENT_3D('',#8973,#7368,#7369);
#6127=AXIS2_PLACEMENT_3D('',#8976,#7372,#7373);
#6128=AXIS2_PLACEMENT_3D('',#8977,#7374,#7375);
#6129=AXIS2_PLACEMENT_3D('',#8978,#7376,#7377);
#6130=AXIS2_PLACEMENT_3D('',#8987,#7382,#7383);
#6131=AXIS2_PLACEMENT_3D('',#8993,#7387,#7388);
#6132=AXIS2_PLACEMENT_3D('',#8999,#7392,#7393);
#6133=AXIS2_PLACEMENT_3D('',#9002,#7396,#7397);
#6134=AXIS2_PLACEMENT_3D('',#9003,#7398,#7399);
#6135=AXIS2_PLACEMENT_3D('',#9004,#7400,#7401);
#6136=AXIS2_PLACEMENT_3D('',#9013,#7406,#7407);
#6137=AXIS2_PLACEMENT_3D('',#9019,#7411,#7412);
#6138=AXIS2_PLACEMENT_3D('',#9025,#7416,#7417);
#6139=AXIS2_PLACEMENT_3D('',#9028,#7420,#7421);
#6140=AXIS2_PLACEMENT_3D('',#9029,#7422,#7423);
#6141=AXIS2_PLACEMENT_3D('',#9030,#7424,#7425);
#6142=AXIS2_PLACEMENT_3D('',#9039,#7430,#7431);
#6143=AXIS2_PLACEMENT_3D('',#9045,#7435,#7436);
#6144=AXIS2_PLACEMENT_3D('',#9051,#7440,#7441);
#6145=AXIS2_PLACEMENT_3D('',#9054,#7444,#7445);
#6146=AXIS2_PLACEMENT_3D('',#9055,#7446,#7447);
#6147=AXIS2_PLACEMENT_3D('',#9056,#7448,#7449);
#6148=AXIS2_PLACEMENT_3D('',#9065,#7454,#7455);
#6149=AXIS2_PLACEMENT_3D('',#9071,#7459,#7460);
#6150=AXIS2_PLACEMENT_3D('',#9077,#7464,#7465);
#6151=AXIS2_PLACEMENT_3D('',#9080,#7468,#7469);
#6152=AXIS2_PLACEMENT_3D('',#9081,#7470,#7471);
#6153=AXIS2_PLACEMENT_3D('',#9082,#7472,#7473);
#6154=AXIS2_PLACEMENT_3D('',#9083,#7474,#7475);
#6155=AXIS2_PLACEMENT_3D('',#9092,#7480,#7481);
#6156=AXIS2_PLACEMENT_3D('',#9098,#7485,#7486);
#6157=AXIS2_PLACEMENT_3D('',#9104,#7490,#7491);
#6158=AXIS2_PLACEMENT_3D('',#9107,#7494,#7495);
#6159=AXIS2_PLACEMENT_3D('',#9108,#7496,#7497);
#6160=AXIS2_PLACEMENT_3D('',#9109,#7498,#7499);
#6161=AXIS2_PLACEMENT_3D('',#9118,#7504,#7505);
#6162=AXIS2_PLACEMENT_3D('',#9124,#7509,#7510);
#6163=AXIS2_PLACEMENT_3D('',#9130,#7514,#7515);
#6164=AXIS2_PLACEMENT_3D('',#9133,#7518,#7519);
#6165=AXIS2_PLACEMENT_3D('',#9134,#7520,#7521);
#6166=AXIS2_PLACEMENT_3D('',#9135,#7522,#7523);
#6167=AXIS2_PLACEMENT_3D('',#9144,#7528,#7529);
#6168=AXIS2_PLACEMENT_3D('',#9150,#7533,#7534);
#6169=AXIS2_PLACEMENT_3D('',#9156,#7538,#7539);
#6170=AXIS2_PLACEMENT_3D('',#9159,#7542,#7543);
#6171=AXIS2_PLACEMENT_3D('',#9160,#7544,#7545);
#6172=AXIS2_PLACEMENT_3D('',#9161,#7546,#7547);
#6173=AXIS2_PLACEMENT_3D('',#9170,#7552,#7553);
#6174=AXIS2_PLACEMENT_3D('',#9176,#7557,#7558);
#6175=AXIS2_PLACEMENT_3D('',#9182,#7562,#7563);
#6176=AXIS2_PLACEMENT_3D('',#9185,#7566,#7567);
#6177=AXIS2_PLACEMENT_3D('',#9186,#7568,#7569);
#6178=AXIS2_PLACEMENT_3D('',#9187,#7570,#7571);
#6179=AXIS2_PLACEMENT_3D('',#9196,#7576,#7577);
#6180=AXIS2_PLACEMENT_3D('',#9202,#7581,#7582);
#6181=AXIS2_PLACEMENT_3D('',#9208,#7586,#7587);
#6182=AXIS2_PLACEMENT_3D('',#9214,#7591,#7592);
#6183=AXIS2_PLACEMENT_3D('',#9217,#7595,#7596);
#6184=AXIS2_PLACEMENT_3D('',#9218,#7597,#7598);
#6185=AXIS2_PLACEMENT_3D('',#9219,#7599,#7600);
#6186=AXIS2_PLACEMENT_3D('',#9228,#7605,#7606);
#6187=AXIS2_PLACEMENT_3D('',#9234,#7610,#7611);
#6188=AXIS2_PLACEMENT_3D('',#9240,#7615,#7616);
#6189=AXIS2_PLACEMENT_3D('',#9243,#7619,#7620);
#6190=AXIS2_PLACEMENT_3D('',#9244,#7621,#7622);
#6191=AXIS2_PLACEMENT_3D('',#9245,#7623,#7624);
#6192=AXIS2_PLACEMENT_3D('',#9246,#7625,#7626);
#6193=DIRECTION('axis',(0.,0.,1.));
#6194=DIRECTION('refdir',(1.,0.,0.));
#6195=DIRECTION('axis',(0.,0.,1.));
#6196=DIRECTION('refdir',(1.,0.,0.));
#6197=DIRECTION('center_axis',(0.,0.,-1.));
#6198=DIRECTION('ref_axis',(-1.,0.,0.));
#6199=DIRECTION('',(0.,-1.,0.));
#6200=DIRECTION('',(1.,6.93889390390723E-16,0.));
#6201=DIRECTION('',(-5.42101086242752E-16,1.,0.));
#6202=DIRECTION('',(-1.,-3.46944695195362E-16,0.));
#6203=DIRECTION('center_axis',(0.,0.,-1.));
#6204=DIRECTION('ref_axis',(-1.,0.,0.));
#6205=DIRECTION('',(1.08420217248551E-16,1.,0.));
#6206=DIRECTION('',(-1.,-3.46944695195361E-16,0.));
#6207=DIRECTION('',(0.,-1.,0.));
#6208=DIRECTION('',(1.,2.77555756156289E-15,0.));
#6209=DIRECTION('center_axis',(0.,0.,-1.));
#6210=DIRECTION('ref_axis',(-1.,0.,0.));
#6211=DIRECTION('',(0.,1.,0.));
#6212=DIRECTION('',(-1.,6.93889390390723E-16,0.));
#6213=DIRECTION('',(0.,-1.,0.));
#6214=DIRECTION('',(1.,0.,0.));
#6215=DIRECTION('center_axis',(0.,0.,-1.));
#6216=DIRECTION('ref_axis',(-1.,0.,0.));
#6217=DIRECTION('',(3.25260651745651E-16,-1.,0.));
#6218=DIRECTION('',(1.,-6.93889390390723E-16,0.));
#6219=DIRECTION('',(-1.0842021724855E-15,1.,0.));
#6220=DIRECTION('',(-1.,-6.93889390390723E-16,0.));
#6221=DIRECTION('center_axis',(0.,0.,-1.));
#6222=DIRECTION('ref_axis',(-1.,0.,0.));
#6223=DIRECTION('',(1.0842021724855E-16,1.,0.));
#6224=DIRECTION('',(-1.,0.,0.));
#6225=DIRECTION('',(0.,-1.,0.));
#6226=DIRECTION('',(1.,0.,0.));
#6227=DIRECTION('center_axis',(0.,0.,-1.));
#6228=DIRECTION('ref_axis',(-1.,0.,0.));
#6229=DIRECTION('',(0.,1.,0.));
#6230=DIRECTION('',(-1.,-3.46944695195361E-16,0.));
#6231=DIRECTION('',(-1.0842021724855E-16,-1.,0.));
#6232=DIRECTION('',(1.,-6.93889390390723E-16,0.));
#6233=DIRECTION('center_axis',(6.93889390390723E-16,-1.,0.));
#6234=DIRECTION('ref_axis',(-1.,-6.93889390390723E-16,0.));
#6235=DIRECTION('',(0.,0.,-1.));
#6236=DIRECTION('',(-1.,-6.93889390390723E-16,0.));
#6237=DIRECTION('',(0.,0.,-1.));
#6238=DIRECTION('center_axis',(-1.,0.,0.));
#6239=DIRECTION('ref_axis',(0.,1.,0.));
#6240=DIRECTION('',(0.,0.,-1.));
#6241=DIRECTION('',(0.,1.,0.));
#6242=DIRECTION('center_axis',(-3.46944695195361E-16,1.,0.));
#6243=DIRECTION('ref_axis',(1.,3.46944695195361E-16,0.));
#6244=DIRECTION('',(0.,0.,-1.));
#6245=DIRECTION('',(1.,3.46944695195361E-16,0.));
#6246=DIRECTION('',(0.,0.,-1.));
#6247=DIRECTION('center_axis',(1.,-1.08420217248551E-16,0.));
#6248=DIRECTION('ref_axis',(-1.08420217248551E-16,-1.,0.));
#6249=DIRECTION('',(0.,0.,-1.));
#6250=DIRECTION('',(-1.08420217248551E-16,-1.,0.));
#6251=DIRECTION('center_axis',(6.93889390390723E-16,1.,0.));
#6252=DIRECTION('ref_axis',(1.,-6.93889390390723E-16,0.));
#6253=DIRECTION('',(0.,0.,-1.));
#6254=DIRECTION('',(1.,-6.93889390390723E-16,0.));
#6255=DIRECTION('',(0.,0.,-1.));
#6256=DIRECTION('center_axis',(1.,0.,0.));
#6257=DIRECTION('ref_axis',(0.,-1.,0.));
#6258=DIRECTION('',(0.,0.,-1.));
#6259=DIRECTION('',(0.,-1.,0.));
#6260=DIRECTION('center_axis',(-6.93889390390723E-16,-1.,0.));
#6261=DIRECTION('ref_axis',(-1.,6.93889390390723E-16,0.));
#6262=DIRECTION('',(0.,0.,-1.));
#6263=DIRECTION('',(-1.,6.93889390390723E-16,0.));
#6264=DIRECTION('',(0.,0.,-1.));
#6265=DIRECTION('center_axis',(-1.,-3.25260651745651E-16,0.));
#6266=DIRECTION('ref_axis',(-3.25260651745651E-16,1.,0.));
#6267=DIRECTION('',(0.,0.,-1.));
#6268=DIRECTION('',(-3.25260651745651E-16,1.,0.));
#6269=DIRECTION('center_axis',(0.,1.,0.));
#6270=DIRECTION('ref_axis',(1.,0.,0.));
#6271=DIRECTION('',(0.,0.,-1.));
#6272=DIRECTION('',(1.,0.,0.));
#6273=DIRECTION('',(0.,0.,-1.));
#6274=DIRECTION('center_axis',(1.,-1.0842021724855E-16,0.));
#6275=DIRECTION('ref_axis',(-1.0842021724855E-16,-1.,0.));
#6276=DIRECTION('',(0.,0.,-1.));
#6277=DIRECTION('',(-1.0842021724855E-16,-1.,0.));
#6278=DIRECTION('center_axis',(-3.46944695195361E-16,1.,0.));
#6279=DIRECTION('ref_axis',(1.,3.46944695195361E-16,0.));
#6280=DIRECTION('',(0.,0.,-1.));
#6281=DIRECTION('',(1.,3.46944695195361E-16,0.));
#6282=DIRECTION('',(0.,0.,-1.));
#6283=DIRECTION('center_axis',(1.,0.,0.));
#6284=DIRECTION('ref_axis',(0.,-1.,0.));
#6285=DIRECTION('',(0.,0.,-1.));
#6286=DIRECTION('',(0.,-1.,0.));
#6287=DIRECTION('center_axis',(0.,0.,-1.));
#6288=DIRECTION('ref_axis',(-1.,0.,0.));
#6289=DIRECTION('',(-2.16840434497101E-16,1.,0.));
#6290=DIRECTION('',(-1.,0.,0.));
#6291=DIRECTION('',(-1.0842021724855E-16,-1.,0.));
#6292=DIRECTION('',(1.,0.,0.));
#6293=DIRECTION('center_axis',(0.,0.,-1.));
#6294=DIRECTION('ref_axis',(-1.,0.,0.));
#6295=DIRECTION('',(0.,1.,0.));
#6296=DIRECTION('',(-1.,0.,0.));
#6297=DIRECTION('',(-1.30104260698261E-15,-1.,0.));
#6298=DIRECTION('',(1.,0.,0.));
#6299=DIRECTION('center_axis',(0.,0.,-1.));
#6300=DIRECTION('ref_axis',(-1.,0.,0.));
#6301=DIRECTION('',(-2.16840434497101E-16,1.,0.));
#6302=DIRECTION('',(-1.,0.,0.));
#6303=DIRECTION('',(-2.16840434497101E-16,-1.,0.));
#6304=DIRECTION('',(1.,0.,0.));
#6305=DIRECTION('center_axis',(0.,0.,-1.));
#6306=DIRECTION('ref_axis',(-1.,0.,0.));
#6307=DIRECTION('',(3.25260651745651E-16,1.,0.));
#6308=DIRECTION('',(-1.,0.,0.));
#6309=DIRECTION('',(-5.42101086242752E-17,-1.,0.));
#6310=DIRECTION('',(1.,0.,0.));
#6311=DIRECTION('center_axis',(0.,0.,-1.));
#6312=DIRECTION('ref_axis',(-1.,0.,0.));
#6313=DIRECTION('',(2.16840434497101E-16,1.,0.));
#6314=DIRECTION('',(-1.,0.,0.));
#6315=DIRECTION('',(-2.16840434497101E-16,-1.,0.));
#6316=DIRECTION('',(1.,0.,0.));
#6317=DIRECTION('center_axis',(0.,0.,-1.));
#6318=DIRECTION('ref_axis',(-1.,0.,0.));
#6319=DIRECTION('',(0.,1.,0.));
#6320=DIRECTION('',(-1.,0.,0.));
#6321=DIRECTION('',(0.,-1.,0.));
#6322=DIRECTION('',(1.,0.,0.));
#6323=DIRECTION('center_axis',(-1.,1.0842021724855E-16,0.));
#6324=DIRECTION('ref_axis',(1.0842021724855E-16,1.,0.));
#6325=DIRECTION('',(0.,0.,-1.));
#6326=DIRECTION('',(1.0842021724855E-16,1.,0.));
#6327=DIRECTION('',(0.,0.,-1.));
#6328=DIRECTION('center_axis',(0.,1.,0.));
#6329=DIRECTION('ref_axis',(1.,0.,0.));
#6330=DIRECTION('',(0.,0.,-1.));
#6331=DIRECTION('',(1.,0.,0.));
#6332=DIRECTION('center_axis',(1.,2.16840434497101E-16,0.));
#6333=DIRECTION('ref_axis',(2.16840434497101E-16,-1.,0.));
#6334=DIRECTION('',(0.,0.,-1.));
#6335=DIRECTION('',(2.16840434497101E-16,-1.,0.));
#6336=DIRECTION('center_axis',(-1.,1.30104260698261E-15,0.));
#6337=DIRECTION('ref_axis',(1.30104260698261E-15,1.,0.));
#6338=DIRECTION('',(0.,0.,-1.));
#6339=DIRECTION('',(1.30104260698261E-15,1.,0.));
#6340=DIRECTION('',(0.,0.,-1.));
#6341=DIRECTION('center_axis',(0.,1.,0.));
#6342=DIRECTION('ref_axis',(1.,0.,0.));
#6343=DIRECTION('',(0.,0.,-1.));
#6344=DIRECTION('',(1.,0.,0.));
#6345=DIRECTION('center_axis',(1.,0.,0.));
#6346=DIRECTION('ref_axis',(0.,-1.,0.));
#6347=DIRECTION('',(0.,0.,-1.));
#6348=DIRECTION('',(0.,-1.,0.));
#6349=DIRECTION('center_axis',(-1.,2.16840434497101E-16,0.));
#6350=DIRECTION('ref_axis',(2.16840434497101E-16,1.,0.));
#6351=DIRECTION('',(0.,0.,-1.));
#6352=DIRECTION('',(2.16840434497101E-16,1.,0.));
#6353=DIRECTION('',(0.,0.,-1.));
#6354=DIRECTION('center_axis',(0.,1.,0.));
#6355=DIRECTION('ref_axis',(1.,0.,0.));
#6356=DIRECTION('',(0.,0.,-1.));
#6357=DIRECTION('',(1.,0.,0.));
#6358=DIRECTION('center_axis',(1.,2.16840434497101E-16,0.));
#6359=DIRECTION('ref_axis',(2.16840434497101E-16,-1.,0.));
#6360=DIRECTION('',(0.,0.,-1.));
#6361=DIRECTION('',(2.16840434497101E-16,-1.,0.));
#6362=DIRECTION('center_axis',(-1.,5.42101086242752E-17,0.));
#6363=DIRECTION('ref_axis',(5.42101086242752E-17,1.,0.));
#6364=DIRECTION('',(0.,0.,-1.));
#6365=DIRECTION('',(5.42101086242752E-17,1.,0.));
#6366=DIRECTION('',(0.,0.,-1.));
#6367=DIRECTION('center_axis',(0.,1.,0.));
#6368=DIRECTION('ref_axis',(1.,0.,0.));
#6369=DIRECTION('',(0.,0.,-1.));
#6370=DIRECTION('',(1.,0.,0.));
#6371=DIRECTION('center_axis',(1.,-3.25260651745651E-16,0.));
#6372=DIRECTION('ref_axis',(-3.25260651745651E-16,-1.,0.));
#6373=DIRECTION('',(0.,0.,-1.));
#6374=DIRECTION('',(-3.25260651745651E-16,-1.,0.));
#6375=DIRECTION('center_axis',(-1.,2.16840434497101E-16,0.));
#6376=DIRECTION('ref_axis',(2.16840434497101E-16,1.,0.));
#6377=DIRECTION('',(0.,0.,-1.));
#6378=DIRECTION('',(2.16840434497101E-16,1.,0.));
#6379=DIRECTION('',(0.,0.,-1.));
#6380=DIRECTION('center_axis',(0.,1.,0.));
#6381=DIRECTION('ref_axis',(1.,0.,0.));
#6382=DIRECTION('',(0.,0.,-1.));
#6383=DIRECTION('',(1.,0.,0.));
#6384=DIRECTION('center_axis',(1.,-2.16840434497101E-16,0.));
#6385=DIRECTION('ref_axis',(-2.16840434497101E-16,-1.,0.));
#6386=DIRECTION('',(0.,0.,-1.));
#6387=DIRECTION('',(-2.16840434497101E-16,-1.,0.));
#6388=DIRECTION('center_axis',(-1.,0.,0.));
#6389=DIRECTION('ref_axis',(0.,1.,0.));
#6390=DIRECTION('',(0.,0.,-1.));
#6391=DIRECTION('',(0.,1.,0.));
#6392=DIRECTION('',(0.,0.,-1.));
#6393=DIRECTION('center_axis',(0.,1.,0.));
#6394=DIRECTION('ref_axis',(1.,0.,0.));
#6395=DIRECTION('',(0.,0.,-1.));
#6396=DIRECTION('',(1.,0.,0.));
#6397=DIRECTION('center_axis',(1.,0.,0.));
#6398=DIRECTION('ref_axis',(0.,-1.,0.));
#6399=DIRECTION('',(0.,0.,-1.));
#6400=DIRECTION('',(0.,-1.,0.));
#6401=DIRECTION('center_axis',(-6.93889390390723E-16,1.,0.));
#6402=DIRECTION('ref_axis',(1.,6.93889390390723E-16,0.));
#6403=DIRECTION('',(0.,0.,-1.));
#6404=DIRECTION('',(1.,6.93889390390723E-16,0.));
#6405=DIRECTION('center_axis',(1.,1.0842021724855E-15,0.));
#6406=DIRECTION('ref_axis',(1.0842021724855E-15,-1.,0.));
#6407=DIRECTION('',(1.0842021724855E-15,-1.,0.));
#6408=DIRECTION('center_axis',(-6.93889390390723E-16,-1.,0.));
#6409=DIRECTION('ref_axis',(-1.,6.93889390390723E-16,0.));
#6410=DIRECTION('',(0.,0.,-1.));
#6411=DIRECTION('',(-1.,6.93889390390723E-16,0.));
#6412=DIRECTION('center_axis',(-1.,1.0842021724855E-16,0.));
#6413=DIRECTION('ref_axis',(1.0842021724855E-16,1.,0.));
#6414=DIRECTION('',(1.0842021724855E-16,1.,0.));
#6415=DIRECTION('center_axis',(2.77555756156289E-15,-1.,0.));
#6416=DIRECTION('ref_axis',(-1.,-2.77555756156289E-15,0.));
#6417=DIRECTION('',(0.,0.,-1.));
#6418=DIRECTION('',(-1.,-2.77555756156289E-15,0.));
#6419=DIRECTION('center_axis',(-1.,0.,0.));
#6420=DIRECTION('ref_axis',(0.,1.,0.));
#6421=DIRECTION('',(0.,1.,0.));
#6422=DIRECTION('center_axis',(-3.46944695195362E-16,1.,0.));
#6423=DIRECTION('ref_axis',(1.,3.46944695195362E-16,0.));
#6424=DIRECTION('',(0.,0.,-1.));
#6425=DIRECTION('',(1.,3.46944695195362E-16,0.));
#6426=DIRECTION('center_axis',(1.,5.42101086242752E-16,0.));
#6427=DIRECTION('ref_axis',(5.42101086242752E-16,-1.,0.));
#6428=DIRECTION('',(5.42101086242752E-16,-1.,0.));
#6429=DIRECTION('center_axis',(0.,-1.,0.));
#6430=DIRECTION('ref_axis',(-1.,0.,0.));
#6431=DIRECTION('',(0.,0.,-1.));
#6432=DIRECTION('',(-1.,0.,0.));
#6433=DIRECTION('center_axis',(-1.,0.,0.));
#6434=DIRECTION('ref_axis',(0.,1.,0.));
#6435=DIRECTION('',(0.,1.,0.));
#6436=DIRECTION('center_axis',(0.,-1.,0.));
#6437=DIRECTION('ref_axis',(-1.,0.,0.));
#6438=DIRECTION('',(0.,0.,-1.));
#6439=DIRECTION('',(-1.,0.,0.));
#6440=DIRECTION('center_axis',(-1.,0.,0.));
#6441=DIRECTION('ref_axis',(0.,1.,0.));
#6442=DIRECTION('',(0.,1.,0.));
#6443=DIRECTION('center_axis',(-1.,-8.67361737988403E-17,0.));
#6444=DIRECTION('ref_axis',(-8.67361737988403E-17,1.,0.));
#6445=DIRECTION('',(-8.67361737988403E-17,1.,0.));
#6446=DIRECTION('',(0.,0.,-1.));
#6447=DIRECTION('',(-8.67361737988403E-17,1.,0.));
#6448=DIRECTION('',(0.,0.,-1.));
#6449=DIRECTION('center_axis',(0.,-1.,0.));
#6450=DIRECTION('ref_axis',(-1.,0.,0.));
#6451=DIRECTION('',(-1.,0.,0.));
#6452=DIRECTION('',(0.,0.,-1.));
#6453=DIRECTION('',(-1.,0.,0.));
#6454=DIRECTION('center_axis',(1.,0.,0.));
#6455=DIRECTION('ref_axis',(0.,-1.,0.));
#6456=DIRECTION('',(0.,-1.,0.));
#6457=DIRECTION('',(0.,0.,-1.));
#6458=DIRECTION('',(0.,-1.,0.));
#6459=DIRECTION('center_axis',(0.,1.,0.));
#6460=DIRECTION('ref_axis',(1.,0.,0.));
#6461=DIRECTION('',(1.,0.,0.));
#6462=DIRECTION('',(1.,0.,0.));
#6463=DIRECTION('center_axis',(0.,0.,-1.));
#6464=DIRECTION('ref_axis',(-1.,0.,0.));
#6465=DIRECTION('center_axis',(-1.38777878078145E-16,-1.,0.));
#6466=DIRECTION('ref_axis',(-1.,1.38777878078145E-16,0.));
#6467=DIRECTION('',(-1.,1.38777878078145E-16,0.));
#6468=DIRECTION('',(0.,0.,1.));
#6469=DIRECTION('',(-1.,1.38777878078145E-16,0.));
#6470=DIRECTION('',(0.,0.,-1.));
#6471=DIRECTION('center_axis',(0.,1.,0.));
#6472=DIRECTION('ref_axis',(1.,0.,0.));
#6473=DIRECTION('',(1.,0.,0.));
#6474=DIRECTION('',(0.,0.,1.));
#6475=DIRECTION('',(1.,0.,0.));
#6476=DIRECTION('',(1.,0.,0.));
#6477=DIRECTION('',(1.,0.,0.));
#6478=DIRECTION('',(1.,0.,0.));
#6479=DIRECTION('',(1.,0.,0.));
#6480=DIRECTION('',(1.,0.,0.));
#6481=DIRECTION('',(1.,0.,0.));
#6482=DIRECTION('',(0.,0.,-1.));
#6483=DIRECTION('center_axis',(0.,0.,-1.));
#6484=DIRECTION('ref_axis',(-1.,0.,0.));
#6485=DIRECTION('',(0.,1.,0.));
#6486=DIRECTION('',(-3.46944695195361E-17,-1.,0.));
#6487=DIRECTION('center_axis',(1.,-3.46944695195361E-17,0.));
#6488=DIRECTION('ref_axis',(3.46944695195361E-17,1.,0.));
#6489=DIRECTION('',(3.46944695195361E-17,1.,0.));
#6490=DIRECTION('',(0.,0.,1.));
#6491=DIRECTION('',(3.46944695195361E-17,1.,0.));
#6492=DIRECTION('',(0.,0.,-1.));
#6493=DIRECTION('',(-3.46944695195361E-17,-1.,0.));
#6494=DIRECTION('',(0.,0.,1.));
#6495=DIRECTION('',(3.46944695195361E-17,1.,0.));
#6496=DIRECTION('',(0.,0.,-1.));
#6497=DIRECTION('',(-3.46944695195361E-17,-1.,0.));
#6498=DIRECTION('',(0.,0.,1.));
#6499=DIRECTION('',(3.46944695195361E-17,1.,0.));
#6500=DIRECTION('',(0.,0.,1.));
#6501=DIRECTION('',(3.46944695195361E-17,1.,0.));
#6502=DIRECTION('center_axis',(0.,0.,1.));
#6503=DIRECTION('ref_axis',(1.,0.,0.));
#6504=DIRECTION('',(0.,-1.,0.));
#6505=DIRECTION('',(1.,1.38777878078145E-16,0.));
#6506=DIRECTION('center_axis',(0.,0.,1.));
#6507=DIRECTION('ref_axis',(1.,0.,0.));
#6508=DIRECTION('',(-1.,-1.38777878078145E-16,0.));
#6509=DIRECTION('',(0.,-1.,0.));
#6510=DIRECTION('center_axis',(-3.20256641718795E-16,1.,0.));
#6511=DIRECTION('ref_axis',(-1.,-3.20256641718795E-16,0.));
#6512=DIRECTION('',(-1.,-3.20256641718795E-16,0.));
#6513=DIRECTION('',(0.,0.,1.));
#6514=DIRECTION('',(-1.,-3.20256641718795E-16,0.));
#6515=DIRECTION('',(0.,0.,1.));
#6516=DIRECTION('center_axis',(1.,0.,0.));
#6517=DIRECTION('ref_axis',(0.,1.,0.));
#6518=DIRECTION('',(0.,1.,0.));
#6519=DIRECTION('',(0.,0.,1.));
#6520=DIRECTION('',(0.,1.,0.));
#6521=DIRECTION('center_axis',(-2.1350442781253E-16,-1.,0.));
#6522=DIRECTION('ref_axis',(1.,-2.1350442781253E-16,0.));
#6523=DIRECTION('',(1.,-2.1350442781253E-16,0.));
#6524=DIRECTION('',(0.,0.,-1.));
#6525=DIRECTION('',(1.,-2.1350442781253E-16,0.));
#6526=DIRECTION('center_axis',(0.,0.,1.));
#6527=DIRECTION('ref_axis',(1.,0.,0.));
#6528=DIRECTION('',(0.,-1.,0.));
#6529=DIRECTION('center_axis',(0.,-1.,0.));
#6530=DIRECTION('ref_axis',(1.,0.,0.));
#6531=DIRECTION('',(1.,0.,0.));
#6532=DIRECTION('',(0.,0.,1.));
#6533=DIRECTION('',(1.,0.,0.));
#6534=DIRECTION('center_axis',(-1.,-1.46081976924363E-16,0.));
#6535=DIRECTION('ref_axis',(1.46081976924363E-16,-1.,0.));
#6536=DIRECTION('',(1.46081976924363E-16,-1.,0.));
#6537=DIRECTION('',(0.,0.,-1.));
#6538=DIRECTION('',(1.46081976924363E-16,-1.,0.));
#6539=DIRECTION('center_axis',(0.,0.,1.));
#6540=DIRECTION('ref_axis',(1.,0.,0.));
#6541=DIRECTION('',(-1.,-1.38777878078145E-16,0.));
#6542=DIRECTION('center_axis',(-1.92153985031277E-15,1.,0.));
#6543=DIRECTION('ref_axis',(-1.,-1.92153985031277E-15,0.));
#6544=DIRECTION('',(-1.,-1.92153985031277E-15,0.));
#6545=DIRECTION('',(0.,0.,1.));
#6546=DIRECTION('',(-1.,-1.92153985031277E-15,0.));
#6547=DIRECTION('',(0.,0.,1.));
#6548=DIRECTION('center_axis',(1.,1.46081976924363E-16,0.));
#6549=DIRECTION('ref_axis',(-1.46081976924363E-16,1.,0.));
#6550=DIRECTION('',(-1.46081976924363E-16,1.,0.));
#6551=DIRECTION('',(0.,0.,-1.));
#6552=DIRECTION('',(-1.46081976924363E-16,1.,0.));
#6553=DIRECTION('center_axis',(0.,0.,1.));
#6554=DIRECTION('ref_axis',(1.,0.,0.));
#6555=DIRECTION('',(1.,1.38777878078145E-16,0.));
#6556=DIRECTION('',(0.,-1.,0.));
#6557=DIRECTION('center_axis',(-1.06752213906265E-16,-1.,0.));
#6558=DIRECTION('ref_axis',(1.,-1.06752213906265E-16,0.));
#6559=DIRECTION('',(1.,-1.06752213906265E-16,0.));
#6560=DIRECTION('',(0.,0.,1.));
#6561=DIRECTION('',(1.,-1.06752213906265E-16,0.));
#6562=DIRECTION('center_axis',(-1.,0.,0.));
#6563=DIRECTION('ref_axis',(0.,-1.,0.));
#6564=DIRECTION('',(0.,-1.,0.));
#6565=DIRECTION('',(0.,0.,1.));
#6566=DIRECTION('',(0.,-1.,0.));
#6567=DIRECTION('center_axis',(0.,1.,0.));
#6568=DIRECTION('ref_axis',(-1.,0.,0.));
#6569=DIRECTION('',(-1.,0.,0.));
#6570=DIRECTION('',(-1.,0.,0.));
#6571=DIRECTION('center_axis',(0.,0.,1.));
#6572=DIRECTION('ref_axis',(1.,0.,0.));
#6573=DIRECTION('center_axis',(1.,0.,0.));
#6574=DIRECTION('ref_axis',(0.,1.,0.));
#6575=DIRECTION('',(0.,1.,0.));
#6576=DIRECTION('',(0.,0.,1.));
#6577=DIRECTION('',(0.,1.,0.));
#6578=DIRECTION('',(0.,0.,1.));
#6579=DIRECTION('center_axis',(0.707106781186547,-0.707106781186548,0.));
#6580=DIRECTION('ref_axis',(0.707106781186548,0.707106781186547,0.));
#6581=DIRECTION('',(0.707106781186548,0.707106781186547,0.));
#6582=DIRECTION('',(0.,0.,1.));
#6583=DIRECTION('',(0.707106781186548,0.707106781186547,0.));
#6584=DIRECTION('center_axis',(5.03726337602505E-16,-1.,0.));
#6585=DIRECTION('ref_axis',(1.,5.03726337602505E-16,0.));
#6586=DIRECTION('',(1.,5.03726337602505E-16,0.));
#6587=DIRECTION('',(0.,0.,-1.));
#6588=DIRECTION('',(1.,5.03726337602505E-16,0.));
#6589=DIRECTION('center_axis',(0.,0.,1.));
#6590=DIRECTION('ref_axis',(1.,0.,0.));
#6591=DIRECTION('',(0.,-1.,0.));
#6592=DIRECTION('',(-1.,-1.38777878078145E-16,0.));
#6593=DIRECTION('center_axis',(-1.,-7.30409884621814E-17,0.));
#6594=DIRECTION('ref_axis',(7.30409884621814E-17,-1.,0.));
#6595=DIRECTION('',(7.30409884621814E-17,-1.,0.));
#6596=DIRECTION('',(0.,0.,1.));
#6597=DIRECTION('',(7.30409884621814E-17,-1.,0.));
#6598=DIRECTION('',(0.,0.,1.));
#6599=DIRECTION('center_axis',(1.92153985031277E-15,1.,0.));
#6600=DIRECTION('ref_axis',(-1.,1.92153985031277E-15,0.));
#6601=DIRECTION('',(-1.,1.92153985031277E-15,0.));
#6602=DIRECTION('',(-1.,1.92153985031277E-15,0.));
#6603=DIRECTION('center_axis',(0.,0.,1.));
#6604=DIRECTION('ref_axis',(1.,0.,0.));
#6605=DIRECTION('',(1.,1.38777878078145E-16,0.));
#6606=DIRECTION('center_axis',(-1.38777878078145E-16,1.,0.));
#6607=DIRECTION('ref_axis',(-1.,-1.38777878078145E-16,0.));
#6608=DIRECTION('',(1.,1.38777878078145E-16,0.));
#6609=DIRECTION('',(0.,0.,1.));
#6610=DIRECTION('center_axis',(1.38777878078145E-16,-1.,0.));
#6611=DIRECTION('ref_axis',(1.,1.38777878078145E-16,0.));
#6612=DIRECTION('',(-1.,-1.38777878078145E-16,0.));
#6613=DIRECTION('',(0.,0.,1.));
#6614=DIRECTION('center_axis',(0.,0.,1.));
#6615=DIRECTION('ref_axis',(1.,0.,0.));
#6616=DIRECTION('',(0.,1.,0.));
#6617=DIRECTION('',(0.,1.,0.));
#6618=DIRECTION('center_axis',(-1.,0.,0.));
#6619=DIRECTION('ref_axis',(0.,-1.,0.));
#6620=DIRECTION('center_axis',(-1.,-1.0842021724855E-16,0.));
#6621=DIRECTION('ref_axis',(-1.0842021724855E-16,1.,0.));
#6622=DIRECTION('',(-1.0842021724855E-16,1.,0.));
#6623=DIRECTION('',(0.,0.,-1.));
#6624=DIRECTION('',(-1.0842021724855E-16,1.,0.));
#6625=DIRECTION('',(0.,0.,-1.));
#6626=DIRECTION('center_axis',(0.,-1.,0.));
#6627=DIRECTION('ref_axis',(-1.,0.,0.));
#6628=DIRECTION('',(-1.,0.,0.));
#6629=DIRECTION('',(0.,0.,-1.));
#6630=DIRECTION('',(-1.,0.,0.));
#6631=DIRECTION('center_axis',(1.,0.,0.));
#6632=DIRECTION('ref_axis',(0.,-1.,0.));
#6633=DIRECTION('',(0.,-1.,0.));
#6634=DIRECTION('',(0.,0.,-1.));
#6635=DIRECTION('',(0.,-1.,0.));
#6636=DIRECTION('center_axis',(0.,1.,0.));
#6637=DIRECTION('ref_axis',(1.,0.,0.));
#6638=DIRECTION('',(1.,0.,0.));
#6639=DIRECTION('',(1.,0.,0.));
#6640=DIRECTION('center_axis',(0.,0.,-1.));
#6641=DIRECTION('ref_axis',(-1.,0.,0.));
#6642=DIRECTION('center_axis',(-1.,-4.33680868994202E-15,0.));
#6643=DIRECTION('ref_axis',(-4.33680868994202E-15,1.,0.));
#6644=DIRECTION('',(-4.33680868994202E-15,1.,0.));
#6645=DIRECTION('',(0.,0.,-1.));
#6646=DIRECTION('',(-4.33680868994202E-15,1.,0.));
#6647=DIRECTION('',(0.,0.,-1.));
#6648=DIRECTION('center_axis',(0.,-1.,0.));
#6649=DIRECTION('ref_axis',(-1.,0.,0.));
#6650=DIRECTION('',(-1.,0.,0.));
#6651=DIRECTION('',(0.,0.,-1.));
#6652=DIRECTION('',(-1.,0.,0.));
#6653=DIRECTION('center_axis',(1.,3.03576608295942E-15,0.));
#6654=DIRECTION('ref_axis',(3.03576608295941E-15,-1.,0.));
#6655=DIRECTION('',(3.03576608295941E-15,-1.,0.));
#6656=DIRECTION('',(0.,0.,-1.));
#6657=DIRECTION('',(3.03576608295941E-15,-1.,0.));
#6658=DIRECTION('center_axis',(0.,1.,0.));
#6659=DIRECTION('ref_axis',(1.,0.,0.));
#6660=DIRECTION('',(1.,0.,0.));
#6661=DIRECTION('',(1.,0.,0.));
#6662=DIRECTION('center_axis',(0.,0.,-1.));
#6663=DIRECTION('ref_axis',(-1.,0.,0.));
#6664=DIRECTION('center_axis',(-1.,-5.63785129692463E-15,0.));
#6665=DIRECTION('ref_axis',(-5.63785129692463E-15,1.,0.));
#6666=DIRECTION('',(-5.63785129692463E-15,1.,0.));
#6667=DIRECTION('',(0.,0.,-1.));
#6668=DIRECTION('',(-5.63785129692463E-15,1.,0.));
#6669=DIRECTION('',(0.,0.,-1.));
#6670=DIRECTION('center_axis',(0.,-1.,0.));
#6671=DIRECTION('ref_axis',(-1.,0.,0.));
#6672=DIRECTION('',(-1.,0.,0.));
#6673=DIRECTION('',(0.,0.,-1.));
#6674=DIRECTION('',(-1.,0.,0.));
#6675=DIRECTION('center_axis',(1.,-8.67361737988404E-16,0.));
#6676=DIRECTION('ref_axis',(-8.67361737988404E-16,-1.,0.));
#6677=DIRECTION('',(-8.67361737988404E-16,-1.,0.));
#6678=DIRECTION('',(0.,0.,-1.));
#6679=DIRECTION('',(-8.67361737988404E-16,-1.,0.));
#6680=DIRECTION('center_axis',(0.,1.,0.));
#6681=DIRECTION('ref_axis',(1.,0.,0.));
#6682=DIRECTION('',(1.,0.,0.));
#6683=DIRECTION('',(1.,0.,0.));
#6684=DIRECTION('center_axis',(0.,0.,-1.));
#6685=DIRECTION('ref_axis',(-1.,0.,0.));
#6686=DIRECTION('center_axis',(-1.,-6.1799523831674E-15,0.));
#6687=DIRECTION('ref_axis',(-6.1799523831674E-15,1.,0.));
#6688=DIRECTION('',(-6.1799523831674E-15,1.,0.));
#6689=DIRECTION('',(0.,0.,-1.));
#6690=DIRECTION('',(-6.1799523831674E-15,1.,0.));
#6691=DIRECTION('',(0.,0.,-1.));
#6692=DIRECTION('center_axis',(-1.73472347597682E-15,-1.,0.));
#6693=DIRECTION('ref_axis',(-1.,1.73472347597682E-15,0.));
#6694=DIRECTION('',(-1.,1.73472347597682E-15,0.));
#6695=DIRECTION('',(0.,0.,-1.));
#6696=DIRECTION('',(-1.,1.73472347597682E-15,0.));
#6697=DIRECTION('center_axis',(1.,-3.25260651745652E-16,0.));
#6698=DIRECTION('ref_axis',(-3.25260651745652E-16,-1.,0.));
#6699=DIRECTION('',(-3.25260651745652E-16,-1.,0.));
#6700=DIRECTION('',(0.,0.,-1.));
#6701=DIRECTION('',(-3.25260651745652E-16,-1.,0.));
#6702=DIRECTION('center_axis',(0.,1.,0.));
#6703=DIRECTION('ref_axis',(1.,0.,0.));
#6704=DIRECTION('',(1.,0.,0.));
#6705=DIRECTION('',(1.,0.,0.));
#6706=DIRECTION('center_axis',(0.,0.,-1.));
#6707=DIRECTION('ref_axis',(-1.,0.,0.));
#6708=DIRECTION('center_axis',(-1.,-4.33680868994201E-16,0.));
#6709=DIRECTION('ref_axis',(-4.33680868994201E-16,1.,0.));
#6710=DIRECTION('',(-4.33680868994201E-16,1.,0.));
#6711=DIRECTION('',(0.,0.,-1.));
#6712=DIRECTION('',(-4.33680868994201E-16,1.,0.));
#6713=DIRECTION('',(0.,0.,-1.));
#6714=DIRECTION('center_axis',(0.,-1.,0.));
#6715=DIRECTION('ref_axis',(-1.,0.,0.));
#6716=DIRECTION('',(-1.,0.,0.));
#6717=DIRECTION('',(0.,0.,-1.));
#6718=DIRECTION('',(-1.,0.,0.));
#6719=DIRECTION('center_axis',(1.,1.5178830414797E-15,0.));
#6720=DIRECTION('ref_axis',(1.51788304147971E-15,-1.,0.));
#6721=DIRECTION('',(1.51788304147971E-15,-1.,0.));
#6722=DIRECTION('',(0.,0.,-1.));
#6723=DIRECTION('',(1.51788304147971E-15,-1.,0.));
#6724=DIRECTION('center_axis',(0.,1.,0.));
#6725=DIRECTION('ref_axis',(1.,0.,0.));
#6726=DIRECTION('',(1.,0.,0.));
#6727=DIRECTION('',(1.,0.,0.));
#6728=DIRECTION('center_axis',(0.,0.,-1.));
#6729=DIRECTION('ref_axis',(-1.,0.,0.));
#6730=DIRECTION('center_axis',(-1.,-2.60208521396521E-15,0.));
#6731=DIRECTION('ref_axis',(-2.60208521396521E-15,1.,0.));
#6732=DIRECTION('',(-2.60208521396521E-15,1.,0.));
#6733=DIRECTION('',(0.,0.,-1.));
#6734=DIRECTION('',(-2.60208521396521E-15,1.,0.));
#6735=DIRECTION('',(0.,0.,-1.));
#6736=DIRECTION('center_axis',(0.,-1.,0.));
#6737=DIRECTION('ref_axis',(-1.,0.,0.));
#6738=DIRECTION('',(-1.,0.,0.));
#6739=DIRECTION('',(0.,0.,-1.));
#6740=DIRECTION('',(-1.,0.,0.));
#6741=DIRECTION('center_axis',(1.,0.,0.));
#6742=DIRECTION('ref_axis',(0.,-1.,0.));
#6743=DIRECTION('',(0.,-1.,0.));
#6744=DIRECTION('',(0.,0.,-1.));
#6745=DIRECTION('',(0.,-1.,0.));
#6746=DIRECTION('center_axis',(0.,1.,0.));
#6747=DIRECTION('ref_axis',(1.,0.,0.));
#6748=DIRECTION('',(1.,0.,0.));
#6749=DIRECTION('',(1.,0.,0.));
#6750=DIRECTION('center_axis',(0.,0.,-1.));
#6751=DIRECTION('ref_axis',(-1.,0.,0.));
#6752=DIRECTION('center_axis',(1.,1.0842021724855E-15,0.));
#6753=DIRECTION('ref_axis',(-1.0842021724855E-15,1.,0.));
#6754=DIRECTION('',(1.0842021724855E-15,-1.,0.));
#6755=DIRECTION('',(0.,0.,1.));
#6756=DIRECTION('',(-1.0842021724855E-15,1.,0.));
#6757=DIRECTION('',(0.,0.,1.));
#6758=DIRECTION('center_axis',(-6.93889390390723E-16,1.,0.));
#6759=DIRECTION('ref_axis',(-1.,-6.93889390390723E-16,0.));
#6760=DIRECTION('',(1.,6.93889390390723E-16,0.));
#6761=DIRECTION('',(-1.,-6.93889390390723E-16,0.));
#6762=DIRECTION('',(0.,0.,1.));
#6763=DIRECTION('center_axis',(-1.,-3.25260651745651E-16,0.));
#6764=DIRECTION('ref_axis',(3.25260651745651E-16,-1.,0.));
#6765=DIRECTION('',(-3.25260651745651E-16,1.,0.));
#6766=DIRECTION('',(3.25260651745651E-16,-1.,0.));
#6767=DIRECTION('',(0.,0.,1.));
#6768=DIRECTION('center_axis',(-6.93889390390723E-16,-1.,0.));
#6769=DIRECTION('ref_axis',(1.,-6.93889390390723E-16,0.));
#6770=DIRECTION('',(-1.,6.93889390390723E-16,0.));
#6771=DIRECTION('',(1.,-6.93889390390723E-16,0.));
#6772=DIRECTION('center_axis',(-1.,1.0842021724855E-16,0.));
#6773=DIRECTION('ref_axis',(-1.0842021724855E-16,-1.,0.));
#6774=DIRECTION('',(1.0842021724855E-16,1.,0.));
#6775=DIRECTION('',(0.,0.,1.));
#6776=DIRECTION('',(-1.0842021724855E-16,-1.,0.));
#6777=DIRECTION('',(0.,0.,1.));
#6778=DIRECTION('center_axis',(-6.93889390390723E-16,-1.,0.));
#6779=DIRECTION('ref_axis',(1.,-6.93889390390723E-16,0.));
#6780=DIRECTION('',(-1.,6.93889390390723E-16,0.));
#6781=DIRECTION('',(1.,-6.93889390390723E-16,0.));
#6782=DIRECTION('',(0.,0.,1.));
#6783=DIRECTION('center_axis',(1.,0.,0.));
#6784=DIRECTION('ref_axis',(0.,1.,0.));
#6785=DIRECTION('',(0.,-1.,0.));
#6786=DIRECTION('',(0.,1.,0.));
#6787=DIRECTION('',(0.,0.,1.));
#6788=DIRECTION('center_axis',(-3.46944695195361E-16,1.,0.));
#6789=DIRECTION('ref_axis',(-1.,-3.46944695195361E-16,0.));
#6790=DIRECTION('',(1.,3.46944695195361E-16,0.));
#6791=DIRECTION('',(-1.,-3.46944695195361E-16,0.));
#6792=DIRECTION('center_axis',(-1.,0.,0.));
#6793=DIRECTION('ref_axis',(0.,-1.,0.));
#6794=DIRECTION('',(0.,1.,0.));
#6795=DIRECTION('',(0.,0.,1.));
#6796=DIRECTION('',(0.,-1.,0.));
#6797=DIRECTION('',(0.,0.,1.));
#6798=DIRECTION('center_axis',(2.77555756156289E-15,-1.,0.));
#6799=DIRECTION('ref_axis',(1.,2.77555756156289E-15,0.));
#6800=DIRECTION('',(-1.,-2.77555756156289E-15,0.));
#6801=DIRECTION('',(1.,2.77555756156289E-15,0.));
#6802=DIRECTION('',(0.,0.,1.));
#6803=DIRECTION('center_axis',(1.,-1.08420217248551E-16,0.));
#6804=DIRECTION('ref_axis',(1.08420217248551E-16,1.,0.));
#6805=DIRECTION('',(-1.08420217248551E-16,-1.,0.));
#6806=DIRECTION('',(1.08420217248551E-16,1.,0.));
#6807=DIRECTION('',(0.,0.,1.));
#6808=DIRECTION('center_axis',(-3.46944695195361E-16,1.,0.));
#6809=DIRECTION('ref_axis',(-1.,-3.46944695195361E-16,0.));
#6810=DIRECTION('',(1.,3.46944695195361E-16,0.));
#6811=DIRECTION('',(-1.,-3.46944695195361E-16,0.));
#6812=DIRECTION('center_axis',(1.,5.42101086242752E-16,0.));
#6813=DIRECTION('ref_axis',(-5.42101086242752E-16,1.,0.));
#6814=DIRECTION('',(5.42101086242752E-16,-1.,0.));
#6815=DIRECTION('',(0.,0.,1.));
#6816=DIRECTION('',(-5.42101086242752E-16,1.,0.));
#6817=DIRECTION('',(0.,0.,1.));
#6818=DIRECTION('center_axis',(-3.46944695195362E-16,1.,0.));
#6819=DIRECTION('ref_axis',(-1.,-3.46944695195362E-16,0.));
#6820=DIRECTION('',(1.,3.46944695195362E-16,0.));
#6821=DIRECTION('',(-1.,-3.46944695195362E-16,0.));
#6822=DIRECTION('',(0.,0.,1.));
#6823=DIRECTION('center_axis',(-1.,0.,0.));
#6824=DIRECTION('ref_axis',(0.,-1.,0.));
#6825=DIRECTION('',(0.,1.,0.));
#6826=DIRECTION('',(0.,-1.,0.));
#6827=DIRECTION('',(0.,0.,1.));
#6828=DIRECTION('center_axis',(6.93889390390723E-16,-1.,0.));
#6829=DIRECTION('ref_axis',(1.,6.93889390390723E-16,0.));
#6830=DIRECTION('',(-1.,-6.93889390390723E-16,0.));
#6831=DIRECTION('',(1.,6.93889390390723E-16,0.));
#6832=DIRECTION('center_axis',(-1.,0.,0.));
#6833=DIRECTION('ref_axis',(0.,-1.,0.));
#6834=DIRECTION('',(0.,1.,0.));
#6835=DIRECTION('',(0.,0.,1.));
#6836=DIRECTION('',(0.,-1.,0.));
#6837=DIRECTION('',(0.,0.,1.));
#6838=DIRECTION('center_axis',(0.,-1.,0.));
#6839=DIRECTION('ref_axis',(1.,0.,0.));
#6840=DIRECTION('',(-1.,0.,0.));
#6841=DIRECTION('',(1.,0.,0.));
#6842=DIRECTION('',(0.,0.,1.));
#6843=DIRECTION('center_axis',(1.,-1.0842021724855E-16,0.));
#6844=DIRECTION('ref_axis',(1.0842021724855E-16,1.,0.));
#6845=DIRECTION('',(-1.0842021724855E-16,-1.,0.));
#6846=DIRECTION('',(1.0842021724855E-16,1.,0.));
#6847=DIRECTION('',(0.,0.,1.));
#6848=DIRECTION('center_axis',(0.,1.,0.));
#6849=DIRECTION('ref_axis',(-1.,0.,0.));
#6850=DIRECTION('',(1.,0.,0.));
#6851=DIRECTION('',(-1.,0.,0.));
#6852=DIRECTION('center_axis',(-1.,0.,0.));
#6853=DIRECTION('ref_axis',(0.,-1.,0.));
#6854=DIRECTION('',(0.,1.,0.));
#6855=DIRECTION('',(0.,0.,1.));
#6856=DIRECTION('',(0.,-1.,0.));
#6857=DIRECTION('',(0.,0.,1.));
#6858=DIRECTION('center_axis',(0.,-1.,0.));
#6859=DIRECTION('ref_axis',(1.,0.,0.));
#6860=DIRECTION('',(-1.,0.,0.));
#6861=DIRECTION('',(1.,0.,0.));
#6862=DIRECTION('',(0.,0.,1.));
#6863=DIRECTION('center_axis',(1.,0.,0.));
#6864=DIRECTION('ref_axis',(0.,1.,0.));
#6865=DIRECTION('',(0.,-1.,0.));
#6866=DIRECTION('',(0.,1.,0.));
#6867=DIRECTION('',(0.,0.,1.));
#6868=DIRECTION('center_axis',(6.93889390390723E-16,1.,0.));
#6869=DIRECTION('ref_axis',(-1.,6.93889390390723E-16,0.));
#6870=DIRECTION('',(1.,-6.93889390390723E-16,0.));
#6871=DIRECTION('',(-1.,6.93889390390723E-16,0.));
#6872=DIRECTION('center_axis',(1.,0.,0.));
#6873=DIRECTION('ref_axis',(0.,1.,0.));
#6874=DIRECTION('',(0.,-1.,0.));
#6875=DIRECTION('',(0.,0.,1.));
#6876=DIRECTION('',(0.,1.,0.));
#6877=DIRECTION('',(0.,0.,1.));
#6878=DIRECTION('center_axis',(0.,-1.,0.));
#6879=DIRECTION('ref_axis',(1.,0.,0.));
#6880=DIRECTION('',(-1.,0.,0.));
#6881=DIRECTION('',(1.,0.,0.));
#6882=DIRECTION('',(0.,0.,1.));
#6883=DIRECTION('center_axis',(-1.,-8.67361737988403E-17,0.));
#6884=DIRECTION('ref_axis',(8.67361737988403E-17,-1.,0.));
#6885=DIRECTION('',(-8.67361737988403E-17,1.,0.));
#6886=DIRECTION('',(8.67361737988403E-17,-1.,0.));
#6887=DIRECTION('',(0.,0.,1.));
#6888=DIRECTION('center_axis',(0.,1.,0.));
#6889=DIRECTION('ref_axis',(-1.,0.,0.));
#6890=DIRECTION('',(1.,0.,0.));
#6891=DIRECTION('',(-1.,0.,0.));
#6892=DIRECTION('center_axis',(0.,0.,1.));
#6893=DIRECTION('ref_axis',(1.,0.,0.));
#6894=DIRECTION('center_axis',(0.,0.,-1.));
#6895=DIRECTION('ref_axis',(-1.,0.,0.));
#6896=DIRECTION('center_axis',(1.,0.,0.));
#6897=DIRECTION('ref_axis',(0.,1.,0.));
#6898=DIRECTION('',(0.,-1.,0.));
#6899=DIRECTION('',(0.,0.,1.));
#6900=DIRECTION('',(0.,1.,0.));
#6901=DIRECTION('',(0.,0.,1.));
#6902=DIRECTION('center_axis',(0.,1.,0.));
#6903=DIRECTION('ref_axis',(-1.,0.,0.));
#6904=DIRECTION('',(1.,0.,0.));
#6905=DIRECTION('',(-1.,0.,0.));
#6906=DIRECTION('',(0.,0.,1.));
#6907=DIRECTION('center_axis',(-1.,1.30104260698261E-15,0.));
#6908=DIRECTION('ref_axis',(-1.30104260698261E-15,-1.,0.));
#6909=DIRECTION('',(1.30104260698261E-15,1.,0.));
#6910=DIRECTION('',(-1.30104260698261E-15,-1.,0.));
#6911=DIRECTION('',(0.,0.,1.));
#6912=DIRECTION('center_axis',(0.,1.,0.));
#6913=DIRECTION('ref_axis',(-1.,0.,0.));
#6914=DIRECTION('',(1.,0.,0.));
#6915=DIRECTION('',(-1.,0.,0.));
#6916=DIRECTION('',(0.,0.,1.));
#6917=DIRECTION('center_axis',(1.,-2.16840434497101E-16,0.));
#6918=DIRECTION('ref_axis',(2.16840434497101E-16,1.,0.));
#6919=DIRECTION('',(-2.16840434497101E-16,-1.,0.));
#6920=DIRECTION('',(2.16840434497101E-16,1.,0.));
#6921=DIRECTION('',(0.,0.,1.));
#6922=DIRECTION('center_axis',(0.,1.,0.));
#6923=DIRECTION('ref_axis',(-1.,0.,0.));
#6924=DIRECTION('',(1.,0.,0.));
#6925=DIRECTION('',(-1.,0.,0.));
#6926=DIRECTION('',(0.,0.,1.));
#6927=DIRECTION('center_axis',(-1.,2.16840434497101E-16,0.));
#6928=DIRECTION('ref_axis',(-2.16840434497101E-16,-1.,0.));
#6929=DIRECTION('',(2.16840434497101E-16,1.,0.));
#6930=DIRECTION('',(-2.16840434497101E-16,-1.,0.));
#6931=DIRECTION('',(0.,0.,1.));
#6932=DIRECTION('center_axis',(0.,1.,0.));
#6933=DIRECTION('ref_axis',(-1.,0.,0.));
#6934=DIRECTION('',(1.,0.,0.));
#6935=DIRECTION('',(-1.,0.,0.));
#6936=DIRECTION('',(0.,0.,1.));
#6937=DIRECTION('center_axis',(1.,-3.25260651745651E-16,0.));
#6938=DIRECTION('ref_axis',(3.25260651745651E-16,1.,0.));
#6939=DIRECTION('',(-3.25260651745651E-16,-1.,0.));
#6940=DIRECTION('',(3.25260651745651E-16,1.,0.));
#6941=DIRECTION('',(0.,0.,1.));
#6942=DIRECTION('center_axis',(0.,1.,0.));
#6943=DIRECTION('ref_axis',(-1.,0.,0.));
#6944=DIRECTION('',(1.,0.,0.));
#6945=DIRECTION('',(-1.,0.,0.));
#6946=DIRECTION('',(0.,0.,1.));
#6947=DIRECTION('center_axis',(-1.,5.42101086242752E-17,0.));
#6948=DIRECTION('ref_axis',(-5.42101086242752E-17,-1.,0.));
#6949=DIRECTION('',(5.42101086242752E-17,1.,0.));
#6950=DIRECTION('',(-5.42101086242752E-17,-1.,0.));
#6951=DIRECTION('',(0.,0.,1.));
#6952=DIRECTION('center_axis',(0.,1.,0.));
#6953=DIRECTION('ref_axis',(-1.,0.,0.));
#6954=DIRECTION('',(1.,0.,0.));
#6955=DIRECTION('',(-1.,0.,0.));
#6956=DIRECTION('',(0.,0.,1.));
#6957=DIRECTION('center_axis',(1.,2.16840434497101E-16,0.));
#6958=DIRECTION('ref_axis',(-2.16840434497101E-16,1.,0.));
#6959=DIRECTION('',(2.16840434497101E-16,-1.,0.));
#6960=DIRECTION('',(-2.16840434497101E-16,1.,0.));
#6961=DIRECTION('',(0.,0.,1.));
#6962=DIRECTION('center_axis',(0.,1.,0.));
#6963=DIRECTION('ref_axis',(-1.,0.,0.));
#6964=DIRECTION('',(1.,0.,0.));
#6965=DIRECTION('',(-1.,0.,0.));
#6966=DIRECTION('',(0.,0.,1.));
#6967=DIRECTION('center_axis',(-1.,1.0842021724855E-16,0.));
#6968=DIRECTION('ref_axis',(-1.0842021724855E-16,-1.,0.));
#6969=DIRECTION('',(1.0842021724855E-16,1.,0.));
#6970=DIRECTION('',(-1.0842021724855E-16,-1.,0.));
#6971=DIRECTION('',(0.,0.,1.));
#6972=DIRECTION('center_axis',(0.,1.,0.));
#6973=DIRECTION('ref_axis',(-1.,0.,0.));
#6974=DIRECTION('',(1.,0.,0.));
#6975=DIRECTION('',(-1.,0.,0.));
#6976=DIRECTION('',(0.,0.,1.));
#6977=DIRECTION('center_axis',(1.,2.16840434497101E-16,0.));
#6978=DIRECTION('ref_axis',(-2.16840434497101E-16,1.,0.));
#6979=DIRECTION('',(2.16840434497101E-16,-1.,0.));
#6980=DIRECTION('',(-2.16840434497101E-16,1.,0.));
#6981=DIRECTION('',(0.,0.,1.));
#6982=DIRECTION('center_axis',(0.,1.,0.));
#6983=DIRECTION('ref_axis',(-1.,0.,0.));
#6984=DIRECTION('',(1.,0.,0.));
#6985=DIRECTION('',(-1.,0.,0.));
#6986=DIRECTION('',(0.,0.,1.));
#6987=DIRECTION('center_axis',(-1.,2.16840434497101E-16,0.));
#6988=DIRECTION('ref_axis',(-2.16840434497101E-16,-1.,0.));
#6989=DIRECTION('',(2.16840434497101E-16,1.,0.));
#6990=DIRECTION('',(-2.16840434497101E-16,-1.,0.));
#6991=DIRECTION('',(0.,0.,1.));
#6992=DIRECTION('center_axis',(0.,1.,0.));
#6993=DIRECTION('ref_axis',(-1.,0.,0.));
#6994=DIRECTION('',(1.,0.,0.));
#6995=DIRECTION('',(-1.,0.,0.));
#6996=DIRECTION('',(0.,0.,1.));
#6997=DIRECTION('center_axis',(1.,0.,0.));
#6998=DIRECTION('ref_axis',(0.,1.,0.));
#6999=DIRECTION('',(0.,-1.,0.));
#7000=DIRECTION('',(0.,1.,0.));
#7001=DIRECTION('',(0.,0.,1.));
#7002=DIRECTION('center_axis',(0.,1.,0.));
#7003=DIRECTION('ref_axis',(-1.,0.,0.));
#7004=DIRECTION('',(1.,0.,0.));
#7005=DIRECTION('',(-1.,0.,0.));
#7006=DIRECTION('',(0.,0.,1.));
#7007=DIRECTION('center_axis',(-1.,0.,0.));
#7008=DIRECTION('ref_axis',(0.,-1.,0.));
#7009=DIRECTION('',(0.,1.,0.));
#7010=DIRECTION('',(0.,-1.,0.));
#7011=DIRECTION('',(0.,0.,1.));
#7012=DIRECTION('center_axis',(0.,1.,0.));
#7013=DIRECTION('ref_axis',(-1.,0.,0.));
#7014=DIRECTION('',(1.,0.,0.));
#7015=DIRECTION('',(-1.,0.,0.));
#7016=DIRECTION('',(0.,0.,1.));
#7017=DIRECTION('center_axis',(1.,-3.46944695195361E-17,0.));
#7018=DIRECTION('ref_axis',(3.46944695195361E-17,1.,0.));
#7019=DIRECTION('',(-3.46944695195361E-17,-1.,0.));
#7020=DIRECTION('',(3.46944695195361E-17,1.,0.));
#7021=DIRECTION('',(0.,0.,1.));
#7022=DIRECTION('center_axis',(-1.38777878078145E-16,-1.,0.));
#7023=DIRECTION('ref_axis',(1.,-1.38777878078145E-16,0.));
#7024=DIRECTION('',(-1.,1.38777878078145E-16,0.));
#7025=DIRECTION('',(1.,-1.38777878078145E-16,0.));
#7026=DIRECTION('',(0.,0.,1.));
#7027=DIRECTION('center_axis',(-1.,0.,0.));
#7028=DIRECTION('ref_axis',(0.,-1.,0.));
#7029=DIRECTION('',(0.,1.,0.));
#7030=DIRECTION('',(0.,-1.,0.));
#7031=DIRECTION('',(0.,0.,1.));
#7032=DIRECTION('center_axis',(0.,1.,0.));
#7033=DIRECTION('ref_axis',(-1.,0.,0.));
#7034=DIRECTION('',(1.,0.,0.));
#7035=DIRECTION('',(-1.,0.,0.));
#7036=DIRECTION('center_axis',(0.,0.,1.));
#7037=DIRECTION('ref_axis',(1.,0.,0.));
#7038=DIRECTION('center_axis',(0.,0.,-1.));
#7039=DIRECTION('ref_axis',(-1.,0.,0.));
#7040=DIRECTION('center_axis',(0.,1.,0.));
#7041=DIRECTION('ref_axis',(-1.,0.,0.));
#7042=DIRECTION('',(1.,0.,0.));
#7043=DIRECTION('',(0.,0.,1.));
#7044=DIRECTION('',(-1.,0.,0.));
#7045=DIRECTION('',(0.,0.,1.));
#7046=DIRECTION('center_axis',(1.,-2.16840434497101E-16,0.));
#7047=DIRECTION('ref_axis',(2.16840434497101E-16,1.,0.));
#7048=DIRECTION('',(-2.16840434497101E-16,-1.,0.));
#7049=DIRECTION('',(2.16840434497101E-16,1.,0.));
#7050=DIRECTION('',(0.,0.,1.));
#7051=DIRECTION('center_axis',(0.,-1.,0.));
#7052=DIRECTION('ref_axis',(1.,0.,0.));
#7053=DIRECTION('',(-1.,0.,0.));
#7054=DIRECTION('',(1.,0.,0.));
#7055=DIRECTION('',(0.,0.,1.));
#7056=DIRECTION('center_axis',(-1.,-2.16840434497101E-16,0.));
#7057=DIRECTION('ref_axis',(2.16840434497101E-16,-1.,0.));
#7058=DIRECTION('',(-2.16840434497101E-16,1.,0.));
#7059=DIRECTION('',(2.16840434497101E-16,-1.,0.));
#7060=DIRECTION('center_axis',(0.,0.,1.));
#7061=DIRECTION('ref_axis',(1.,0.,0.));
#7062=DIRECTION('center_axis',(0.,0.,-1.));
#7063=DIRECTION('ref_axis',(-1.,0.,0.));
#7064=DIRECTION('center_axis',(0.,1.,0.));
#7065=DIRECTION('ref_axis',(-1.,0.,0.));
#7066=DIRECTION('',(1.,0.,0.));
#7067=DIRECTION('',(0.,0.,1.));
#7068=DIRECTION('',(-1.,0.,0.));
#7069=DIRECTION('',(0.,0.,1.));
#7070=DIRECTION('center_axis',(1.,-5.42101086242752E-17,0.));
#7071=DIRECTION('ref_axis',(5.42101086242752E-17,1.,0.));
#7072=DIRECTION('',(-5.42101086242752E-17,-1.,0.));
#7073=DIRECTION('',(5.42101086242752E-17,1.,0.));
#7074=DIRECTION('',(0.,0.,1.));
#7075=DIRECTION('center_axis',(0.,-1.,0.));
#7076=DIRECTION('ref_axis',(1.,0.,0.));
#7077=DIRECTION('',(-1.,0.,0.));
#7078=DIRECTION('',(1.,0.,0.));
#7079=DIRECTION('',(0.,0.,1.));
#7080=DIRECTION('center_axis',(-1.,3.25260651745651E-16,0.));
#7081=DIRECTION('ref_axis',(-3.25260651745651E-16,-1.,0.));
#7082=DIRECTION('',(3.25260651745651E-16,1.,0.));
#7083=DIRECTION('',(-3.25260651745651E-16,-1.,0.));
#7084=DIRECTION('center_axis',(0.,0.,1.));
#7085=DIRECTION('ref_axis',(1.,0.,0.));
#7086=DIRECTION('center_axis',(0.,0.,-1.));
#7087=DIRECTION('ref_axis',(-1.,0.,0.));
#7088=DIRECTION('center_axis',(0.,1.,0.));
#7089=DIRECTION('ref_axis',(-1.,0.,0.));
#7090=DIRECTION('',(1.,0.,0.));
#7091=DIRECTION('',(0.,0.,1.));
#7092=DIRECTION('',(-1.,0.,0.));
#7093=DIRECTION('',(0.,0.,1.));
#7094=DIRECTION('center_axis',(1.,-1.30104260698261E-15,0.));
#7095=DIRECTION('ref_axis',(1.30104260698261E-15,1.,0.));
#7096=DIRECTION('',(-1.30104260698261E-15,-1.,0.));
#7097=DIRECTION('',(1.30104260698261E-15,1.,0.));
#7098=DIRECTION('',(0.,0.,1.));
#7099=DIRECTION('center_axis',(0.,-1.,0.));
#7100=DIRECTION('ref_axis',(1.,0.,0.));
#7101=DIRECTION('',(-1.,0.,0.));
#7102=DIRECTION('',(1.,0.,0.));
#7103=DIRECTION('',(0.,0.,1.));
#7104=DIRECTION('center_axis',(-1.,0.,0.));
#7105=DIRECTION('ref_axis',(0.,-1.,0.));
#7106=DIRECTION('',(0.,1.,0.));
#7107=DIRECTION('',(0.,-1.,0.));
#7108=DIRECTION('center_axis',(0.,0.,1.));
#7109=DIRECTION('ref_axis',(1.,0.,0.));
#7110=DIRECTION('center_axis',(0.,0.,-1.));
#7111=DIRECTION('ref_axis',(-1.,0.,0.));
#7112=DIRECTION('center_axis',(0.,1.,0.));
#7113=DIRECTION('ref_axis',(-1.,0.,0.));
#7114=DIRECTION('',(1.,0.,0.));
#7115=DIRECTION('',(0.,0.,1.));
#7116=DIRECTION('',(-1.,0.,0.));
#7117=DIRECTION('',(0.,0.,1.));
#7118=DIRECTION('center_axis',(1.,-2.16840434497101E-16,0.));
#7119=DIRECTION('ref_axis',(2.16840434497101E-16,1.,0.));
#7120=DIRECTION('',(-2.16840434497101E-16,-1.,0.));
#7121=DIRECTION('',(2.16840434497101E-16,1.,0.));
#7122=DIRECTION('',(0.,0.,1.));
#7123=DIRECTION('center_axis',(0.,-1.,0.));
#7124=DIRECTION('ref_axis',(1.,0.,0.));
#7125=DIRECTION('',(-1.,0.,0.));
#7126=DIRECTION('',(1.,0.,0.));
#7127=DIRECTION('',(0.,0.,1.));
#7128=DIRECTION('center_axis',(-1.,2.16840434497101E-16,0.));
#7129=DIRECTION('ref_axis',(-2.16840434497101E-16,-1.,0.));
#7130=DIRECTION('',(2.16840434497101E-16,1.,0.));
#7131=DIRECTION('',(-2.16840434497101E-16,-1.,0.));
#7132=DIRECTION('center_axis',(0.,0.,1.));
#7133=DIRECTION('ref_axis',(1.,0.,0.));
#7134=DIRECTION('center_axis',(0.,0.,-1.));
#7135=DIRECTION('ref_axis',(-1.,0.,0.));
#7136=DIRECTION('center_axis',(0.,1.,0.));
#7137=DIRECTION('ref_axis',(-1.,0.,0.));
#7138=DIRECTION('',(1.,0.,0.));
#7139=DIRECTION('',(0.,0.,1.));
#7140=DIRECTION('',(-1.,0.,0.));
#7141=DIRECTION('',(0.,0.,1.));
#7142=DIRECTION('center_axis',(1.,-1.0842021724855E-16,0.));
#7143=DIRECTION('ref_axis',(1.0842021724855E-16,1.,0.));
#7144=DIRECTION('',(-1.0842021724855E-16,-1.,0.));
#7145=DIRECTION('',(1.0842021724855E-16,1.,0.));
#7146=DIRECTION('',(0.,0.,1.));
#7147=DIRECTION('center_axis',(0.,-1.,0.));
#7148=DIRECTION('ref_axis',(1.,0.,0.));
#7149=DIRECTION('',(-1.,0.,0.));
#7150=DIRECTION('',(1.,0.,0.));
#7151=DIRECTION('',(0.,0.,1.));
#7152=DIRECTION('center_axis',(-1.,-2.16840434497101E-16,0.));
#7153=DIRECTION('ref_axis',(2.16840434497101E-16,-1.,0.));
#7154=DIRECTION('',(-2.16840434497101E-16,1.,0.));
#7155=DIRECTION('',(2.16840434497101E-16,-1.,0.));
#7156=DIRECTION('center_axis',(0.,0.,1.));
#7157=DIRECTION('ref_axis',(1.,0.,0.));
#7158=DIRECTION('center_axis',(0.,0.,-1.));
#7159=DIRECTION('ref_axis',(-1.,0.,0.));
#7160=DIRECTION('center_axis',(0.,1.,0.));
#7161=DIRECTION('ref_axis',(-1.,0.,0.));
#7162=DIRECTION('',(1.,0.,0.));
#7163=DIRECTION('',(0.,0.,1.));
#7164=DIRECTION('',(-1.,0.,0.));
#7165=DIRECTION('',(0.,0.,1.));
#7166=DIRECTION('center_axis',(1.,0.,0.));
#7167=DIRECTION('ref_axis',(0.,1.,0.));
#7168=DIRECTION('',(0.,-1.,0.));
#7169=DIRECTION('',(0.,1.,0.));
#7170=DIRECTION('',(0.,0.,1.));
#7171=DIRECTION('center_axis',(0.,-1.,0.));
#7172=DIRECTION('ref_axis',(1.,0.,0.));
#7173=DIRECTION('',(-1.,0.,0.));
#7174=DIRECTION('',(1.,0.,0.));
#7175=DIRECTION('',(0.,0.,1.));
#7176=DIRECTION('center_axis',(-1.,0.,0.));
#7177=DIRECTION('ref_axis',(0.,-1.,0.));
#7178=DIRECTION('',(0.,1.,0.));
#7179=DIRECTION('',(0.,-1.,0.));
#7180=DIRECTION('center_axis',(0.,0.,1.));
#7181=DIRECTION('ref_axis',(1.,0.,0.));
#7182=DIRECTION('center_axis',(0.,0.,-1.));
#7183=DIRECTION('ref_axis',(-1.,0.,0.));
#7184=DIRECTION('center_axis',(0.,1.,0.));
#7185=DIRECTION('ref_axis',(-1.,0.,0.));
#7186=DIRECTION('',(1.,0.,0.));
#7187=DIRECTION('',(0.,0.,1.));
#7188=DIRECTION('',(-1.,0.,0.));
#7189=DIRECTION('',(0.,0.,1.));
#7190=DIRECTION('center_axis',(1.,0.,0.));
#7191=DIRECTION('ref_axis',(0.,1.,0.));
#7192=DIRECTION('',(0.,-1.,0.));
#7193=DIRECTION('',(0.,1.,0.));
#7194=DIRECTION('',(0.,0.,1.));
#7195=DIRECTION('center_axis',(-6.93889390390723E-16,-1.,0.));
#7196=DIRECTION('ref_axis',(1.,-6.93889390390723E-16,0.));
#7197=DIRECTION('',(-1.,6.93889390390723E-16,0.));
#7198=DIRECTION('',(1.,-6.93889390390723E-16,0.));
#7199=DIRECTION('',(0.,0.,1.));
#7200=DIRECTION('center_axis',(-1.,0.,0.));
#7201=DIRECTION('ref_axis',(0.,-1.,0.));
#7202=DIRECTION('',(0.,1.,0.));
#7203=DIRECTION('',(0.,-1.,0.));
#7204=DIRECTION('center_axis',(0.,0.,1.));
#7205=DIRECTION('ref_axis',(1.,0.,0.));
#7206=DIRECTION('center_axis',(0.,0.,-1.));
#7207=DIRECTION('ref_axis',(-1.,0.,0.));
#7208=DIRECTION('center_axis',(6.93889390390723E-16,-1.,0.));
#7209=DIRECTION('ref_axis',(1.,6.93889390390723E-16,0.));
#7210=DIRECTION('',(-1.,-6.93889390390723E-16,0.));
#7211=DIRECTION('',(0.,0.,1.));
#7212=DIRECTION('',(1.,6.93889390390723E-16,0.));
#7213=DIRECTION('',(0.,0.,1.));
#7214=DIRECTION('center_axis',(-1.,-1.0842021724855E-15,0.));
#7215=DIRECTION('ref_axis',(1.0842021724855E-15,-1.,0.));
#7216=DIRECTION('',(-1.0842021724855E-15,1.,0.));
#7217=DIRECTION('',(1.0842021724855E-15,-1.,0.));
#7218=DIRECTION('',(0.,0.,1.));
#7219=DIRECTION('center_axis',(6.93889390390723E-16,1.,0.));
#7220=DIRECTION('ref_axis',(-1.,6.93889390390723E-16,0.));
#7221=DIRECTION('',(1.,-6.93889390390723E-16,0.));
#7222=DIRECTION('',(-1.,6.93889390390723E-16,0.));
#7223=DIRECTION('',(0.,0.,1.));
#7224=DIRECTION('center_axis',(1.,3.25260651745651E-16,0.));
#7225=DIRECTION('ref_axis',(-3.25260651745651E-16,1.,0.));
#7226=DIRECTION('',(3.25260651745651E-16,-1.,0.));
#7227=DIRECTION('',(-3.25260651745651E-16,1.,0.));
#7228=DIRECTION('center_axis',(0.,0.,1.));
#7229=DIRECTION('ref_axis',(1.,0.,0.));
#7230=DIRECTION('center_axis',(0.,0.,-1.));
#7231=DIRECTION('ref_axis',(-1.,0.,0.));
#7232=DIRECTION('center_axis',(0.,1.,0.));
#7233=DIRECTION('ref_axis',(-1.,0.,0.));
#7234=DIRECTION('',(1.,0.,0.));
#7235=DIRECTION('',(0.,0.,1.));
#7236=DIRECTION('',(-1.,0.,0.));
#7237=DIRECTION('',(0.,0.,1.));
#7238=DIRECTION('center_axis',(1.,0.,0.));
#7239=DIRECTION('ref_axis',(0.,1.,0.));
#7240=DIRECTION('',(0.,-1.,0.));
#7241=DIRECTION('',(0.,1.,0.));
#7242=DIRECTION('',(0.,0.,1.));
#7243=DIRECTION('center_axis',(0.,-1.,0.));
#7244=DIRECTION('ref_axis',(1.,0.,0.));
#7245=DIRECTION('',(-1.,0.,0.));
#7246=DIRECTION('',(1.,0.,0.));
#7247=DIRECTION('',(0.,0.,1.));
#7248=DIRECTION('center_axis',(-1.,1.0842021724855E-16,0.));
#7249=DIRECTION('ref_axis',(-1.0842021724855E-16,-1.,0.));
#7250=DIRECTION('',(1.0842021724855E-16,1.,0.));
#7251=DIRECTION('',(-1.0842021724855E-16,-1.,0.));
#7252=DIRECTION('center_axis',(0.,0.,1.));
#7253=DIRECTION('ref_axis',(1.,0.,0.));
#7254=DIRECTION('center_axis',(0.,0.,-1.));
#7255=DIRECTION('ref_axis',(-1.,0.,0.));
#7256=DIRECTION('center_axis',(6.93889390390723E-16,1.,0.));
#7257=DIRECTION('ref_axis',(-1.,6.93889390390723E-16,0.));
#7258=DIRECTION('',(1.,-6.93889390390723E-16,0.));
#7259=DIRECTION('',(0.,0.,1.));
#7260=DIRECTION('',(-1.,6.93889390390723E-16,0.));
#7261=DIRECTION('',(0.,0.,1.));
#7262=DIRECTION('center_axis',(1.,-1.0842021724855E-16,0.));
#7263=DIRECTION('ref_axis',(1.0842021724855E-16,1.,0.));
#7264=DIRECTION('',(-1.0842021724855E-16,-1.,0.));
#7265=DIRECTION('',(1.0842021724855E-16,1.,0.));
#7266=DIRECTION('',(0.,0.,1.));
#7267=DIRECTION('center_axis',(3.46944695195361E-16,-1.,0.));
#7268=DIRECTION('ref_axis',(1.,3.46944695195361E-16,0.));
#7269=DIRECTION('',(-1.,-3.46944695195361E-16,0.));
#7270=DIRECTION('',(1.,3.46944695195361E-16,0.));
#7271=DIRECTION('',(0.,0.,1.));
#7272=DIRECTION('center_axis',(-1.,0.,0.));
#7273=DIRECTION('ref_axis',(0.,-1.,0.));
#7274=DIRECTION('',(0.,1.,0.));
#7275=DIRECTION('',(0.,-1.,0.));
#7276=DIRECTION('center_axis',(0.,0.,1.));
#7277=DIRECTION('ref_axis',(1.,0.,0.));
#7278=DIRECTION('center_axis',(0.,0.,-1.));
#7279=DIRECTION('ref_axis',(-1.,0.,0.));
#7280=DIRECTION('center_axis',(3.46944695195362E-16,-1.,0.));
#7281=DIRECTION('ref_axis',(1.,3.46944695195362E-16,0.));
#7282=DIRECTION('',(-1.,-3.46944695195362E-16,0.));
#7283=DIRECTION('',(0.,0.,1.));
#7284=DIRECTION('',(1.,3.46944695195362E-16,0.));
#7285=DIRECTION('',(0.,0.,1.));
#7286=DIRECTION('center_axis',(-1.,-5.42101086242752E-16,0.));
#7287=DIRECTION('ref_axis',(5.42101086242752E-16,-1.,0.));
#7288=DIRECTION('',(-5.42101086242752E-16,1.,0.));
#7289=DIRECTION('',(5.42101086242752E-16,-1.,0.));
#7290=DIRECTION('',(0.,0.,1.));
#7291=DIRECTION('center_axis',(-6.93889390390723E-16,1.,0.));
#7292=DIRECTION('ref_axis',(-1.,-6.93889390390723E-16,0.));
#7293=DIRECTION('',(1.,6.93889390390723E-16,0.));
#7294=DIRECTION('',(-1.,-6.93889390390723E-16,0.));
#7295=DIRECTION('',(0.,0.,1.));
#7296=DIRECTION('center_axis',(1.,0.,0.));
#7297=DIRECTION('ref_axis',(0.,1.,0.));
#7298=DIRECTION('',(0.,-1.,0.));
#7299=DIRECTION('',(0.,1.,0.));
#7300=DIRECTION('center_axis',(0.,0.,1.));
#7301=DIRECTION('ref_axis',(1.,0.,0.));
#7302=DIRECTION('center_axis',(0.,0.,-1.));
#7303=DIRECTION('ref_axis',(-1.,0.,0.));
#7304=DIRECTION('center_axis',(-2.77555756156289E-15,1.,0.));
#7305=DIRECTION('ref_axis',(-1.,-2.77555756156289E-15,0.));
#7306=DIRECTION('',(1.,2.77555756156289E-15,0.));
#7307=DIRECTION('',(0.,0.,1.));
#7308=DIRECTION('',(-1.,-2.77555756156289E-15,0.));
#7309=DIRECTION('',(0.,0.,1.));
#7310=DIRECTION('center_axis',(1.,0.,0.));
#7311=DIRECTION('ref_axis',(0.,1.,0.));
#7312=DIRECTION('',(0.,-1.,0.));
#7313=DIRECTION('',(0.,1.,0.));
#7314=DIRECTION('',(0.,0.,1.));
#7315=DIRECTION('center_axis',(3.46944695195361E-16,-1.,0.));
#7316=DIRECTION('ref_axis',(1.,3.46944695195361E-16,0.));
#7317=DIRECTION('',(-1.,-3.46944695195361E-16,0.));
#7318=DIRECTION('',(1.,3.46944695195361E-16,0.));
#7319=DIRECTION('',(0.,0.,1.));
#7320=DIRECTION('center_axis',(-1.,1.08420217248551E-16,0.));
#7321=DIRECTION('ref_axis',(-1.08420217248551E-16,-1.,0.));
#7322=DIRECTION('',(1.08420217248551E-16,1.,0.));
#7323=DIRECTION('',(-1.08420217248551E-16,-1.,0.));
#7324=DIRECTION('center_axis',(0.,0.,1.));
#7325=DIRECTION('ref_axis',(1.,0.,0.));
#7326=DIRECTION('center_axis',(0.,0.,-1.));
#7327=DIRECTION('ref_axis',(-1.,0.,0.));
#7328=DIRECTION('center_axis',(1.,-8.67361737988404E-16,0.));
#7329=DIRECTION('ref_axis',(8.67361737988404E-16,1.,0.));
#7330=DIRECTION('',(-8.67361737988404E-16,-1.,0.));
#7331=DIRECTION('',(0.,0.,1.));
#7332=DIRECTION('',(8.67361737988404E-16,1.,0.));
#7333=DIRECTION('',(0.,0.,1.));
#7334=DIRECTION('center_axis',(0.,-1.,0.));
#7335=DIRECTION('ref_axis',(1.,0.,0.));
#7336=DIRECTION('',(-1.,0.,0.));
#7337=DIRECTION('',(1.,0.,0.));
#7338=DIRECTION('',(0.,0.,1.));
#7339=DIRECTION('center_axis',(-1.,-5.63785129692463E-15,0.));
#7340=DIRECTION('ref_axis',(5.63785129692463E-15,-1.,0.));
#7341=DIRECTION('',(-5.63785129692463E-15,1.,0.));
#7342=DIRECTION('',(5.63785129692463E-15,-1.,0.));
#7343=DIRECTION('',(0.,0.,1.));
#7344=DIRECTION('center_axis',(0.,1.,0.));
#7345=DIRECTION('ref_axis',(-1.,0.,0.));
#7346=DIRECTION('',(1.,0.,0.));
#7347=DIRECTION('',(-1.,0.,0.));
#7348=DIRECTION('center_axis',(0.,0.,1.));
#7349=DIRECTION('ref_axis',(1.,0.,0.));
#7350=DIRECTION('center_axis',(0.,0.,-1.));
#7351=DIRECTION('ref_axis',(-1.,0.,0.));
#7352=DIRECTION('center_axis',(1.,-3.25260651745652E-16,0.));
#7353=DIRECTION('ref_axis',(3.25260651745652E-16,1.,0.));
#7354=DIRECTION('',(-3.25260651745652E-16,-1.,0.));
#7355=DIRECTION('',(0.,0.,1.));
#7356=DIRECTION('',(3.25260651745652E-16,1.,0.));
#7357=DIRECTION('',(0.,0.,1.));
#7358=DIRECTION('center_axis',(-1.73472347597682E-15,-1.,0.));
#7359=DIRECTION('ref_axis',(1.,-1.73472347597682E-15,0.));
#7360=DIRECTION('',(-1.,1.73472347597682E-15,0.));
#7361=DIRECTION('',(1.,-1.73472347597682E-15,0.));
#7362=DIRECTION('',(0.,0.,1.));
#7363=DIRECTION('center_axis',(-1.,-6.1799523831674E-15,0.));
#7364=DIRECTION('ref_axis',(6.1799523831674E-15,-1.,0.));
#7365=DIRECTION('',(-6.1799523831674E-15,1.,0.));
#7366=DIRECTION('',(6.1799523831674E-15,-1.,0.));
#7367=DIRECTION('',(0.,0.,1.));
#7368=DIRECTION('center_axis',(0.,1.,0.));
#7369=DIRECTION('ref_axis',(-1.,0.,0.));
#7370=DIRECTION('',(1.,0.,0.));
#7371=DIRECTION('',(-1.,0.,0.));
#7372=DIRECTION('center_axis',(0.,0.,1.));
#7373=DIRECTION('ref_axis',(1.,0.,0.));
#7374=DIRECTION('center_axis',(0.,0.,-1.));
#7375=DIRECTION('ref_axis',(-1.,0.,0.));
#7376=DIRECTION('center_axis',(1.,3.03576608295942E-15,0.));
#7377=DIRECTION('ref_axis',(-3.03576608295941E-15,1.,0.));
#7378=DIRECTION('',(3.03576608295941E-15,-1.,0.));
#7379=DIRECTION('',(0.,0.,1.));
#7380=DIRECTION('',(-3.03576608295941E-15,1.,0.));
#7381=DIRECTION('',(0.,0.,1.));
#7382=DIRECTION('center_axis',(0.,-1.,0.));
#7383=DIRECTION('ref_axis',(1.,0.,0.));
#7384=DIRECTION('',(-1.,0.,0.));
#7385=DIRECTION('',(1.,0.,0.));
#7386=DIRECTION('',(0.,0.,1.));
#7387=DIRECTION('center_axis',(-1.,-4.33680868994202E-15,0.));
#7388=DIRECTION('ref_axis',(4.33680868994202E-15,-1.,0.));
#7389=DIRECTION('',(-4.33680868994202E-15,1.,0.));
#7390=DIRECTION('',(4.33680868994202E-15,-1.,0.));
#7391=DIRECTION('',(0.,0.,1.));
#7392=DIRECTION('center_axis',(0.,1.,0.));
#7393=DIRECTION('ref_axis',(-1.,0.,0.));
#7394=DIRECTION('',(1.,0.,0.));
#7395=DIRECTION('',(-1.,0.,0.));
#7396=DIRECTION('center_axis',(0.,0.,1.));
#7397=DIRECTION('ref_axis',(1.,0.,0.));
#7398=DIRECTION('center_axis',(0.,0.,-1.));
#7399=DIRECTION('ref_axis',(-1.,0.,0.));
#7400=DIRECTION('center_axis',(1.,1.5178830414797E-15,0.));
#7401=DIRECTION('ref_axis',(-1.51788304147971E-15,1.,0.));
#7402=DIRECTION('',(1.51788304147971E-15,-1.,0.));
#7403=DIRECTION('',(0.,0.,1.));
#7404=DIRECTION('',(-1.51788304147971E-15,1.,0.));
#7405=DIRECTION('',(0.,0.,1.));
#7406=DIRECTION('center_axis',(0.,-1.,0.));
#7407=DIRECTION('ref_axis',(1.,0.,0.));
#7408=DIRECTION('',(-1.,0.,0.));
#7409=DIRECTION('',(1.,0.,0.));
#7410=DIRECTION('',(0.,0.,1.));
#7411=DIRECTION('center_axis',(-1.,-4.33680868994201E-16,0.));
#7412=DIRECTION('ref_axis',(4.33680868994201E-16,-1.,0.));
#7413=DIRECTION('',(-4.33680868994201E-16,1.,0.));
#7414=DIRECTION('',(4.33680868994201E-16,-1.,0.));
#7415=DIRECTION('',(0.,0.,1.));
#7416=DIRECTION('center_axis',(0.,1.,0.));
#7417=DIRECTION('ref_axis',(-1.,0.,0.));
#7418=DIRECTION('',(1.,0.,0.));
#7419=DIRECTION('',(-1.,0.,0.));
#7420=DIRECTION('center_axis',(0.,0.,1.));
#7421=DIRECTION('ref_axis',(1.,0.,0.));
#7422=DIRECTION('center_axis',(0.,0.,-1.));
#7423=DIRECTION('ref_axis',(-1.,0.,0.));
#7424=DIRECTION('center_axis',(1.,0.,0.));
#7425=DIRECTION('ref_axis',(0.,1.,0.));
#7426=DIRECTION('',(0.,-1.,0.));
#7427=DIRECTION('',(0.,0.,1.));
#7428=DIRECTION('',(0.,1.,0.));
#7429=DIRECTION('',(0.,0.,1.));
#7430=DIRECTION('center_axis',(0.,-1.,0.));
#7431=DIRECTION('ref_axis',(1.,0.,0.));
#7432=DIRECTION('',(-1.,0.,0.));
#7433=DIRECTION('',(1.,0.,0.));
#7434=DIRECTION('',(0.,0.,1.));
#7435=DIRECTION('center_axis',(-1.,-1.0842021724855E-16,0.));
#7436=DIRECTION('ref_axis',(1.0842021724855E-16,-1.,0.));
#7437=DIRECTION('',(-1.0842021724855E-16,1.,0.));
#7438=DIRECTION('',(1.0842021724855E-16,-1.,0.));
#7439=DIRECTION('',(0.,0.,1.));
#7440=DIRECTION('center_axis',(0.,1.,0.));
#7441=DIRECTION('ref_axis',(-1.,0.,0.));
#7442=DIRECTION('',(1.,0.,0.));
#7443=DIRECTION('',(-1.,0.,0.));
#7444=DIRECTION('center_axis',(0.,0.,1.));
#7445=DIRECTION('ref_axis',(1.,0.,0.));
#7446=DIRECTION('center_axis',(0.,0.,-1.));
#7447=DIRECTION('ref_axis',(-1.,0.,0.));
#7448=DIRECTION('center_axis',(1.,0.,0.));
#7449=DIRECTION('ref_axis',(0.,1.,0.));
#7450=DIRECTION('',(0.,-1.,0.));
#7451=DIRECTION('',(0.,0.,1.));
#7452=DIRECTION('',(0.,1.,0.));
#7453=DIRECTION('',(0.,0.,1.));
#7454=DIRECTION('center_axis',(0.,-1.,0.));
#7455=DIRECTION('ref_axis',(1.,0.,0.));
#7456=DIRECTION('',(-1.,0.,0.));
#7457=DIRECTION('',(1.,0.,0.));
#7458=DIRECTION('',(0.,0.,1.));
#7459=DIRECTION('center_axis',(-1.,-2.60208521396521E-15,0.));
#7460=DIRECTION('ref_axis',(2.60208521396521E-15,-1.,0.));
#7461=DIRECTION('',(-2.60208521396521E-15,1.,0.));
#7462=DIRECTION('',(2.60208521396521E-15,-1.,0.));
#7463=DIRECTION('',(0.,0.,1.));
#7464=DIRECTION('center_axis',(0.,1.,0.));
#7465=DIRECTION('ref_axis',(-1.,0.,0.));
#7466=DIRECTION('',(1.,0.,0.));
#7467=DIRECTION('',(-1.,0.,0.));
#7468=DIRECTION('center_axis',(0.,0.,1.));
#7469=DIRECTION('ref_axis',(1.,0.,0.));
#7470=DIRECTION('center_axis',(0.,0.,-1.));
#7471=DIRECTION('ref_axis',(-1.,0.,0.));
#7472=DIRECTION('axis',(0.,0.,1.));
#7473=DIRECTION('refdir',(1.,0.,0.));
#7474=DIRECTION('center_axis',(1.,-1.50030138462859E-16,0.));
#7475=DIRECTION('ref_axis',(-1.50030138462859E-16,-1.,0.));
#7476=DIRECTION('',(1.50030138462859E-16,1.,0.));
#7477=DIRECTION('',(0.,0.,-1.));
#7478=DIRECTION('',(-1.50030138462859E-16,-1.,0.));
#7479=DIRECTION('',(0.,0.,-1.));
#7480=DIRECTION('center_axis',(0.,1.,0.));
#7481=DIRECTION('ref_axis',(1.,0.,0.));
#7482=DIRECTION('',(1.,0.,0.));
#7483=DIRECTION('',(1.,0.,0.));
#7484=DIRECTION('',(0.,0.,-1.));
#7485=DIRECTION('center_axis',(-1.,0.,0.));
#7486=DIRECTION('ref_axis',(0.,1.,0.));
#7487=DIRECTION('',(0.,1.,0.));
#7488=DIRECTION('',(0.,1.,0.));
#7489=DIRECTION('',(0.,0.,-1.));
#7490=DIRECTION('center_axis',(0.,-1.,0.));
#7491=DIRECTION('ref_axis',(-1.,0.,0.));
#7492=DIRECTION('',(-1.,0.,0.));
#7493=DIRECTION('',(-1.,0.,0.));
#7494=DIRECTION('center_axis',(0.,0.,-1.));
#7495=DIRECTION('ref_axis',(-1.,0.,0.));
#7496=DIRECTION('center_axis',(0.,0.,-1.));
#7497=DIRECTION('ref_axis',(1.,0.,0.));
#7498=DIRECTION('center_axis',(1.,-1.50030138462859E-16,0.));
#7499=DIRECTION('ref_axis',(-1.50030138462859E-16,-1.,0.));
#7500=DIRECTION('',(1.50030138462859E-16,1.,0.));
#7501=DIRECTION('',(0.,0.,-1.));
#7502=DIRECTION('',(-1.50030138462859E-16,-1.,0.));
#7503=DIRECTION('',(0.,0.,-1.));
#7504=DIRECTION('center_axis',(0.,1.,0.));
#7505=DIRECTION('ref_axis',(1.,0.,0.));
#7506=DIRECTION('',(-1.,0.,0.));
#7507=DIRECTION('',(1.,0.,0.));
#7508=DIRECTION('',(0.,0.,-1.));
#7509=DIRECTION('center_axis',(-1.,-1.46081976924363E-16,0.));
#7510=DIRECTION('ref_axis',(-1.46081976924363E-16,1.,0.));
#7511=DIRECTION('',(-1.46081976924363E-16,1.,0.));
#7512=DIRECTION('',(-1.46081976924363E-16,1.,0.));
#7513=DIRECTION('',(0.,0.,-1.));
#7514=DIRECTION('center_axis',(0.,-1.,0.));
#7515=DIRECTION('ref_axis',(-1.,0.,0.));
#7516=DIRECTION('',(-1.,0.,0.));
#7517=DIRECTION('',(-1.,0.,0.));
#7518=DIRECTION('center_axis',(0.,0.,-1.));
#7519=DIRECTION('ref_axis',(-1.,0.,0.));
#7520=DIRECTION('center_axis',(0.,0.,-1.));
#7521=DIRECTION('ref_axis',(1.,0.,0.));
#7522=DIRECTION('center_axis',(0.,-1.,0.));
#7523=DIRECTION('ref_axis',(-1.,0.,0.));
#7524=DIRECTION('',(1.,0.,0.));
#7525=DIRECTION('',(0.,0.,-1.));
#7526=DIRECTION('',(-1.,0.,0.));
#7527=DIRECTION('',(0.,0.,-1.));
#7528=DIRECTION('center_axis',(1.,-1.50030138462859E-16,0.));
#7529=DIRECTION('ref_axis',(-1.50030138462859E-16,-1.,0.));
#7530=DIRECTION('',(1.50030138462859E-16,1.,0.));
#7531=DIRECTION('',(-1.50030138462859E-16,-1.,0.));
#7532=DIRECTION('',(0.,0.,-1.));
#7533=DIRECTION('center_axis',(1.92153985031277E-15,1.,0.));
#7534=DIRECTION('ref_axis',(1.,-1.92153985031277E-15,0.));
#7535=DIRECTION('',(1.,-1.92153985031277E-15,0.));
#7536=DIRECTION('',(1.,-1.92153985031277E-15,0.));
#7537=DIRECTION('',(0.,0.,-1.));
#7538=DIRECTION('center_axis',(-1.,-1.46081976924363E-16,0.));
#7539=DIRECTION('ref_axis',(-1.46081976924363E-16,1.,0.));
#7540=DIRECTION('',(-1.46081976924363E-16,1.,0.));
#7541=DIRECTION('',(-1.46081976924363E-16,1.,0.));
#7542=DIRECTION('center_axis',(0.,0.,-1.));
#7543=DIRECTION('ref_axis',(-1.,0.,0.));
#7544=DIRECTION('center_axis',(0.,0.,-1.));
#7545=DIRECTION('ref_axis',(1.,0.,0.));
#7546=DIRECTION('center_axis',(-1.,0.,0.));
#7547=DIRECTION('ref_axis',(0.,1.,0.));
#7548=DIRECTION('',(0.,-1.,0.));
#7549=DIRECTION('',(0.,0.,-1.));
#7550=DIRECTION('',(0.,1.,0.));
#7551=DIRECTION('',(0.,0.,-1.));
#7552=DIRECTION('center_axis',(-1.06752213906265E-16,-1.,0.));
#7553=DIRECTION('ref_axis',(-1.,1.06752213906265E-16,0.));
#7554=DIRECTION('',(-1.,1.06752213906265E-16,0.));
#7555=DIRECTION('',(-1.,1.06752213906265E-16,0.));
#7556=DIRECTION('',(0.,0.,-1.));
#7557=DIRECTION('center_axis',(1.,-8.67361737988404E-17,0.));
#7558=DIRECTION('ref_axis',(-8.67361737988404E-17,-1.,0.));
#7559=DIRECTION('',(-8.67361737988404E-17,-1.,0.));
#7560=DIRECTION('',(-8.67361737988404E-17,-1.,0.));
#7561=DIRECTION('',(0.,0.,-1.));
#7562=DIRECTION('center_axis',(-1.06752213906265E-16,1.,0.));
#7563=DIRECTION('ref_axis',(1.,1.06752213906265E-16,0.));
#7564=DIRECTION('',(1.,1.06752213906265E-16,0.));
#7565=DIRECTION('',(1.,1.06752213906265E-16,0.));
#7566=DIRECTION('center_axis',(0.,0.,-1.));
#7567=DIRECTION('ref_axis',(-1.,0.,0.));
#7568=DIRECTION('center_axis',(0.,0.,-1.));
#7569=DIRECTION('ref_axis',(1.,0.,0.));
#7570=DIRECTION('center_axis',(0.,1.,0.));
#7571=DIRECTION('ref_axis',(1.,0.,0.));
#7572=DIRECTION('',(-1.,0.,0.));
#7573=DIRECTION('',(0.,0.,-1.));
#7574=DIRECTION('',(1.,0.,0.));
#7575=DIRECTION('',(0.,0.,-1.));
#7576=DIRECTION('center_axis',(-1.,0.,0.));
#7577=DIRECTION('ref_axis',(0.,1.,0.));
#7578=DIRECTION('',(0.,-1.,0.));
#7579=DIRECTION('',(0.,1.,0.));
#7580=DIRECTION('',(0.,0.,-1.));
#7581=DIRECTION('center_axis',(5.03726337602505E-16,-1.,0.));
#7582=DIRECTION('ref_axis',(-1.,-5.03726337602505E-16,0.));
#7583=DIRECTION('',(-1.,-5.03726337602505E-16,0.));
#7584=DIRECTION('',(-1.,-5.03726337602505E-16,0.));
#7585=DIRECTION('',(0.,0.,-1.));
#7586=DIRECTION('center_axis',(0.707106781186547,-0.707106781186548,0.));
#7587=DIRECTION('ref_axis',(-0.707106781186548,-0.707106781186547,0.));
#7588=DIRECTION('',(-0.707106781186548,-0.707106781186547,0.));
#7589=DIRECTION('',(-0.707106781186548,-0.707106781186547,0.));
#7590=DIRECTION('',(0.,0.,-1.));
#7591=DIRECTION('center_axis',(1.,0.,0.));
#7592=DIRECTION('ref_axis',(0.,-1.,0.));
#7593=DIRECTION('',(0.,-1.,0.));
#7594=DIRECTION('',(0.,-1.,0.));
#7595=DIRECTION('center_axis',(0.,0.,-1.));
#7596=DIRECTION('ref_axis',(-1.,0.,0.));
#7597=DIRECTION('center_axis',(0.,0.,-1.));
#7598=DIRECTION('ref_axis',(1.,0.,0.));
#7599=DIRECTION('center_axis',(0.,-1.,0.));
#7600=DIRECTION('ref_axis',(-1.,0.,0.));
#7601=DIRECTION('',(1.,0.,0.));
#7602=DIRECTION('',(0.,0.,-1.));
#7603=DIRECTION('',(-1.,0.,0.));
#7604=DIRECTION('',(0.,0.,-1.));
#7605=DIRECTION('center_axis',(1.,1.46081976924363E-16,0.));
#7606=DIRECTION('ref_axis',(1.46081976924363E-16,-1.,0.));
#7607=DIRECTION('',(1.46081976924363E-16,-1.,0.));
#7608=DIRECTION('',(1.46081976924363E-16,-1.,0.));
#7609=DIRECTION('',(0.,0.,-1.));
#7610=DIRECTION('center_axis',(-1.92153985031277E-15,1.,0.));
#7611=DIRECTION('ref_axis',(1.,1.92153985031277E-15,0.));
#7612=DIRECTION('',(1.,1.92153985031277E-15,0.));
#7613=DIRECTION('',(1.,1.92153985031277E-15,0.));
#7614=DIRECTION('',(0.,0.,-1.));
#7615=DIRECTION('center_axis',(-1.,0.,0.));
#7616=DIRECTION('ref_axis',(0.,1.,0.));
#7617=DIRECTION('',(0.,-1.,0.));
#7618=DIRECTION('',(0.,1.,0.));
#7619=DIRECTION('center_axis',(0.,0.,-1.));
#7620=DIRECTION('ref_axis',(-1.,0.,0.));
#7621=DIRECTION('center_axis',(0.,0.,-1.));
#7622=DIRECTION('ref_axis',(1.,0.,0.));
#7623=DIRECTION('',(0.,0.,1.));
#7624=DIRECTION('',(1.,0.,0.));
#7625=DIRECTION('',(0.,0.,1.));
#7626=DIRECTION('',(1.,0.,0.));
#7627=CARTESIAN_POINT('',(0.,0.,0.));
#7628=CARTESIAN_POINT('',(0.,0.,0.));
#7629=CARTESIAN_POINT('Origin',(0.,2.77555756156289E-16,0.3));
#7630=CARTESIAN_POINT('',(0.0999999999999997,0.66,0.3));
#7631=CARTESIAN_POINT('',(0.0999999999999997,0.5,0.3));
#7632=CARTESIAN_POINT('',(0.0999999999999997,0.25,0.3));
#7633=CARTESIAN_POINT('',(-0.1,0.66,0.3));
#7634=CARTESIAN_POINT('',(0.0499999999999996,0.66,0.3));
#7635=CARTESIAN_POINT('',(-0.1,0.5,0.3));
#7636=CARTESIAN_POINT('',(-0.1,0.33,0.3));
#7637=CARTESIAN_POINT('',(-0.0500000000000002,0.5,0.3));
#7638=CARTESIAN_POINT('Origin',(0.,2.77555756156289E-16,0.3));
#7639=CARTESIAN_POINT('',(0.109999999999999,0.500000000000001,0.3));
#7640=CARTESIAN_POINT('',(0.11,0.66,0.3));
#7641=CARTESIAN_POINT('',(0.109999999999999,0.33,0.3));
#7642=CARTESIAN_POINT('',(0.31,0.500000000000001,0.3));
#7643=CARTESIAN_POINT('',(0.0549999999999997,0.500000000000001,0.3));
#7644=CARTESIAN_POINT('',(0.31,0.660000000000001,0.3));
#7645=CARTESIAN_POINT('',(0.31,0.250000000000001,0.3));
#7646=CARTESIAN_POINT('',(0.154999999999999,0.660000000000001,0.3));
#7647=CARTESIAN_POINT('Origin',(0.,2.77555756156289E-16,0.3));
#7648=CARTESIAN_POINT('',(-0.31,0.67,0.3));
#7649=CARTESIAN_POINT('',(-0.31,0.83,0.3));
#7650=CARTESIAN_POINT('',(-0.31,0.415,0.3));
#7651=CARTESIAN_POINT('',(-0.11,0.67,0.3));
#7652=CARTESIAN_POINT('',(-0.155,0.67,0.3));
#7653=CARTESIAN_POINT('',(-0.11,0.83,0.3));
#7654=CARTESIAN_POINT('',(-0.110000000000001,0.335,0.3));
#7655=CARTESIAN_POINT('',(-0.0550000000000002,0.83,0.3));
#7656=CARTESIAN_POINT('Origin',(0.,2.77555756156289E-16,0.3));
#7657=CARTESIAN_POINT('',(0.0999999999999995,0.83,0.3));
#7658=CARTESIAN_POINT('',(0.0999999999999996,0.67,0.3));
#7659=CARTESIAN_POINT('',(0.0999999999999997,0.335,0.3));
#7660=CARTESIAN_POINT('',(-0.100000000000001,0.83,0.3));
#7661=CARTESIAN_POINT('',(0.0500000000000001,0.83,0.3));
#7662=CARTESIAN_POINT('',(-0.1,0.67,0.3));
#7663=CARTESIAN_POINT('',(-0.1,0.415,0.3));
#7664=CARTESIAN_POINT('',(-0.0500000000000004,0.67,0.3));
#7665=CARTESIAN_POINT('Origin',(0.,2.77555756156289E-16,0.3));
#7666=CARTESIAN_POINT('',(0.11,0.67,0.3));
#7667=CARTESIAN_POINT('',(0.11,0.83,0.3));
#7668=CARTESIAN_POINT('',(0.109999999999999,0.415,0.3));
#7669=CARTESIAN_POINT('',(0.31,0.67,0.3));
#7670=CARTESIAN_POINT('',(0.0549999999999998,0.67,0.3));
#7671=CARTESIAN_POINT('',(0.31,0.83,0.3));
#7672=CARTESIAN_POINT('',(0.31,0.335,0.3));
#7673=CARTESIAN_POINT('',(0.155,0.83,0.3));
#7674=CARTESIAN_POINT('Origin',(0.,2.77555756156289E-16,0.3));
#7675=CARTESIAN_POINT('',(-0.310000000000001,0.499999999999999,0.3));
#7676=CARTESIAN_POINT('',(-0.310000000000001,0.66,0.3));
#7677=CARTESIAN_POINT('',(-0.310000000000001,0.33,0.3));
#7678=CARTESIAN_POINT('',(-0.110000000000001,0.499999999999999,0.3));
#7679=CARTESIAN_POINT('',(-0.155,0.499999999999999,0.3));
#7680=CARTESIAN_POINT('',(-0.110000000000001,0.66,0.3));
#7681=CARTESIAN_POINT('',(-0.110000000000001,0.25,0.3));
#7682=CARTESIAN_POINT('',(-0.055,0.659999999999999,0.3));
#7683=CARTESIAN_POINT('Origin',(0.0999999999999997,0.66,0.35));
#7684=CARTESIAN_POINT('',(0.0999999999999997,0.66,0.25));
#7685=CARTESIAN_POINT('',(0.0999999999999997,0.66,0.35));
#7686=CARTESIAN_POINT('',(-0.1,0.66,0.25));
#7687=CARTESIAN_POINT('',(-0.1,0.66,0.25));
#7688=CARTESIAN_POINT('',(-0.1,0.66,0.35));
#7689=CARTESIAN_POINT('Origin',(0.0999999999999997,0.5,0.35));
#7690=CARTESIAN_POINT('',(0.0999999999999997,0.5,0.25));
#7691=CARTESIAN_POINT('',(0.0999999999999997,0.5,0.35));
#7692=CARTESIAN_POINT('',(0.0999999999999997,0.66,0.25));
#7693=CARTESIAN_POINT('Origin',(0.11,0.500000000000001,0.35));
#7694=CARTESIAN_POINT('',(0.109999999999999,0.500000000000001,0.25));
#7695=CARTESIAN_POINT('',(0.109999999999999,0.500000000000001,0.35));
#7696=CARTESIAN_POINT('',(0.309999999999999,0.500000000000001,0.25));
#7697=CARTESIAN_POINT('',(0.31,0.500000000000001,0.25));
#7698=CARTESIAN_POINT('',(0.31,0.500000000000001,0.35));
#7699=CARTESIAN_POINT('Origin',(0.11,0.66,0.35));
#7700=CARTESIAN_POINT('',(0.109999999999999,0.66,0.25));
#7701=CARTESIAN_POINT('',(0.11,0.66,0.35));
#7702=CARTESIAN_POINT('',(0.109999999999999,0.500000000000001,0.25));
#7703=CARTESIAN_POINT('Origin',(-0.310000000000001,0.67,0.35));
#7704=CARTESIAN_POINT('',(-0.310000000000001,0.67,0.25));
#7705=CARTESIAN_POINT('',(-0.31,0.67,0.35));
#7706=CARTESIAN_POINT('',(-0.110000000000001,0.67,0.25));
#7707=CARTESIAN_POINT('',(-0.110000000000001,0.67,0.25));
#7708=CARTESIAN_POINT('',(-0.110000000000001,0.67,0.35));
#7709=CARTESIAN_POINT('Origin',(-0.31,0.83,0.35));
#7710=CARTESIAN_POINT('',(-0.310000000000001,0.83,0.25));
#7711=CARTESIAN_POINT('',(-0.31,0.83,0.35));
#7712=CARTESIAN_POINT('',(-0.31,0.67,0.25));
#7713=CARTESIAN_POINT('Origin',(0.0999999999999995,0.83,0.35));
#7714=CARTESIAN_POINT('',(0.0999999999999995,0.83,0.25));
#7715=CARTESIAN_POINT('',(0.0999999999999995,0.83,0.35));
#7716=CARTESIAN_POINT('',(-0.100000000000001,0.83,0.25));
#7717=CARTESIAN_POINT('',(-0.100000000000001,0.83,0.25));
#7718=CARTESIAN_POINT('',(-0.100000000000001,0.83,0.35));
#7719=CARTESIAN_POINT('Origin',(0.0999999999999996,0.67,0.35));
#7720=CARTESIAN_POINT('',(0.0999999999999996,0.67,0.25));
#7721=CARTESIAN_POINT('',(0.0999999999999996,0.67,0.35));
#7722=CARTESIAN_POINT('',(0.0999999999999995,0.83,0.25));
#7723=CARTESIAN_POINT('Origin',(0.11,0.67,0.35));
#7724=CARTESIAN_POINT('',(0.109999999999999,0.67,0.25));
#7725=CARTESIAN_POINT('',(0.11,0.67,0.35));
#7726=CARTESIAN_POINT('',(0.31,0.67,0.25));
#7727=CARTESIAN_POINT('',(0.31,0.67,0.25));
#7728=CARTESIAN_POINT('',(0.31,0.67,0.35));
#7729=CARTESIAN_POINT('Origin',(0.11,0.83,0.35));
#7730=CARTESIAN_POINT('',(0.11,0.83,0.25));
#7731=CARTESIAN_POINT('',(0.11,0.83,0.35));
#7732=CARTESIAN_POINT('',(0.11,0.67,0.25));
#7733=CARTESIAN_POINT('Origin',(-0.310000000000001,0.499999999999999,0.35));
#7734=CARTESIAN_POINT('',(-0.310000000000001,0.499999999999999,0.25));
#7735=CARTESIAN_POINT('',(-0.310000000000001,0.499999999999999,0.35));
#7736=CARTESIAN_POINT('',(-0.110000000000001,0.499999999999999,0.25));
#7737=CARTESIAN_POINT('',(-0.110000000000001,0.499999999999999,0.25));
#7738=CARTESIAN_POINT('',(-0.110000000000001,0.499999999999999,0.35));
#7739=CARTESIAN_POINT('Origin',(-0.310000000000001,0.66,0.35));
#7740=CARTESIAN_POINT('',(-0.310000000000001,0.66,0.25));
#7741=CARTESIAN_POINT('',(-0.310000000000001,0.66,0.35));
#7742=CARTESIAN_POINT('',(-0.310000000000001,0.499999999999999,0.25));
#7743=CARTESIAN_POINT('Origin',(0.0750000000000006,-0.81,0.3));
#7744=CARTESIAN_POINT('',(0.0250000000000006,-0.89,0.3));
#7745=CARTESIAN_POINT('',(0.0250000000000005,-0.73,0.3));
#7746=CARTESIAN_POINT('',(0.0250000000000005,-0.77,0.3));
#7747=CARTESIAN_POINT('',(0.125000000000001,-0.89,0.3));
#7748=CARTESIAN_POINT('',(0.0500000000000006,-0.89,0.3));
#7749=CARTESIAN_POINT('',(0.125000000000001,-0.73,0.3));
#7750=CARTESIAN_POINT('',(0.125000000000001,-0.85,0.3));
#7751=CARTESIAN_POINT('',(-0.5,-0.73,0.3));
#7752=CARTESIAN_POINT('Origin',(-0.374999999999999,-0.81,0.3));
#7753=CARTESIAN_POINT('',(-0.424999999999999,-0.89,0.3));
#7754=CARTESIAN_POINT('',(-0.424999999999999,-0.73,0.3));
#7755=CARTESIAN_POINT('',(-0.424999999999999,-0.77,0.3));
#7756=CARTESIAN_POINT('',(-0.324999999999999,-0.89,0.3));
#7757=CARTESIAN_POINT('',(-0.399999999999999,-0.89,0.3));
#7758=CARTESIAN_POINT('',(-0.324999999999999,-0.73,0.3));
#7759=CARTESIAN_POINT('',(-0.324999999999999,-0.85,0.3));
#7760=CARTESIAN_POINT('',(-0.5,-0.73,0.3));
#7761=CARTESIAN_POINT('Origin',(0.225000000000001,-0.81,0.3));
#7762=CARTESIAN_POINT('',(0.175000000000001,-0.89,0.3));
#7763=CARTESIAN_POINT('',(0.175,-0.73,0.3));
#7764=CARTESIAN_POINT('',(0.175000000000001,-0.77,0.3));
#7765=CARTESIAN_POINT('',(0.275000000000001,-0.89,0.3));
#7766=CARTESIAN_POINT('',(0.200000000000001,-0.89,0.3));
#7767=CARTESIAN_POINT('',(0.275000000000001,-0.73,0.3));
#7768=CARTESIAN_POINT('',(0.275000000000001,-0.85,0.3));
#7769=CARTESIAN_POINT('',(-0.5,-0.73,0.3));
#7770=CARTESIAN_POINT('Origin',(-0.0749999999999994,-0.81,0.3));
#7771=CARTESIAN_POINT('',(-0.124999999999999,-0.89,0.3));
#7772=CARTESIAN_POINT('',(-0.124999999999999,-0.73,0.3));
#7773=CARTESIAN_POINT('',(-0.124999999999999,-0.77,0.3));
#7774=CARTESIAN_POINT('',(-0.0249999999999994,-0.89,0.3));
#7775=CARTESIAN_POINT('',(-0.0999999999999994,-0.89,0.3));
#7776=CARTESIAN_POINT('',(-0.0249999999999995,-0.73,0.3));
#7777=CARTESIAN_POINT('',(-0.0249999999999995,-0.85,0.3));
#7778=CARTESIAN_POINT('',(-0.5,-0.73,0.3));
#7779=CARTESIAN_POINT('Origin',(-0.224999999999999,-0.81,0.3));
#7780=CARTESIAN_POINT('',(-0.274999999999999,-0.89,0.3));
#7781=CARTESIAN_POINT('',(-0.274999999999999,-0.73,0.3));
#7782=CARTESIAN_POINT('',(-0.274999999999999,-0.77,0.3));
#7783=CARTESIAN_POINT('',(-0.174999999999999,-0.89,0.3));
#7784=CARTESIAN_POINT('',(-0.249999999999999,-0.89,0.3));
#7785=CARTESIAN_POINT('',(-0.174999999999999,-0.73,0.3));
#7786=CARTESIAN_POINT('',(-0.174999999999999,-0.85,0.3));
#7787=CARTESIAN_POINT('',(-0.5,-0.73,0.3));
#7788=CARTESIAN_POINT('Origin',(0.375000000000001,-0.81,0.3));
#7789=CARTESIAN_POINT('',(0.325000000000001,-0.89,0.3));
#7790=CARTESIAN_POINT('',(0.325000000000001,-0.73,0.3));
#7791=CARTESIAN_POINT('',(0.325000000000001,-0.77,0.3));
#7792=CARTESIAN_POINT('',(0.425,-0.89,0.3));
#7793=CARTESIAN_POINT('',(0.350000000000001,-0.89,0.3));
#7794=CARTESIAN_POINT('',(0.425,-0.73,0.3));
#7795=CARTESIAN_POINT('',(0.425,-0.85,0.3));
#7796=CARTESIAN_POINT('',(-0.5,-0.73,0.3));
#7797=CARTESIAN_POINT('Origin',(0.125000000000001,-0.89,0.35));
#7798=CARTESIAN_POINT('',(0.125000000000001,-0.89,0.25));
#7799=CARTESIAN_POINT('',(0.125000000000001,-0.89,0.35));
#7800=CARTESIAN_POINT('',(0.125000000000001,-0.73,0.25));
#7801=CARTESIAN_POINT('',(0.125000000000001,-0.89,0.25));
#7802=CARTESIAN_POINT('',(0.125000000000001,-0.73,0.35));
#7803=CARTESIAN_POINT('Origin',(0.0250000000000006,-0.89,0.35));
#7804=CARTESIAN_POINT('',(0.0250000000000006,-0.89,0.25));
#7805=CARTESIAN_POINT('',(0.0250000000000006,-0.89,0.35));
#7806=CARTESIAN_POINT('',(0.0250000000000006,-0.89,0.25));
#7807=CARTESIAN_POINT('Origin',(0.0250000000000005,-0.73,0.35));
#7808=CARTESIAN_POINT('',(0.0250000000000005,-0.73,0.25));
#7809=CARTESIAN_POINT('',(0.0250000000000005,-0.73,0.35));
#7810=CARTESIAN_POINT('',(0.0250000000000005,-0.73,0.25));
#7811=CARTESIAN_POINT('Origin',(-0.324999999999999,-0.89,0.35));
#7812=CARTESIAN_POINT('',(-0.324999999999999,-0.89,0.25));
#7813=CARTESIAN_POINT('',(-0.324999999999999,-0.89,0.35));
#7814=CARTESIAN_POINT('',(-0.324999999999999,-0.73,0.25));
#7815=CARTESIAN_POINT('',(-0.324999999999999,-0.89,0.25));
#7816=CARTESIAN_POINT('',(-0.324999999999999,-0.73,0.35));
#7817=CARTESIAN_POINT('Origin',(-0.424999999999999,-0.89,0.35));
#7818=CARTESIAN_POINT('',(-0.424999999999999,-0.89,0.25));
#7819=CARTESIAN_POINT('',(-0.424999999999999,-0.89,0.35));
#7820=CARTESIAN_POINT('',(-0.424999999999999,-0.89,0.25));
#7821=CARTESIAN_POINT('Origin',(-0.424999999999999,-0.73,0.35));
#7822=CARTESIAN_POINT('',(-0.424999999999999,-0.73,0.25));
#7823=CARTESIAN_POINT('',(-0.424999999999999,-0.73,0.35));
#7824=CARTESIAN_POINT('',(-0.424999999999999,-0.73,0.25));
#7825=CARTESIAN_POINT('Origin',(0.275000000000001,-0.89,0.35));
#7826=CARTESIAN_POINT('',(0.275000000000001,-0.89,0.25));
#7827=CARTESIAN_POINT('',(0.275000000000001,-0.89,0.35));
#7828=CARTESIAN_POINT('',(0.275000000000001,-0.73,0.25));
#7829=CARTESIAN_POINT('',(0.275000000000001,-0.89,0.25));
#7830=CARTESIAN_POINT('',(0.275000000000001,-0.73,0.35));
#7831=CARTESIAN_POINT('Origin',(0.175000000000001,-0.89,0.35));
#7832=CARTESIAN_POINT('',(0.175,-0.89,0.25));
#7833=CARTESIAN_POINT('',(0.175000000000001,-0.89,0.35));
#7834=CARTESIAN_POINT('',(0.175000000000001,-0.89,0.25));
#7835=CARTESIAN_POINT('Origin',(0.175000000000001,-0.73,0.35));
#7836=CARTESIAN_POINT('',(0.175,-0.73,0.25));
#7837=CARTESIAN_POINT('',(0.175000000000001,-0.73,0.35));
#7838=CARTESIAN_POINT('',(0.175000000000001,-0.73,0.25));
#7839=CARTESIAN_POINT('Origin',(-0.0249999999999995,-0.89,0.35));
#7840=CARTESIAN_POINT('',(-0.0249999999999995,-0.89,0.25));
#7841=CARTESIAN_POINT('',(-0.0249999999999995,-0.89,0.35));
#7842=CARTESIAN_POINT('',(-0.0249999999999995,-0.73,0.25));
#7843=CARTESIAN_POINT('',(-0.0249999999999995,-0.89,0.25));
#7844=CARTESIAN_POINT('',(-0.0249999999999994,-0.73,0.35));
#7845=CARTESIAN_POINT('Origin',(-0.124999999999999,-0.89,0.35));
#7846=CARTESIAN_POINT('',(-0.124999999999999,-0.89,0.25));
#7847=CARTESIAN_POINT('',(-0.124999999999999,-0.89,0.35));
#7848=CARTESIAN_POINT('',(-0.124999999999999,-0.89,0.25));
#7849=CARTESIAN_POINT('Origin',(-0.124999999999999,-0.73,0.35));
#7850=CARTESIAN_POINT('',(-0.124999999999999,-0.73,0.25));
#7851=CARTESIAN_POINT('',(-0.124999999999999,-0.73,0.35));
#7852=CARTESIAN_POINT('',(-0.124999999999999,-0.73,0.25));
#7853=CARTESIAN_POINT('Origin',(-0.174999999999999,-0.89,0.35));
#7854=CARTESIAN_POINT('',(-0.174999999999999,-0.89,0.25));
#7855=CARTESIAN_POINT('',(-0.174999999999999,-0.89,0.35));
#7856=CARTESIAN_POINT('',(-0.174999999999999,-0.73,0.25));
#7857=CARTESIAN_POINT('',(-0.174999999999999,-0.89,0.25));
#7858=CARTESIAN_POINT('',(-0.174999999999999,-0.73,0.35));
#7859=CARTESIAN_POINT('Origin',(-0.274999999999999,-0.89,0.35));
#7860=CARTESIAN_POINT('',(-0.274999999999999,-0.89,0.25));
#7861=CARTESIAN_POINT('',(-0.274999999999999,-0.89,0.35));
#7862=CARTESIAN_POINT('',(-0.274999999999999,-0.89,0.25));
#7863=CARTESIAN_POINT('Origin',(-0.274999999999999,-0.73,0.35));
#7864=CARTESIAN_POINT('',(-0.274999999999999,-0.73,0.25));
#7865=CARTESIAN_POINT('',(-0.274999999999999,-0.73,0.35));
#7866=CARTESIAN_POINT('',(-0.274999999999999,-0.73,0.25));
#7867=CARTESIAN_POINT('Origin',(0.425,-0.89,0.35));
#7868=CARTESIAN_POINT('',(0.425,-0.89,0.25));
#7869=CARTESIAN_POINT('',(0.425,-0.89,0.35));
#7870=CARTESIAN_POINT('',(0.425,-0.73,0.25));
#7871=CARTESIAN_POINT('',(0.425,-0.89,0.25));
#7872=CARTESIAN_POINT('',(0.425,-0.73,0.35));
#7873=CARTESIAN_POINT('Origin',(0.325000000000001,-0.89,0.35));
#7874=CARTESIAN_POINT('',(0.325000000000001,-0.89,0.25));
#7875=CARTESIAN_POINT('',(0.325000000000001,-0.89,0.35));
#7876=CARTESIAN_POINT('',(0.325000000000001,-0.89,0.25));
#7877=CARTESIAN_POINT('Origin',(0.325000000000001,-0.73,0.35));
#7878=CARTESIAN_POINT('',(0.325000000000001,-0.73,0.25));
#7879=CARTESIAN_POINT('',(0.325000000000001,-0.73,0.35));
#7880=CARTESIAN_POINT('',(0.325000000000001,-0.73,0.25));
#7881=CARTESIAN_POINT('Origin',(-0.1,0.67,0.35));
#7882=CARTESIAN_POINT('',(-0.1,0.67,0.25));
#7883=CARTESIAN_POINT('',(-0.1,0.67,0.35));
#7884=CARTESIAN_POINT('',(0.0999999999999996,0.67,0.25));
#7885=CARTESIAN_POINT('Origin',(-0.100000000000001,0.83,0.35));
#7886=CARTESIAN_POINT('',(-0.1,0.67,0.25));
#7887=CARTESIAN_POINT('Origin',(-0.110000000000001,0.66,0.35));
#7888=CARTESIAN_POINT('',(-0.110000000000001,0.66,0.25));
#7889=CARTESIAN_POINT('',(-0.110000000000001,0.66,0.35));
#7890=CARTESIAN_POINT('',(-0.310000000000001,0.66,0.25));
#7891=CARTESIAN_POINT('Origin',(-0.110000000000001,0.499999999999999,0.35));
#7892=CARTESIAN_POINT('',(-0.110000000000001,0.66,0.25));
#7893=CARTESIAN_POINT('Origin',(0.31,0.660000000000001,0.35));
#7894=CARTESIAN_POINT('',(0.309999999999999,0.660000000000001,0.25));
#7895=CARTESIAN_POINT('',(0.31,0.660000000000001,0.35));
#7896=CARTESIAN_POINT('',(0.11,0.66,0.25));
#7897=CARTESIAN_POINT('Origin',(0.31,0.500000000000001,0.35));
#7898=CARTESIAN_POINT('',(0.31,0.660000000000001,0.25));
#7899=CARTESIAN_POINT('Origin',(-0.1,0.5,0.35));
#7900=CARTESIAN_POINT('',(-0.1,0.5,0.25));
#7901=CARTESIAN_POINT('',(-0.1,0.5,0.35));
#7902=CARTESIAN_POINT('',(0.0999999999999997,0.5,0.25));
#7903=CARTESIAN_POINT('Origin',(-0.1,0.66,0.35));
#7904=CARTESIAN_POINT('',(-0.1,0.5,0.25));
#7905=CARTESIAN_POINT('Origin',(0.31,0.83,0.35));
#7906=CARTESIAN_POINT('',(0.31,0.83,0.25));
#7907=CARTESIAN_POINT('',(0.31,0.83,0.35));
#7908=CARTESIAN_POINT('',(0.11,0.83,0.25));
#7909=CARTESIAN_POINT('Origin',(0.31,0.67,0.35));
#7910=CARTESIAN_POINT('',(0.31,0.83,0.25));
#7911=CARTESIAN_POINT('Origin',(-0.11,0.83,0.35));
#7912=CARTESIAN_POINT('',(-0.110000000000001,0.83,0.25));
#7913=CARTESIAN_POINT('',(-0.110000000000001,0.83,0.35));
#7914=CARTESIAN_POINT('',(-0.31,0.83,0.25));
#7915=CARTESIAN_POINT('Origin',(-0.110000000000001,0.67,0.35));
#7916=CARTESIAN_POINT('',(-0.110000000000001,0.83,0.25));
#7917=CARTESIAN_POINT('Origin',(-0.4,-0.69,0.35));
#7918=CARTESIAN_POINT('',(-0.4,-0.69,0.35));
#7919=CARTESIAN_POINT('',(-0.4,0.91,0.35));
#7920=CARTESIAN_POINT('',(-0.4,-0.345,0.35));
#7921=CARTESIAN_POINT('',(-0.4,-0.69,0.25));
#7922=CARTESIAN_POINT('',(-0.4,-0.69,0.35));
#7923=CARTESIAN_POINT('',(-0.4,0.91,0.25));
#7924=CARTESIAN_POINT('',(-0.4,-0.69,0.25));
#7925=CARTESIAN_POINT('',(-0.4,0.91,0.35));
#7926=CARTESIAN_POINT('Origin',(0.4,-0.69,0.35));
#7927=CARTESIAN_POINT('',(0.4,-0.69,0.35));
#7928=CARTESIAN_POINT('',(0.2,-0.69,0.35));
#7929=CARTESIAN_POINT('',(0.4,-0.69,0.25));
#7930=CARTESIAN_POINT('',(0.4,-0.69,0.35));
#7931=CARTESIAN_POINT('',(0.4,-0.69,0.25));
#7932=CARTESIAN_POINT('Origin',(0.4,0.91,0.35));
#7933=CARTESIAN_POINT('',(0.4,0.91,0.35));
#7934=CARTESIAN_POINT('',(0.4,0.455,0.35));
#7935=CARTESIAN_POINT('',(0.4,0.91,0.25));
#7936=CARTESIAN_POINT('',(0.4,0.91,0.35));
#7937=CARTESIAN_POINT('',(0.4,0.91,0.25));
#7938=CARTESIAN_POINT('Origin',(-0.4,0.91,0.35));
#7939=CARTESIAN_POINT('',(-0.2,0.91,0.35));
#7940=CARTESIAN_POINT('',(-0.4,0.91,0.25));
#7941=CARTESIAN_POINT('Origin',(-6.93889390390723E-17,0.11,0.25));
#7942=CARTESIAN_POINT('Origin',(0.5,-0.93,0.35));
#7943=CARTESIAN_POINT('',(0.5,-0.93,0.35));
#7944=CARTESIAN_POINT('',(-0.5,-0.93,0.35));
#7945=CARTESIAN_POINT('',(0.25,-0.93,0.35));
#7946=CARTESIAN_POINT('',(0.5,-0.93,0.25));
#7947=CARTESIAN_POINT('',(0.5,-0.93,0.175));
#7948=CARTESIAN_POINT('',(-0.5,-0.93,0.25));
#7949=CARTESIAN_POINT('',(-0.5,-0.93,0.25));
#7950=CARTESIAN_POINT('',(-0.5,-0.93,0.175));
#7951=CARTESIAN_POINT('Origin',(0.425,-0.73,0.35));
#7952=CARTESIAN_POINT('',(-0.5,-0.73,0.35));
#7953=CARTESIAN_POINT('',(0.5,-0.73,0.35));
#7954=CARTESIAN_POINT('',(0.2125,-0.73,0.35));
#7955=CARTESIAN_POINT('',(-0.5,-0.73,0.25));
#7956=CARTESIAN_POINT('',(-0.5,-0.73,0.175));
#7957=CARTESIAN_POINT('',(-0.5,-0.73,0.25));
#7958=CARTESIAN_POINT('',(-0.5,-0.73,0.25));
#7959=CARTESIAN_POINT('',(-0.5,-0.73,0.25));
#7960=CARTESIAN_POINT('',(-0.5,-0.73,0.25));
#7961=CARTESIAN_POINT('',(-0.5,-0.73,0.25));
#7962=CARTESIAN_POINT('',(-0.5,-0.73,0.25));
#7963=CARTESIAN_POINT('',(0.5,-0.73,0.25));
#7964=CARTESIAN_POINT('',(-0.5,-0.73,0.25));
#7965=CARTESIAN_POINT('',(0.5,-0.73,0.175));
#7966=CARTESIAN_POINT('Origin',(-6.93889390390723E-17,-0.83,0.25));
#7967=CARTESIAN_POINT('',(-0.5,0.0849999999999999,0.25));
#7968=CARTESIAN_POINT('',(0.5,-0.915,0.25));
#7969=CARTESIAN_POINT('Origin',(0.5,-1.,0.));
#7970=CARTESIAN_POINT('',(0.5,-1.,0.35));
#7971=CARTESIAN_POINT('',(0.5,1.,0.35));
#7972=CARTESIAN_POINT('',(0.5,-1.,0.025));
#7973=CARTESIAN_POINT('',(0.5,-1.,0.));
#7974=CARTESIAN_POINT('',(0.5,-0.525000000000001,0.025));
#7975=CARTESIAN_POINT('',(0.5,-0.88125,0.025));
#7976=CARTESIAN_POINT('',(0.5,-0.525000000000001,0.));
#7977=CARTESIAN_POINT('',(0.5,-0.525000000000001,0.));
#7978=CARTESIAN_POINT('',(0.5,-0.2,0.));
#7979=CARTESIAN_POINT('',(0.5,1.,0.));
#7980=CARTESIAN_POINT('',(0.5,-0.2,0.025));
#7981=CARTESIAN_POINT('',(0.5,-0.2,0.));
#7982=CARTESIAN_POINT('',(0.5,0.2,0.025));
#7983=CARTESIAN_POINT('',(0.5,-0.5,0.025));
#7984=CARTESIAN_POINT('',(0.5,0.2,0.));
#7985=CARTESIAN_POINT('',(0.5,0.2,0.));
#7986=CARTESIAN_POINT('',(0.5,0.525,0.));
#7987=CARTESIAN_POINT('',(0.5,1.,0.));
#7988=CARTESIAN_POINT('',(0.5,0.525,0.025));
#7989=CARTESIAN_POINT('',(0.5,0.525,0.));
#7990=CARTESIAN_POINT('',(0.5,1.,0.025));
#7991=CARTESIAN_POINT('',(0.5,-0.11875,0.025));
#7992=CARTESIAN_POINT('',(0.5,1.,0.35));
#7993=CARTESIAN_POINT('',(0.5,1.,0.));
#7994=CARTESIAN_POINT('',(0.5,1.,0.35));
#7995=CARTESIAN_POINT('Origin',(0.,2.77555756156289E-16,0.35));
#7996=CARTESIAN_POINT('',(-0.5,-1.,0.35));
#7997=CARTESIAN_POINT('',(-0.5,-1.,0.35));
#7998=CARTESIAN_POINT('',(0.5,-1.,0.35));
#7999=CARTESIAN_POINT('Origin',(0.,2.77555756156289E-16,0.35));
#8000=CARTESIAN_POINT('',(-0.5,1.,0.35));
#8001=CARTESIAN_POINT('',(-0.5,1.,0.35));
#8002=CARTESIAN_POINT('',(-0.5,-1.,0.35));
#8003=CARTESIAN_POINT('Origin',(-0.175,0.2,0.));
#8004=CARTESIAN_POINT('',(-0.175,0.2,0.));
#8005=CARTESIAN_POINT('',(-0.5,0.2,0.));
#8006=CARTESIAN_POINT('',(-0.0874999999999999,0.2,0.));
#8007=CARTESIAN_POINT('',(-0.175,0.2,0.025));
#8008=CARTESIAN_POINT('',(-0.175,0.2,0.));
#8009=CARTESIAN_POINT('',(-0.5,0.2,0.025));
#8010=CARTESIAN_POINT('',(-0.5,0.2,0.025));
#8011=CARTESIAN_POINT('',(-0.5,0.2,0.));
#8012=CARTESIAN_POINT('Origin',(-0.175,-0.2,0.));
#8013=CARTESIAN_POINT('',(-0.175,-0.2,0.));
#8014=CARTESIAN_POINT('',(-0.175,-0.0999999999999997,0.));
#8015=CARTESIAN_POINT('',(-0.175,-0.2,0.025));
#8016=CARTESIAN_POINT('',(-0.175,-0.2,0.));
#8017=CARTESIAN_POINT('',(-0.175,0.2,0.025));
#8018=CARTESIAN_POINT('Origin',(-0.5,-0.2,0.));
#8019=CARTESIAN_POINT('',(-0.5,-0.2,0.));
#8020=CARTESIAN_POINT('',(-0.25,-0.2,0.));
#8021=CARTESIAN_POINT('',(-0.5,-0.2,0.025));
#8022=CARTESIAN_POINT('',(-0.5,-0.2,0.));
#8023=CARTESIAN_POINT('',(-0.175,-0.2,0.025));
#8024=CARTESIAN_POINT('Origin',(-0.3375,2.42861286636753E-16,0.025));
#8025=CARTESIAN_POINT('',(-0.5,0.5,0.025));
#8026=CARTESIAN_POINT('Origin',(0.175,0.525,0.));
#8027=CARTESIAN_POINT('',(0.175,0.525,0.));
#8028=CARTESIAN_POINT('',(0.0874999999999999,0.525,0.));
#8029=CARTESIAN_POINT('',(0.175,0.525,0.025));
#8030=CARTESIAN_POINT('',(0.175,0.525,0.));
#8031=CARTESIAN_POINT('',(0.175,0.525,0.025));
#8032=CARTESIAN_POINT('Origin',(0.175,1.,0.));
#8033=CARTESIAN_POINT('',(0.175,1.,0.));
#8034=CARTESIAN_POINT('',(0.175,0.5,0.));
#8035=CARTESIAN_POINT('',(0.175,1.,0.025));
#8036=CARTESIAN_POINT('',(0.175,1.,0.));
#8037=CARTESIAN_POINT('',(0.175,1.,0.025));
#8038=CARTESIAN_POINT('Origin',(0.3375,0.7625,0.025));
#8039=CARTESIAN_POINT('',(0.41875,1.,0.025));
#8040=CARTESIAN_POINT('Origin',(-0.175,-0.525,0.));
#8041=CARTESIAN_POINT('',(-0.175,-0.525,0.));
#8042=CARTESIAN_POINT('',(-0.5,-0.525000000000001,0.));
#8043=CARTESIAN_POINT('',(-0.0874999999999994,-0.525,0.));
#8044=CARTESIAN_POINT('',(-0.175,-0.525,0.025));
#8045=CARTESIAN_POINT('',(-0.175,-0.525,0.));
#8046=CARTESIAN_POINT('',(-0.5,-0.525000000000001,0.025));
#8047=CARTESIAN_POINT('',(-0.175,-0.525,0.025));
#8048=CARTESIAN_POINT('',(-0.5,-0.525000000000001,0.));
#8049=CARTESIAN_POINT('Origin',(-0.175,-1.,0.));
#8050=CARTESIAN_POINT('',(-0.175,-1.,0.));
#8051=CARTESIAN_POINT('',(-0.175,-0.5,0.));
#8052=CARTESIAN_POINT('',(-0.175,-1.,0.025));
#8053=CARTESIAN_POINT('',(-0.175,-1.,0.));
#8054=CARTESIAN_POINT('',(-0.175,-1.,0.025));
#8055=CARTESIAN_POINT('Origin',(-0.3375,-0.7625,0.025));
#8056=CARTESIAN_POINT('',(-0.5,-1.,0.025));
#8057=CARTESIAN_POINT('',(-0.41875,-1.,0.025));
#8058=CARTESIAN_POINT('',(-0.5,0.11875,0.025));
#8059=CARTESIAN_POINT('Origin',(0.175,-0.2,0.));
#8060=CARTESIAN_POINT('',(0.175,-0.2,0.));
#8061=CARTESIAN_POINT('',(0.0875,-0.2,0.));
#8062=CARTESIAN_POINT('',(0.175,-0.2,0.025));
#8063=CARTESIAN_POINT('',(0.175,-0.2,0.));
#8064=CARTESIAN_POINT('',(0.175,-0.2,0.025));
#8065=CARTESIAN_POINT('Origin',(0.175,0.2,0.));
#8066=CARTESIAN_POINT('',(0.175,0.2,0.));
#8067=CARTESIAN_POINT('',(0.175,0.1,0.));
#8068=CARTESIAN_POINT('',(0.175,0.2,0.025));
#8069=CARTESIAN_POINT('',(0.175,0.2,0.));
#8070=CARTESIAN_POINT('',(0.175,0.2,0.025));
#8071=CARTESIAN_POINT('Origin',(0.5,0.2,0.));
#8072=CARTESIAN_POINT('',(0.25,0.2,0.));
#8073=CARTESIAN_POINT('',(0.5,0.2,0.025));
#8074=CARTESIAN_POINT('Origin',(0.3375,2.77555756156289E-16,0.025));
#8075=CARTESIAN_POINT('Origin',(-0.175,0.574497474683058,0.));
#8076=CARTESIAN_POINT('',(-0.175,0.574497474683058,0.));
#8077=CARTESIAN_POINT('',(-0.175,1.,0.));
#8078=CARTESIAN_POINT('',(-0.175,0.287248737341529,0.));
#8079=CARTESIAN_POINT('',(-0.175,0.574497474683058,0.025));
#8080=CARTESIAN_POINT('',(-0.175,0.574497474683058,0.));
#8081=CARTESIAN_POINT('',(-0.175,1.,0.025));
#8082=CARTESIAN_POINT('',(-0.175,1.,0.025));
#8083=CARTESIAN_POINT('',(-0.175,1.,0.));
#8084=CARTESIAN_POINT('Origin',(-0.224497474683058,0.525,0.));
#8085=CARTESIAN_POINT('',(-0.224497474683058,0.525,0.));
#8086=CARTESIAN_POINT('',(-0.299623106012293,0.449874368670765,0.));
#8087=CARTESIAN_POINT('',(-0.224497474683058,0.525,0.025));
#8088=CARTESIAN_POINT('',(-0.224497474683058,0.525,0.));
#8089=CARTESIAN_POINT('',(-0.175,0.574497474683058,0.025));
#8090=CARTESIAN_POINT('Origin',(-0.5,0.525,0.));
#8091=CARTESIAN_POINT('',(-0.5,0.525,0.));
#8092=CARTESIAN_POINT('',(-0.25,0.525,0.));
#8093=CARTESIAN_POINT('',(-0.5,0.525,0.025));
#8094=CARTESIAN_POINT('',(-0.5,0.525,0.));
#8095=CARTESIAN_POINT('',(-0.224497474683058,0.525,0.025));
#8096=CARTESIAN_POINT('Origin',(-0.3375,0.7625,0.025));
#8097=CARTESIAN_POINT('',(-0.5,1.,0.025));
#8098=CARTESIAN_POINT('',(-0.5,0.88125,0.025));
#8099=CARTESIAN_POINT('',(0.0812500000000001,1.,0.025));
#8100=CARTESIAN_POINT('Origin',(0.175,-0.525,0.));
#8101=CARTESIAN_POINT('',(0.175,-0.525,0.));
#8102=CARTESIAN_POINT('',(0.175,-1.,0.));
#8103=CARTESIAN_POINT('',(0.175,-0.2625,0.));
#8104=CARTESIAN_POINT('',(0.175,-0.525,0.025));
#8105=CARTESIAN_POINT('',(0.175,-0.525,0.));
#8106=CARTESIAN_POINT('',(0.175,-1.,0.025));
#8107=CARTESIAN_POINT('',(0.175,-0.525,0.025));
#8108=CARTESIAN_POINT('',(0.175,-1.,0.));
#8109=CARTESIAN_POINT('Origin',(0.5,-0.525000000000001,0.));
#8110=CARTESIAN_POINT('',(0.25,-0.525,0.));
#8111=CARTESIAN_POINT('',(0.5,-0.525000000000001,0.025));
#8112=CARTESIAN_POINT('Origin',(0.3375,-0.7625,0.025));
#8113=CARTESIAN_POINT('',(-0.08125,-1.,0.025));
#8114=CARTESIAN_POINT('Origin',(0.5,1.,0.));
#8115=CARTESIAN_POINT('',(-0.5,1.,0.));
#8116=CARTESIAN_POINT('',(-0.5,1.,0.));
#8117=CARTESIAN_POINT('Origin',(-0.5,-1.,0.));
#8118=CARTESIAN_POINT('',(0.5,-1.,0.));
#8119=CARTESIAN_POINT('',(-0.5,-1.,0.));
#8120=CARTESIAN_POINT('Origin',(0.,2.77555756156289E-16,0.));
#8121=CARTESIAN_POINT('',(-0.5,-1.,0.));
#8122=CARTESIAN_POINT('',(-0.5,-1.,0.));
#8123=CARTESIAN_POINT('Origin',(-0.5,1.,0.));
#8124=CARTESIAN_POINT('Origin',(0.0599999999999998,-0.640000000000001,0.35));
#8125=CARTESIAN_POINT('',(0.0599999999999998,-0.640000000000001,0.35));
#8126=CARTESIAN_POINT('',(0.0599999999999998,-0.56,0.35));
#8127=CARTESIAN_POINT('',(0.0599999999999998,-0.265,0.35));
#8128=CARTESIAN_POINT('',(0.0599999999999998,-0.640000000000001,0.3));
#8129=CARTESIAN_POINT('',(0.0599999999999998,-0.640000000000001,0.35));
#8130=CARTESIAN_POINT('',(0.0599999999999998,-0.56,0.3));
#8131=CARTESIAN_POINT('',(0.0599999999999998,-0.640000000000001,0.3));
#8132=CARTESIAN_POINT('',(0.0599999999999998,-0.56,0.35));
#8133=CARTESIAN_POINT('Origin',(0.14,-0.640000000000001,0.35));
#8134=CARTESIAN_POINT('',(0.14,-0.640000000000001,0.35));
#8135=CARTESIAN_POINT('',(0.0699999999999999,-0.640000000000001,0.35));
#8136=CARTESIAN_POINT('',(0.14,-0.640000000000001,0.3));
#8137=CARTESIAN_POINT('',(0.14,-0.640000000000001,0.35));
#8138=CARTESIAN_POINT('',(0.14,-0.640000000000001,0.3));
#8139=CARTESIAN_POINT('Origin',(0.14,-0.56,0.35));
#8140=CARTESIAN_POINT('',(0.14,-0.56,0.35));
#8141=CARTESIAN_POINT('',(0.14,-0.225,0.35));
#8142=CARTESIAN_POINT('',(0.14,-0.56,0.3));
#8143=CARTESIAN_POINT('',(0.14,-0.56,0.35));
#8144=CARTESIAN_POINT('',(0.14,-0.56,0.3));
#8145=CARTESIAN_POINT('Origin',(0.0599999999999998,-0.56,0.35));
#8146=CARTESIAN_POINT('',(0.0299999999999999,-0.56,0.35));
#8147=CARTESIAN_POINT('',(0.0599999999999998,-0.56,0.3));
#8148=CARTESIAN_POINT('Origin',(0.0999999999999999,-0.6,0.3));
#8149=CARTESIAN_POINT('Origin',(-0.362,-0.64,0.35));
#8150=CARTESIAN_POINT('',(-0.362,-0.64,0.35));
#8151=CARTESIAN_POINT('',(-0.362,-0.56,0.35));
#8152=CARTESIAN_POINT('',(-0.362000000000001,-0.265000000000001,0.35));
#8153=CARTESIAN_POINT('',(-0.362,-0.64,0.3));
#8154=CARTESIAN_POINT('',(-0.362,-0.64,0.35));
#8155=CARTESIAN_POINT('',(-0.362,-0.56,0.3));
#8156=CARTESIAN_POINT('',(-0.362,-0.64,0.3));
#8157=CARTESIAN_POINT('',(-0.362,-0.56,0.35));
#8158=CARTESIAN_POINT('Origin',(-0.282,-0.64,0.35));
#8159=CARTESIAN_POINT('',(-0.282,-0.64,0.35));
#8160=CARTESIAN_POINT('',(-0.141,-0.64,0.35));
#8161=CARTESIAN_POINT('',(-0.282,-0.64,0.3));
#8162=CARTESIAN_POINT('',(-0.282,-0.64,0.35));
#8163=CARTESIAN_POINT('',(-0.282,-0.64,0.3));
#8164=CARTESIAN_POINT('Origin',(-0.282,-0.56,0.35));
#8165=CARTESIAN_POINT('',(-0.282,-0.56,0.35));
#8166=CARTESIAN_POINT('',(-0.282000000000001,-0.225000000000001,0.35));
#8167=CARTESIAN_POINT('',(-0.282,-0.56,0.3));
#8168=CARTESIAN_POINT('',(-0.282,-0.56,0.35));
#8169=CARTESIAN_POINT('',(-0.282,-0.56,0.3));
#8170=CARTESIAN_POINT('Origin',(-0.362,-0.56,0.35));
#8171=CARTESIAN_POINT('',(-0.181,-0.56,0.35));
#8172=CARTESIAN_POINT('',(-0.362,-0.56,0.3));
#8173=CARTESIAN_POINT('Origin',(-0.322,-0.6,0.3));
#8174=CARTESIAN_POINT('Origin',(0.16,-0.64,0.35));
#8175=CARTESIAN_POINT('',(0.16,-0.64,0.35));
#8176=CARTESIAN_POINT('',(0.16,-0.56,0.35));
#8177=CARTESIAN_POINT('',(0.159999999999998,-0.265,0.35));
#8178=CARTESIAN_POINT('',(0.16,-0.64,0.3));
#8179=CARTESIAN_POINT('',(0.16,-0.64,0.35));
#8180=CARTESIAN_POINT('',(0.16,-0.56,0.3));
#8181=CARTESIAN_POINT('',(0.16,-0.64,0.3));
#8182=CARTESIAN_POINT('',(0.16,-0.56,0.35));
#8183=CARTESIAN_POINT('Origin',(0.24,-0.64,0.35));
#8184=CARTESIAN_POINT('',(0.24,-0.64,0.35));
#8185=CARTESIAN_POINT('',(0.12,-0.64,0.35));
#8186=CARTESIAN_POINT('',(0.24,-0.64,0.3));
#8187=CARTESIAN_POINT('',(0.24,-0.64,0.35));
#8188=CARTESIAN_POINT('',(0.24,-0.64,0.3));
#8189=CARTESIAN_POINT('Origin',(0.24,-0.56,0.35));
#8190=CARTESIAN_POINT('',(0.24,-0.56,0.35));
#8191=CARTESIAN_POINT('',(0.24,-0.225,0.35));
#8192=CARTESIAN_POINT('',(0.24,-0.56,0.3));
#8193=CARTESIAN_POINT('',(0.24,-0.56,0.35));
#8194=CARTESIAN_POINT('',(0.24,-0.56,0.3));
#8195=CARTESIAN_POINT('Origin',(0.16,-0.56,0.35));
#8196=CARTESIAN_POINT('',(0.0799999999999999,-0.56,0.35));
#8197=CARTESIAN_POINT('',(0.16,-0.56,0.3));
#8198=CARTESIAN_POINT('Origin',(0.2,-0.6,0.3));
#8199=CARTESIAN_POINT('Origin',(-0.0399999999999997,-0.64,0.35));
#8200=CARTESIAN_POINT('',(-0.0399999999999997,-0.64,0.35));
#8201=CARTESIAN_POINT('',(-0.0400000000000002,-0.56,0.35));
#8202=CARTESIAN_POINT('',(-0.040000000000002,-0.265,0.35));
#8203=CARTESIAN_POINT('',(-0.0399999999999997,-0.64,0.3));
#8204=CARTESIAN_POINT('',(-0.0399999999999997,-0.64,0.35));
#8205=CARTESIAN_POINT('',(-0.0400000000000002,-0.56,0.3));
#8206=CARTESIAN_POINT('',(-0.0399999999999997,-0.64,0.3));
#8207=CARTESIAN_POINT('',(-0.0400000000000002,-0.56,0.35));
#8208=CARTESIAN_POINT('Origin',(0.0399999999999998,-0.64,0.35));
#8209=CARTESIAN_POINT('',(0.0399999999999998,-0.64,0.35));
#8210=CARTESIAN_POINT('',(0.0199999999999992,-0.64,0.35));
#8211=CARTESIAN_POINT('',(0.0399999999999998,-0.64,0.3));
#8212=CARTESIAN_POINT('',(0.0399999999999998,-0.64,0.35));
#8213=CARTESIAN_POINT('',(0.0399999999999998,-0.64,0.3));
#8214=CARTESIAN_POINT('Origin',(0.0399999999999998,-0.56,0.35));
#8215=CARTESIAN_POINT('',(0.0399999999999998,-0.56,0.35));
#8216=CARTESIAN_POINT('',(0.0399999999999999,-0.225,0.35));
#8217=CARTESIAN_POINT('',(0.0399999999999998,-0.56,0.3));
#8218=CARTESIAN_POINT('',(0.0399999999999998,-0.56,0.35));
#8219=CARTESIAN_POINT('',(0.0399999999999998,-0.56,0.3));
#8220=CARTESIAN_POINT('Origin',(-0.0400000000000002,-0.56,0.35));
#8221=CARTESIAN_POINT('',(-0.0200000000000001,-0.56,0.35));
#8222=CARTESIAN_POINT('',(-0.0400000000000002,-0.56,0.3));
#8223=CARTESIAN_POINT('Origin',(-1.82145964977565E-16,-0.6,0.3));
#8224=CARTESIAN_POINT('Origin',(-0.221,-0.64,0.35));
#8225=CARTESIAN_POINT('',(-0.221,-0.64,0.35));
#8226=CARTESIAN_POINT('',(-0.221,-0.56,0.35));
#8227=CARTESIAN_POINT('',(-0.221,-0.265,0.35));
#8228=CARTESIAN_POINT('',(-0.221,-0.64,0.3));
#8229=CARTESIAN_POINT('',(-0.221,-0.64,0.35));
#8230=CARTESIAN_POINT('',(-0.221,-0.56,0.3));
#8231=CARTESIAN_POINT('',(-0.221,-0.64,0.3));
#8232=CARTESIAN_POINT('',(-0.221,-0.56,0.35));
#8233=CARTESIAN_POINT('Origin',(-0.141,-0.64,0.35));
#8234=CARTESIAN_POINT('',(-0.141,-0.64,0.35));
#8235=CARTESIAN_POINT('',(-0.0705,-0.64,0.35));
#8236=CARTESIAN_POINT('',(-0.141,-0.64,0.3));
#8237=CARTESIAN_POINT('',(-0.141,-0.64,0.35));
#8238=CARTESIAN_POINT('',(-0.141,-0.64,0.3));
#8239=CARTESIAN_POINT('Origin',(-0.141,-0.56,0.35));
#8240=CARTESIAN_POINT('',(-0.141,-0.56,0.35));
#8241=CARTESIAN_POINT('',(-0.141,-0.225,0.35));
#8242=CARTESIAN_POINT('',(-0.141,-0.56,0.3));
#8243=CARTESIAN_POINT('',(-0.141,-0.56,0.35));
#8244=CARTESIAN_POINT('',(-0.141,-0.56,0.3));
#8245=CARTESIAN_POINT('Origin',(-0.221,-0.56,0.35));
#8246=CARTESIAN_POINT('',(-0.1105,-0.56,0.35));
#8247=CARTESIAN_POINT('',(-0.221,-0.56,0.3));
#8248=CARTESIAN_POINT('Origin',(-0.181,-0.6,0.3));
#8249=CARTESIAN_POINT('Origin',(0.26,-0.64,0.35));
#8250=CARTESIAN_POINT('',(0.26,-0.64,0.35));
#8251=CARTESIAN_POINT('',(0.26,-0.56,0.35));
#8252=CARTESIAN_POINT('',(0.259999999999999,-0.265,0.35));
#8253=CARTESIAN_POINT('',(0.26,-0.64,0.3));
#8254=CARTESIAN_POINT('',(0.26,-0.64,0.35));
#8255=CARTESIAN_POINT('',(0.26,-0.56,0.3));
#8256=CARTESIAN_POINT('',(0.26,-0.64,0.3));
#8257=CARTESIAN_POINT('',(0.26,-0.56,0.35));
#8258=CARTESIAN_POINT('Origin',(0.34,-0.64,0.35));
#8259=CARTESIAN_POINT('',(0.34,-0.64,0.35));
#8260=CARTESIAN_POINT('',(0.17,-0.64,0.35));
#8261=CARTESIAN_POINT('',(0.34,-0.64,0.3));
#8262=CARTESIAN_POINT('',(0.34,-0.64,0.35));
#8263=CARTESIAN_POINT('',(0.34,-0.64,0.3));
#8264=CARTESIAN_POINT('Origin',(0.34,-0.56,0.35));
#8265=CARTESIAN_POINT('',(0.34,-0.56,0.35));
#8266=CARTESIAN_POINT('',(0.34,-0.225,0.35));
#8267=CARTESIAN_POINT('',(0.34,-0.56,0.3));
#8268=CARTESIAN_POINT('',(0.34,-0.56,0.35));
#8269=CARTESIAN_POINT('',(0.34,-0.56,0.3));
#8270=CARTESIAN_POINT('Origin',(0.26,-0.56,0.35));
#8271=CARTESIAN_POINT('',(0.13,-0.56,0.35));
#8272=CARTESIAN_POINT('',(0.26,-0.56,0.3));
#8273=CARTESIAN_POINT('Origin',(0.3,-0.6,0.3));
#8274=CARTESIAN_POINT('Origin',(-0.1,0.67,0.25));
#8275=CARTESIAN_POINT('',(-0.100000000000001,0.83,0.25));
#8276=CARTESIAN_POINT('',(-0.1,0.67,0.25));
#8277=CARTESIAN_POINT('',(-0.1,0.67,0.25));
#8278=CARTESIAN_POINT('',(-0.100000000000001,0.83,0.35));
#8279=CARTESIAN_POINT('',(-0.100000000000001,0.83,0.25));
#8280=CARTESIAN_POINT('',(-0.1,0.67,0.35));
#8281=CARTESIAN_POINT('',(-0.1,0.67,0.35));
#8282=CARTESIAN_POINT('',(-0.1,0.67,0.25));
#8283=CARTESIAN_POINT('Origin',(0.0999999999999996,0.67,0.25));
#8284=CARTESIAN_POINT('',(0.0999999999999996,0.67,0.25));
#8285=CARTESIAN_POINT('',(0.0999999999999996,0.67,0.25));
#8286=CARTESIAN_POINT('',(0.0999999999999996,0.67,0.35));
#8287=CARTESIAN_POINT('',(0.0999999999999996,0.67,0.35));
#8288=CARTESIAN_POINT('',(0.0999999999999996,0.67,0.25));
#8289=CARTESIAN_POINT('Origin',(0.0999999999999995,0.83,0.25));
#8290=CARTESIAN_POINT('',(0.0999999999999995,0.83,0.25));
#8291=CARTESIAN_POINT('',(0.0999999999999995,0.83,0.25));
#8292=CARTESIAN_POINT('',(0.0999999999999995,0.83,0.35));
#8293=CARTESIAN_POINT('',(0.0999999999999995,0.83,0.35));
#8294=CARTESIAN_POINT('',(0.0999999999999995,0.83,0.25));
#8295=CARTESIAN_POINT('Origin',(-0.100000000000001,0.83,0.25));
#8296=CARTESIAN_POINT('',(-0.100000000000001,0.83,0.25));
#8297=CARTESIAN_POINT('',(-0.100000000000001,0.83,0.35));
#8298=CARTESIAN_POINT('Origin',(-0.110000000000001,0.66,0.25));
#8299=CARTESIAN_POINT('',(-0.110000000000001,0.499999999999999,0.25));
#8300=CARTESIAN_POINT('',(-0.110000000000001,0.66,0.25));
#8301=CARTESIAN_POINT('',(-0.110000000000001,0.66,0.25));
#8302=CARTESIAN_POINT('',(-0.110000000000001,0.499999999999999,0.35));
#8303=CARTESIAN_POINT('',(-0.110000000000001,0.499999999999999,0.25));
#8304=CARTESIAN_POINT('',(-0.110000000000001,0.66,0.35));
#8305=CARTESIAN_POINT('',(-0.110000000000001,0.66,0.35));
#8306=CARTESIAN_POINT('',(-0.110000000000001,0.66,0.25));
#8307=CARTESIAN_POINT('Origin',(-0.310000000000001,0.66,0.25));
#8308=CARTESIAN_POINT('',(-0.310000000000001,0.66,0.25));
#8309=CARTESIAN_POINT('',(-0.310000000000001,0.66,0.25));
#8310=CARTESIAN_POINT('',(-0.310000000000001,0.66,0.35));
#8311=CARTESIAN_POINT('',(-0.310000000000001,0.66,0.35));
#8312=CARTESIAN_POINT('',(-0.310000000000001,0.66,0.25));
#8313=CARTESIAN_POINT('Origin',(-0.310000000000001,0.499999999999999,0.25));
#8314=CARTESIAN_POINT('',(-0.310000000000001,0.499999999999999,0.25));
#8315=CARTESIAN_POINT('',(-0.310000000000001,0.499999999999999,0.25));
#8316=CARTESIAN_POINT('',(-0.310000000000001,0.499999999999999,0.35));
#8317=CARTESIAN_POINT('',(-0.310000000000001,0.499999999999999,0.35));
#8318=CARTESIAN_POINT('',(-0.310000000000001,0.499999999999999,0.25));
#8319=CARTESIAN_POINT('Origin',(-0.110000000000001,0.499999999999999,0.25));
#8320=CARTESIAN_POINT('',(-0.110000000000001,0.499999999999999,0.25));
#8321=CARTESIAN_POINT('',(-0.110000000000001,0.499999999999999,0.35));
#8322=CARTESIAN_POINT('Origin',(0.31,0.660000000000001,0.25));
#8323=CARTESIAN_POINT('',(0.309999999999999,0.500000000000001,0.25));
#8324=CARTESIAN_POINT('',(0.309999999999999,0.660000000000001,0.25));
#8325=CARTESIAN_POINT('',(0.31,0.660000000000001,0.25));
#8326=CARTESIAN_POINT('',(0.309999999999999,0.500000000000001,0.35));
#8327=CARTESIAN_POINT('',(0.309999999999999,0.500000000000001,0.25));
#8328=CARTESIAN_POINT('',(0.309999999999999,0.660000000000001,0.35));
#8329=CARTESIAN_POINT('',(0.31,0.660000000000001,0.35));
#8330=CARTESIAN_POINT('',(0.309999999999999,0.660000000000001,0.25));
#8331=CARTESIAN_POINT('Origin',(0.11,0.66,0.25));
#8332=CARTESIAN_POINT('',(0.109999999999999,0.66,0.25));
#8333=CARTESIAN_POINT('',(0.11,0.66,0.25));
#8334=CARTESIAN_POINT('',(0.109999999999999,0.66,0.35));
#8335=CARTESIAN_POINT('',(0.11,0.66,0.35));
#8336=CARTESIAN_POINT('',(0.109999999999999,0.66,0.25));
#8337=CARTESIAN_POINT('Origin',(0.109999999999999,0.500000000000001,0.25));
#8338=CARTESIAN_POINT('',(0.109999999999999,0.500000000000001,0.25));
#8339=CARTESIAN_POINT('',(0.109999999999999,0.500000000000001,0.25));
#8340=CARTESIAN_POINT('',(0.109999999999999,0.500000000000001,0.35));
#8341=CARTESIAN_POINT('',(0.109999999999999,0.500000000000001,0.35));
#8342=CARTESIAN_POINT('',(0.109999999999999,0.500000000000001,0.25));
#8343=CARTESIAN_POINT('Origin',(0.31,0.500000000000001,0.25));
#8344=CARTESIAN_POINT('',(0.31,0.500000000000001,0.25));
#8345=CARTESIAN_POINT('',(0.31,0.500000000000001,0.35));
#8346=CARTESIAN_POINT('Origin',(-0.1,0.5,0.25));
#8347=CARTESIAN_POINT('',(-0.1,0.66,0.25));
#8348=CARTESIAN_POINT('',(-0.1,0.5,0.25));
#8349=CARTESIAN_POINT('',(-0.1,0.5,0.25));
#8350=CARTESIAN_POINT('',(-0.1,0.66,0.35));
#8351=CARTESIAN_POINT('',(-0.1,0.66,0.25));
#8352=CARTESIAN_POINT('',(-0.1,0.5,0.35));
#8353=CARTESIAN_POINT('',(-0.1,0.5,0.35));
#8354=CARTESIAN_POINT('',(-0.1,0.5,0.25));
#8355=CARTESIAN_POINT('Origin',(0.0999999999999997,0.5,0.25));
#8356=CARTESIAN_POINT('',(0.0999999999999997,0.5,0.25));
#8357=CARTESIAN_POINT('',(0.0999999999999997,0.5,0.25));
#8358=CARTESIAN_POINT('',(0.0999999999999997,0.5,0.35));
#8359=CARTESIAN_POINT('',(0.0999999999999997,0.5,0.35));
#8360=CARTESIAN_POINT('',(0.0999999999999997,0.5,0.25));
#8361=CARTESIAN_POINT('Origin',(0.0999999999999997,0.66,0.25));
#8362=CARTESIAN_POINT('',(0.0999999999999997,0.66,0.25));
#8363=CARTESIAN_POINT('',(0.0999999999999997,0.66,0.25));
#8364=CARTESIAN_POINT('',(0.0999999999999997,0.66,0.35));
#8365=CARTESIAN_POINT('',(0.0999999999999997,0.66,0.35));
#8366=CARTESIAN_POINT('',(0.0999999999999997,0.66,0.25));
#8367=CARTESIAN_POINT('Origin',(-0.1,0.66,0.25));
#8368=CARTESIAN_POINT('',(-0.1,0.66,0.25));
#8369=CARTESIAN_POINT('',(-0.1,0.66,0.35));
#8370=CARTESIAN_POINT('Origin',(0.31,0.83,0.25));
#8371=CARTESIAN_POINT('',(0.31,0.67,0.25));
#8372=CARTESIAN_POINT('',(0.31,0.83,0.25));
#8373=CARTESIAN_POINT('',(0.31,0.83,0.25));
#8374=CARTESIAN_POINT('',(0.31,0.67,0.35));
#8375=CARTESIAN_POINT('',(0.31,0.67,0.25));
#8376=CARTESIAN_POINT('',(0.31,0.83,0.35));
#8377=CARTESIAN_POINT('',(0.31,0.83,0.35));
#8378=CARTESIAN_POINT('',(0.31,0.83,0.25));
#8379=CARTESIAN_POINT('Origin',(0.11,0.83,0.25));
#8380=CARTESIAN_POINT('',(0.11,0.83,0.25));
#8381=CARTESIAN_POINT('',(0.11,0.83,0.25));
#8382=CARTESIAN_POINT('',(0.11,0.83,0.35));
#8383=CARTESIAN_POINT('',(0.11,0.83,0.35));
#8384=CARTESIAN_POINT('',(0.11,0.83,0.25));
#8385=CARTESIAN_POINT('Origin',(0.11,0.67,0.25));
#8386=CARTESIAN_POINT('',(0.109999999999999,0.67,0.25));
#8387=CARTESIAN_POINT('',(0.11,0.67,0.25));
#8388=CARTESIAN_POINT('',(0.109999999999999,0.67,0.35));
#8389=CARTESIAN_POINT('',(0.11,0.67,0.35));
#8390=CARTESIAN_POINT('',(0.109999999999999,0.67,0.25));
#8391=CARTESIAN_POINT('Origin',(0.31,0.67,0.25));
#8392=CARTESIAN_POINT('',(0.31,0.67,0.25));
#8393=CARTESIAN_POINT('',(0.31,0.67,0.35));
#8394=CARTESIAN_POINT('Origin',(-0.110000000000001,0.83,0.25));
#8395=CARTESIAN_POINT('',(-0.110000000000001,0.67,0.25));
#8396=CARTESIAN_POINT('',(-0.110000000000001,0.83,0.25));
#8397=CARTESIAN_POINT('',(-0.110000000000001,0.83,0.25));
#8398=CARTESIAN_POINT('',(-0.110000000000001,0.67,0.35));
#8399=CARTESIAN_POINT('',(-0.110000000000001,0.67,0.25));
#8400=CARTESIAN_POINT('',(-0.110000000000001,0.83,0.35));
#8401=CARTESIAN_POINT('',(-0.110000000000001,0.83,0.35));
#8402=CARTESIAN_POINT('',(-0.110000000000001,0.83,0.25));
#8403=CARTESIAN_POINT('Origin',(-0.31,0.83,0.25));
#8404=CARTESIAN_POINT('',(-0.310000000000001,0.83,0.25));
#8405=CARTESIAN_POINT('',(-0.31,0.83,0.25));
#8406=CARTESIAN_POINT('',(-0.310000000000001,0.83,0.35));
#8407=CARTESIAN_POINT('',(-0.31,0.83,0.35));
#8408=CARTESIAN_POINT('',(-0.310000000000001,0.83,0.25));
#8409=CARTESIAN_POINT('Origin',(-0.31,0.67,0.25));
#8410=CARTESIAN_POINT('',(-0.310000000000001,0.67,0.25));
#8411=CARTESIAN_POINT('',(-0.31,0.67,0.25));
#8412=CARTESIAN_POINT('',(-0.310000000000001,0.67,0.35));
#8413=CARTESIAN_POINT('',(-0.31,0.67,0.35));
#8414=CARTESIAN_POINT('',(-0.310000000000001,0.67,0.25));
#8415=CARTESIAN_POINT('Origin',(-0.110000000000001,0.67,0.25));
#8416=CARTESIAN_POINT('',(-0.110000000000001,0.67,0.25));
#8417=CARTESIAN_POINT('',(-0.110000000000001,0.67,0.35));
#8418=CARTESIAN_POINT('Origin',(0.4,-0.69,0.25));
#8419=CARTESIAN_POINT('',(0.4,0.91,0.25));
#8420=CARTESIAN_POINT('',(0.4,-0.69,0.25));
#8421=CARTESIAN_POINT('',(0.4,0.91,0.25));
#8422=CARTESIAN_POINT('',(0.4,0.91,0.35));
#8423=CARTESIAN_POINT('',(0.4,0.91,0.25));
#8424=CARTESIAN_POINT('',(0.4,-0.69,0.35));
#8425=CARTESIAN_POINT('',(0.4,0.91,0.35));
#8426=CARTESIAN_POINT('',(0.4,-0.69,0.25));
#8427=CARTESIAN_POINT('Origin',(-0.4,-0.69,0.25));
#8428=CARTESIAN_POINT('',(-0.4,-0.69,0.25));
#8429=CARTESIAN_POINT('',(0.4,-0.69,0.25));
#8430=CARTESIAN_POINT('',(-0.4,-0.69,0.35));
#8431=CARTESIAN_POINT('',(0.4,-0.69,0.35));
#8432=CARTESIAN_POINT('',(-0.4,-0.69,0.25));
#8433=CARTESIAN_POINT('Origin',(-0.4,0.91,0.25));
#8434=CARTESIAN_POINT('',(-0.4,0.91,0.25));
#8435=CARTESIAN_POINT('',(-0.4,-0.69,0.25));
#8436=CARTESIAN_POINT('',(-0.4,0.91,0.35));
#8437=CARTESIAN_POINT('',(-0.4,-0.69,0.35));
#8438=CARTESIAN_POINT('',(-0.4,0.91,0.25));
#8439=CARTESIAN_POINT('Origin',(0.4,0.91,0.25));
#8440=CARTESIAN_POINT('',(-0.4,0.91,0.25));
#8441=CARTESIAN_POINT('',(-0.4,0.91,0.35));
#8442=CARTESIAN_POINT('Origin',(-6.93889390390723E-17,0.11,0.35));
#8443=CARTESIAN_POINT('Origin',(-6.93889390390723E-17,0.11,0.25));
#8444=CARTESIAN_POINT('Origin',(-0.424999999999999,-0.89,0.25));
#8445=CARTESIAN_POINT('',(-0.424999999999999,-0.73,0.25));
#8446=CARTESIAN_POINT('',(-0.424999999999999,-0.89,0.25));
#8447=CARTESIAN_POINT('',(-0.424999999999999,-0.73,0.25));
#8448=CARTESIAN_POINT('',(-0.424999999999999,-0.73,0.35));
#8449=CARTESIAN_POINT('',(-0.424999999999999,-0.73,0.25));
#8450=CARTESIAN_POINT('',(-0.424999999999999,-0.89,0.35));
#8451=CARTESIAN_POINT('',(-0.424999999999999,-0.73,0.35));
#8452=CARTESIAN_POINT('',(-0.424999999999999,-0.89,0.25));
#8453=CARTESIAN_POINT('Origin',(-0.324999999999999,-0.89,0.25));
#8454=CARTESIAN_POINT('',(-0.324999999999999,-0.89,0.25));
#8455=CARTESIAN_POINT('',(-0.424999999999999,-0.89,0.25));
#8456=CARTESIAN_POINT('',(-0.324999999999999,-0.89,0.35));
#8457=CARTESIAN_POINT('',(-0.424999999999999,-0.89,0.35));
#8458=CARTESIAN_POINT('',(-0.324999999999999,-0.89,0.25));
#8459=CARTESIAN_POINT('Origin',(-0.324999999999999,-0.73,0.25));
#8460=CARTESIAN_POINT('',(-0.324999999999999,-0.73,0.25));
#8461=CARTESIAN_POINT('',(-0.324999999999999,-0.89,0.25));
#8462=CARTESIAN_POINT('',(-0.324999999999999,-0.73,0.35));
#8463=CARTESIAN_POINT('',(-0.324999999999999,-0.89,0.35));
#8464=CARTESIAN_POINT('',(-0.324999999999999,-0.73,0.25));
#8465=CARTESIAN_POINT('Origin',(-0.274999999999999,-0.73,0.25));
#8466=CARTESIAN_POINT('',(-0.274999999999999,-0.73,0.25));
#8467=CARTESIAN_POINT('',(-0.5,-0.73,0.25));
#8468=CARTESIAN_POINT('',(-0.274999999999999,-0.73,0.35));
#8469=CARTESIAN_POINT('',(-0.5,-0.73,0.35));
#8470=CARTESIAN_POINT('',(-0.274999999999999,-0.73,0.25));
#8471=CARTESIAN_POINT('Origin',(-0.274999999999999,-0.89,0.25));
#8472=CARTESIAN_POINT('',(-0.274999999999999,-0.89,0.25));
#8473=CARTESIAN_POINT('',(-0.274999999999999,-0.73,0.25));
#8474=CARTESIAN_POINT('',(-0.274999999999999,-0.89,0.35));
#8475=CARTESIAN_POINT('',(-0.274999999999999,-0.73,0.35));
#8476=CARTESIAN_POINT('',(-0.274999999999999,-0.89,0.25));
#8477=CARTESIAN_POINT('Origin',(-0.174999999999999,-0.89,0.25));
#8478=CARTESIAN_POINT('',(-0.174999999999999,-0.89,0.25));
#8479=CARTESIAN_POINT('',(-0.274999999999999,-0.89,0.25));
#8480=CARTESIAN_POINT('',(-0.174999999999999,-0.89,0.35));
#8481=CARTESIAN_POINT('',(-0.274999999999999,-0.89,0.35));
#8482=CARTESIAN_POINT('',(-0.174999999999999,-0.89,0.25));
#8483=CARTESIAN_POINT('Origin',(-0.174999999999999,-0.73,0.25));
#8484=CARTESIAN_POINT('',(-0.174999999999999,-0.73,0.25));
#8485=CARTESIAN_POINT('',(-0.174999999999999,-0.89,0.25));
#8486=CARTESIAN_POINT('',(-0.174999999999999,-0.73,0.35));
#8487=CARTESIAN_POINT('',(-0.174999999999999,-0.89,0.35));
#8488=CARTESIAN_POINT('',(-0.174999999999999,-0.73,0.25));
#8489=CARTESIAN_POINT('Origin',(-0.124999999999999,-0.73,0.25));
#8490=CARTESIAN_POINT('',(-0.124999999999999,-0.73,0.25));
#8491=CARTESIAN_POINT('',(-0.5,-0.73,0.25));
#8492=CARTESIAN_POINT('',(-0.124999999999999,-0.73,0.35));
#8493=CARTESIAN_POINT('',(-0.5,-0.73,0.35));
#8494=CARTESIAN_POINT('',(-0.124999999999999,-0.73,0.25));
#8495=CARTESIAN_POINT('Origin',(-0.124999999999999,-0.89,0.25));
#8496=CARTESIAN_POINT('',(-0.124999999999999,-0.89,0.25));
#8497=CARTESIAN_POINT('',(-0.124999999999999,-0.73,0.25));
#8498=CARTESIAN_POINT('',(-0.124999999999999,-0.89,0.35));
#8499=CARTESIAN_POINT('',(-0.124999999999999,-0.73,0.35));
#8500=CARTESIAN_POINT('',(-0.124999999999999,-0.89,0.25));
#8501=CARTESIAN_POINT('Origin',(-0.0249999999999994,-0.89,0.25));
#8502=CARTESIAN_POINT('',(-0.0249999999999995,-0.89,0.25));
#8503=CARTESIAN_POINT('',(-0.124999999999999,-0.89,0.25));
#8504=CARTESIAN_POINT('',(-0.0249999999999995,-0.89,0.35));
#8505=CARTESIAN_POINT('',(-0.124999999999999,-0.89,0.35));
#8506=CARTESIAN_POINT('',(-0.0249999999999995,-0.89,0.25));
#8507=CARTESIAN_POINT('Origin',(-0.0249999999999994,-0.73,0.25));
#8508=CARTESIAN_POINT('',(-0.0249999999999995,-0.73,0.25));
#8509=CARTESIAN_POINT('',(-0.0249999999999995,-0.89,0.25));
#8510=CARTESIAN_POINT('',(-0.0249999999999995,-0.73,0.35));
#8511=CARTESIAN_POINT('',(-0.0249999999999995,-0.89,0.35));
#8512=CARTESIAN_POINT('',(-0.0249999999999995,-0.73,0.25));
#8513=CARTESIAN_POINT('Origin',(0.0250000000000005,-0.73,0.25));
#8514=CARTESIAN_POINT('',(0.0250000000000005,-0.73,0.25));
#8515=CARTESIAN_POINT('',(-0.5,-0.73,0.25));
#8516=CARTESIAN_POINT('',(0.0250000000000005,-0.73,0.35));
#8517=CARTESIAN_POINT('',(-0.5,-0.73,0.35));
#8518=CARTESIAN_POINT('',(0.0250000000000005,-0.73,0.25));
#8519=CARTESIAN_POINT('Origin',(0.0250000000000006,-0.89,0.25));
#8520=CARTESIAN_POINT('',(0.0250000000000006,-0.89,0.25));
#8521=CARTESIAN_POINT('',(0.0250000000000005,-0.73,0.25));
#8522=CARTESIAN_POINT('',(0.0250000000000006,-0.89,0.35));
#8523=CARTESIAN_POINT('',(0.0250000000000005,-0.73,0.35));
#8524=CARTESIAN_POINT('',(0.0250000000000006,-0.89,0.25));
#8525=CARTESIAN_POINT('Origin',(0.125000000000001,-0.89,0.25));
#8526=CARTESIAN_POINT('',(0.125000000000001,-0.89,0.25));
#8527=CARTESIAN_POINT('',(0.0250000000000006,-0.89,0.25));
#8528=CARTESIAN_POINT('',(0.125000000000001,-0.89,0.35));
#8529=CARTESIAN_POINT('',(0.0250000000000006,-0.89,0.35));
#8530=CARTESIAN_POINT('',(0.125000000000001,-0.89,0.25));
#8531=CARTESIAN_POINT('Origin',(0.125000000000001,-0.73,0.25));
#8532=CARTESIAN_POINT('',(0.125000000000001,-0.73,0.25));
#8533=CARTESIAN_POINT('',(0.125000000000001,-0.89,0.25));
#8534=CARTESIAN_POINT('',(0.125000000000001,-0.73,0.35));
#8535=CARTESIAN_POINT('',(0.125000000000001,-0.89,0.35));
#8536=CARTESIAN_POINT('',(0.125000000000001,-0.73,0.25));
#8537=CARTESIAN_POINT('Origin',(0.175,-0.73,0.25));
#8538=CARTESIAN_POINT('',(0.175,-0.73,0.25));
#8539=CARTESIAN_POINT('',(-0.5,-0.73,0.25));
#8540=CARTESIAN_POINT('',(0.175,-0.73,0.35));
#8541=CARTESIAN_POINT('',(-0.5,-0.73,0.35));
#8542=CARTESIAN_POINT('',(0.175,-0.73,0.25));
#8543=CARTESIAN_POINT('Origin',(0.175000000000001,-0.89,0.25));
#8544=CARTESIAN_POINT('',(0.175,-0.89,0.25));
#8545=CARTESIAN_POINT('',(0.175000000000001,-0.73,0.25));
#8546=CARTESIAN_POINT('',(0.175,-0.89,0.35));
#8547=CARTESIAN_POINT('',(0.175000000000001,-0.73,0.35));
#8548=CARTESIAN_POINT('',(0.175,-0.89,0.25));
#8549=CARTESIAN_POINT('Origin',(0.275000000000001,-0.89,0.25));
#8550=CARTESIAN_POINT('',(0.275000000000001,-0.89,0.25));
#8551=CARTESIAN_POINT('',(0.175000000000001,-0.89,0.25));
#8552=CARTESIAN_POINT('',(0.275000000000001,-0.89,0.35));
#8553=CARTESIAN_POINT('',(0.175000000000001,-0.89,0.35));
#8554=CARTESIAN_POINT('',(0.275000000000001,-0.89,0.25));
#8555=CARTESIAN_POINT('Origin',(0.275000000000001,-0.73,0.25));
#8556=CARTESIAN_POINT('',(0.275000000000001,-0.73,0.25));
#8557=CARTESIAN_POINT('',(0.275000000000001,-0.89,0.25));
#8558=CARTESIAN_POINT('',(0.275000000000001,-0.73,0.35));
#8559=CARTESIAN_POINT('',(0.275000000000001,-0.89,0.35));
#8560=CARTESIAN_POINT('',(0.275000000000001,-0.73,0.25));
#8561=CARTESIAN_POINT('Origin',(0.325000000000001,-0.73,0.25));
#8562=CARTESIAN_POINT('',(0.325000000000001,-0.73,0.25));
#8563=CARTESIAN_POINT('',(-0.5,-0.73,0.25));
#8564=CARTESIAN_POINT('',(0.325000000000001,-0.73,0.35));
#8565=CARTESIAN_POINT('',(-0.5,-0.73,0.35));
#8566=CARTESIAN_POINT('',(0.325000000000001,-0.73,0.25));
#8567=CARTESIAN_POINT('Origin',(0.325000000000001,-0.89,0.25));
#8568=CARTESIAN_POINT('',(0.325000000000001,-0.89,0.25));
#8569=CARTESIAN_POINT('',(0.325000000000001,-0.73,0.25));
#8570=CARTESIAN_POINT('',(0.325000000000001,-0.89,0.35));
#8571=CARTESIAN_POINT('',(0.325000000000001,-0.73,0.35));
#8572=CARTESIAN_POINT('',(0.325000000000001,-0.89,0.25));
#8573=CARTESIAN_POINT('Origin',(0.425,-0.89,0.25));
#8574=CARTESIAN_POINT('',(0.425,-0.89,0.25));
#8575=CARTESIAN_POINT('',(0.325000000000001,-0.89,0.25));
#8576=CARTESIAN_POINT('',(0.425,-0.89,0.35));
#8577=CARTESIAN_POINT('',(0.325000000000001,-0.89,0.35));
#8578=CARTESIAN_POINT('',(0.425,-0.89,0.25));
#8579=CARTESIAN_POINT('Origin',(0.425,-0.73,0.25));
#8580=CARTESIAN_POINT('',(0.425,-0.73,0.25));
#8581=CARTESIAN_POINT('',(0.425,-0.89,0.25));
#8582=CARTESIAN_POINT('',(0.425,-0.73,0.35));
#8583=CARTESIAN_POINT('',(0.425,-0.89,0.35));
#8584=CARTESIAN_POINT('',(0.425,-0.73,0.25));
#8585=CARTESIAN_POINT('Origin',(0.5,-0.73,0.25));
#8586=CARTESIAN_POINT('',(0.5,-0.73,0.25));
#8587=CARTESIAN_POINT('',(-0.5,-0.73,0.25));
#8588=CARTESIAN_POINT('',(0.5,-0.73,0.35));
#8589=CARTESIAN_POINT('',(-0.5,-0.73,0.35));
#8590=CARTESIAN_POINT('',(0.5,-0.73,0.25));
#8591=CARTESIAN_POINT('Origin',(0.5,-0.93,0.25));
#8592=CARTESIAN_POINT('',(0.5,-0.93,0.25));
#8593=CARTESIAN_POINT('',(0.5,-0.915,0.25));
#8594=CARTESIAN_POINT('',(0.5,-0.93,0.35));
#8595=CARTESIAN_POINT('',(0.5,-0.915,0.35));
#8596=CARTESIAN_POINT('',(0.5,-0.93,0.25));
#8597=CARTESIAN_POINT('Origin',(-0.5,-0.93,0.25));
#8598=CARTESIAN_POINT('',(-0.5,-0.93,0.25));
#8599=CARTESIAN_POINT('',(-0.5,-0.93,0.25));
#8600=CARTESIAN_POINT('',(-0.5,-0.93,0.35));
#8601=CARTESIAN_POINT('',(-0.5,-0.93,0.35));
#8602=CARTESIAN_POINT('',(-0.5,-0.93,0.25));
#8603=CARTESIAN_POINT('Origin',(-0.5,-0.73,0.25));
#8604=CARTESIAN_POINT('',(-0.5,-0.73,0.25));
#8605=CARTESIAN_POINT('',(-0.5,0.0849999999999999,0.25));
#8606=CARTESIAN_POINT('',(-0.5,-0.73,0.35));
#8607=CARTESIAN_POINT('',(-0.5,0.0849999999999999,0.35));
#8608=CARTESIAN_POINT('',(-0.5,-0.73,0.25));
#8609=CARTESIAN_POINT('Origin',(-0.424999999999999,-0.73,0.25));
#8610=CARTESIAN_POINT('',(-0.5,-0.73,0.25));
#8611=CARTESIAN_POINT('',(-0.5,-0.73,0.35));
#8612=CARTESIAN_POINT('Origin',(-6.93889390390723E-17,-0.83,0.35));
#8613=CARTESIAN_POINT('Origin',(-6.93889390390723E-17,-0.83,0.25));
#8614=CARTESIAN_POINT('Origin',(0.275000000000001,-0.73,0.3));
#8615=CARTESIAN_POINT('',(0.175,-0.73,0.3));
#8616=CARTESIAN_POINT('',(0.275000000000001,-0.73,0.3));
#8617=CARTESIAN_POINT('',(-0.5,-0.73,0.3));
#8618=CARTESIAN_POINT('',(0.175,-0.73,0.35));
#8619=CARTESIAN_POINT('',(0.175,-0.73,0.3));
#8620=CARTESIAN_POINT('',(0.275000000000001,-0.73,0.35));
#8621=CARTESIAN_POINT('',(-0.5,-0.73,0.35));
#8622=CARTESIAN_POINT('',(0.275000000000001,-0.73,0.3));
#8623=CARTESIAN_POINT('Origin',(0.275000000000001,-0.89,0.3));
#8624=CARTESIAN_POINT('',(0.275000000000001,-0.89,0.3));
#8625=CARTESIAN_POINT('',(0.275000000000001,-0.85,0.3));
#8626=CARTESIAN_POINT('',(0.275000000000001,-0.89,0.35));
#8627=CARTESIAN_POINT('',(0.275000000000001,-0.85,0.35));
#8628=CARTESIAN_POINT('',(0.275000000000001,-0.89,0.3));
#8629=CARTESIAN_POINT('Origin',(0.175000000000001,-0.89,0.3));
#8630=CARTESIAN_POINT('',(0.175000000000001,-0.89,0.3));
#8631=CARTESIAN_POINT('',(0.200000000000001,-0.89,0.3));
#8632=CARTESIAN_POINT('',(0.175000000000001,-0.89,0.35));
#8633=CARTESIAN_POINT('',(0.200000000000001,-0.89,0.35));
#8634=CARTESIAN_POINT('',(0.175000000000001,-0.89,0.3));
#8635=CARTESIAN_POINT('Origin',(0.175000000000001,-0.73,0.3));
#8636=CARTESIAN_POINT('',(0.175000000000001,-0.77,0.3));
#8637=CARTESIAN_POINT('',(0.175000000000001,-0.77,0.35));
#8638=CARTESIAN_POINT('Origin',(0.225000000000001,-0.81,0.35));
#8639=CARTESIAN_POINT('Origin',(0.225000000000001,-0.81,0.3));
#8640=CARTESIAN_POINT('Origin',(-0.0249999999999995,-0.73,0.3));
#8641=CARTESIAN_POINT('',(-0.124999999999999,-0.73,0.3));
#8642=CARTESIAN_POINT('',(-0.0249999999999995,-0.73,0.3));
#8643=CARTESIAN_POINT('',(-0.5,-0.73,0.3));
#8644=CARTESIAN_POINT('',(-0.124999999999999,-0.73,0.35));
#8645=CARTESIAN_POINT('',(-0.124999999999999,-0.73,0.3));
#8646=CARTESIAN_POINT('',(-0.0249999999999995,-0.73,0.35));
#8647=CARTESIAN_POINT('',(-0.5,-0.73,0.35));
#8648=CARTESIAN_POINT('',(-0.0249999999999995,-0.73,0.3));
#8649=CARTESIAN_POINT('Origin',(-0.0249999999999995,-0.89,0.3));
#8650=CARTESIAN_POINT('',(-0.0249999999999994,-0.89,0.3));
#8651=CARTESIAN_POINT('',(-0.0249999999999995,-0.85,0.3));
#8652=CARTESIAN_POINT('',(-0.0249999999999994,-0.89,0.35));
#8653=CARTESIAN_POINT('',(-0.0249999999999995,-0.85,0.35));
#8654=CARTESIAN_POINT('',(-0.0249999999999994,-0.89,0.3));
#8655=CARTESIAN_POINT('Origin',(-0.124999999999999,-0.89,0.3));
#8656=CARTESIAN_POINT('',(-0.124999999999999,-0.89,0.3));
#8657=CARTESIAN_POINT('',(-0.0999999999999994,-0.89,0.3));
#8658=CARTESIAN_POINT('',(-0.124999999999999,-0.89,0.35));
#8659=CARTESIAN_POINT('',(-0.0999999999999994,-0.89,0.35));
#8660=CARTESIAN_POINT('',(-0.124999999999999,-0.89,0.3));
#8661=CARTESIAN_POINT('Origin',(-0.124999999999999,-0.73,0.3));
#8662=CARTESIAN_POINT('',(-0.124999999999999,-0.77,0.3));
#8663=CARTESIAN_POINT('',(-0.124999999999999,-0.77,0.35));
#8664=CARTESIAN_POINT('Origin',(-0.0749999999999994,-0.81,0.35));
#8665=CARTESIAN_POINT('Origin',(-0.0749999999999994,-0.81,0.3));
#8666=CARTESIAN_POINT('Origin',(-0.324999999999999,-0.73,0.3));
#8667=CARTESIAN_POINT('',(-0.424999999999999,-0.73,0.3));
#8668=CARTESIAN_POINT('',(-0.324999999999999,-0.73,0.3));
#8669=CARTESIAN_POINT('',(-0.5,-0.73,0.3));
#8670=CARTESIAN_POINT('',(-0.424999999999999,-0.73,0.35));
#8671=CARTESIAN_POINT('',(-0.424999999999999,-0.73,0.3));
#8672=CARTESIAN_POINT('',(-0.324999999999999,-0.73,0.35));
#8673=CARTESIAN_POINT('',(-0.5,-0.73,0.35));
#8674=CARTESIAN_POINT('',(-0.324999999999999,-0.73,0.3));
#8675=CARTESIAN_POINT('Origin',(-0.324999999999999,-0.89,0.3));
#8676=CARTESIAN_POINT('',(-0.324999999999999,-0.89,0.3));
#8677=CARTESIAN_POINT('',(-0.324999999999999,-0.85,0.3));
#8678=CARTESIAN_POINT('',(-0.324999999999999,-0.89,0.35));
#8679=CARTESIAN_POINT('',(-0.324999999999999,-0.85,0.35));
#8680=CARTESIAN_POINT('',(-0.324999999999999,-0.89,0.3));
#8681=CARTESIAN_POINT('Origin',(-0.424999999999999,-0.89,0.3));
#8682=CARTESIAN_POINT('',(-0.424999999999999,-0.89,0.3));
#8683=CARTESIAN_POINT('',(-0.399999999999999,-0.89,0.3));
#8684=CARTESIAN_POINT('',(-0.424999999999999,-0.89,0.35));
#8685=CARTESIAN_POINT('',(-0.399999999999999,-0.89,0.35));
#8686=CARTESIAN_POINT('',(-0.424999999999999,-0.89,0.3));
#8687=CARTESIAN_POINT('Origin',(-0.424999999999999,-0.73,0.3));
#8688=CARTESIAN_POINT('',(-0.424999999999999,-0.77,0.3));
#8689=CARTESIAN_POINT('',(-0.424999999999999,-0.77,0.35));
#8690=CARTESIAN_POINT('Origin',(-0.374999999999999,-0.81,0.35));
#8691=CARTESIAN_POINT('Origin',(-0.374999999999999,-0.81,0.3));
#8692=CARTESIAN_POINT('Origin',(-0.174999999999999,-0.73,0.3));
#8693=CARTESIAN_POINT('',(-0.274999999999999,-0.73,0.3));
#8694=CARTESIAN_POINT('',(-0.174999999999999,-0.73,0.3));
#8695=CARTESIAN_POINT('',(-0.5,-0.73,0.3));
#8696=CARTESIAN_POINT('',(-0.274999999999999,-0.73,0.35));
#8697=CARTESIAN_POINT('',(-0.274999999999999,-0.73,0.3));
#8698=CARTESIAN_POINT('',(-0.174999999999999,-0.73,0.35));
#8699=CARTESIAN_POINT('',(-0.5,-0.73,0.35));
#8700=CARTESIAN_POINT('',(-0.174999999999999,-0.73,0.3));
#8701=CARTESIAN_POINT('Origin',(-0.174999999999999,-0.89,0.3));
#8702=CARTESIAN_POINT('',(-0.174999999999999,-0.89,0.3));
#8703=CARTESIAN_POINT('',(-0.174999999999999,-0.85,0.3));
#8704=CARTESIAN_POINT('',(-0.174999999999999,-0.89,0.35));
#8705=CARTESIAN_POINT('',(-0.174999999999999,-0.85,0.35));
#8706=CARTESIAN_POINT('',(-0.174999999999999,-0.89,0.3));
#8707=CARTESIAN_POINT('Origin',(-0.274999999999999,-0.89,0.3));
#8708=CARTESIAN_POINT('',(-0.274999999999999,-0.89,0.3));
#8709=CARTESIAN_POINT('',(-0.249999999999999,-0.89,0.3));
#8710=CARTESIAN_POINT('',(-0.274999999999999,-0.89,0.35));
#8711=CARTESIAN_POINT('',(-0.249999999999999,-0.89,0.35));
#8712=CARTESIAN_POINT('',(-0.274999999999999,-0.89,0.3));
#8713=CARTESIAN_POINT('Origin',(-0.274999999999999,-0.73,0.3));
#8714=CARTESIAN_POINT('',(-0.274999999999999,-0.77,0.3));
#8715=CARTESIAN_POINT('',(-0.274999999999999,-0.77,0.35));
#8716=CARTESIAN_POINT('Origin',(-0.224999999999999,-0.81,0.35));
#8717=CARTESIAN_POINT('Origin',(-0.224999999999999,-0.81,0.3));
#8718=CARTESIAN_POINT('Origin',(0.125000000000001,-0.73,0.3));
#8719=CARTESIAN_POINT('',(0.0250000000000005,-0.73,0.3));
#8720=CARTESIAN_POINT('',(0.125000000000001,-0.73,0.3));
#8721=CARTESIAN_POINT('',(-0.5,-0.73,0.3));
#8722=CARTESIAN_POINT('',(0.0250000000000005,-0.73,0.35));
#8723=CARTESIAN_POINT('',(0.0250000000000005,-0.73,0.3));
#8724=CARTESIAN_POINT('',(0.125000000000001,-0.73,0.35));
#8725=CARTESIAN_POINT('',(-0.5,-0.73,0.35));
#8726=CARTESIAN_POINT('',(0.125000000000001,-0.73,0.3));
#8727=CARTESIAN_POINT('Origin',(0.125000000000001,-0.89,0.3));
#8728=CARTESIAN_POINT('',(0.125000000000001,-0.89,0.3));
#8729=CARTESIAN_POINT('',(0.125000000000001,-0.85,0.3));
#8730=CARTESIAN_POINT('',(0.125000000000001,-0.89,0.35));
#8731=CARTESIAN_POINT('',(0.125000000000001,-0.85,0.35));
#8732=CARTESIAN_POINT('',(0.125000000000001,-0.89,0.3));
#8733=CARTESIAN_POINT('Origin',(0.0250000000000006,-0.89,0.3));
#8734=CARTESIAN_POINT('',(0.0250000000000006,-0.89,0.3));
#8735=CARTESIAN_POINT('',(0.0500000000000006,-0.89,0.3));
#8736=CARTESIAN_POINT('',(0.0250000000000006,-0.89,0.35));
#8737=CARTESIAN_POINT('',(0.0500000000000006,-0.89,0.35));
#8738=CARTESIAN_POINT('',(0.0250000000000006,-0.89,0.3));
#8739=CARTESIAN_POINT('Origin',(0.0250000000000005,-0.73,0.3));
#8740=CARTESIAN_POINT('',(0.0250000000000005,-0.77,0.3));
#8741=CARTESIAN_POINT('',(0.0250000000000005,-0.77,0.35));
#8742=CARTESIAN_POINT('Origin',(0.0750000000000006,-0.81,0.35));
#8743=CARTESIAN_POINT('Origin',(0.0750000000000006,-0.81,0.3));
#8744=CARTESIAN_POINT('Origin',(0.425,-0.73,0.3));
#8745=CARTESIAN_POINT('',(0.325000000000001,-0.73,0.3));
#8746=CARTESIAN_POINT('',(0.425,-0.73,0.3));
#8747=CARTESIAN_POINT('',(-0.5,-0.73,0.3));
#8748=CARTESIAN_POINT('',(0.325000000000001,-0.73,0.35));
#8749=CARTESIAN_POINT('',(0.325000000000001,-0.73,0.3));
#8750=CARTESIAN_POINT('',(0.425,-0.73,0.35));
#8751=CARTESIAN_POINT('',(-0.5,-0.73,0.35));
#8752=CARTESIAN_POINT('',(0.425,-0.73,0.3));
#8753=CARTESIAN_POINT('Origin',(0.425,-0.89,0.3));
#8754=CARTESIAN_POINT('',(0.425,-0.89,0.3));
#8755=CARTESIAN_POINT('',(0.425,-0.85,0.3));
#8756=CARTESIAN_POINT('',(0.425,-0.89,0.35));
#8757=CARTESIAN_POINT('',(0.425,-0.85,0.35));
#8758=CARTESIAN_POINT('',(0.425,-0.89,0.3));
#8759=CARTESIAN_POINT('Origin',(0.325000000000001,-0.89,0.3));
#8760=CARTESIAN_POINT('',(0.325000000000001,-0.89,0.3));
#8761=CARTESIAN_POINT('',(0.350000000000001,-0.89,0.3));
#8762=CARTESIAN_POINT('',(0.325000000000001,-0.89,0.35));
#8763=CARTESIAN_POINT('',(0.350000000000001,-0.89,0.35));
#8764=CARTESIAN_POINT('',(0.325000000000001,-0.89,0.3));
#8765=CARTESIAN_POINT('Origin',(0.325000000000001,-0.73,0.3));
#8766=CARTESIAN_POINT('',(0.325000000000001,-0.77,0.3));
#8767=CARTESIAN_POINT('',(0.325000000000001,-0.77,0.35));
#8768=CARTESIAN_POINT('Origin',(0.375000000000001,-0.81,0.35));
#8769=CARTESIAN_POINT('Origin',(0.375000000000001,-0.81,0.3));
#8770=CARTESIAN_POINT('Origin',(-0.11,0.83,0.3));
#8771=CARTESIAN_POINT('',(-0.31,0.83,0.3));
#8772=CARTESIAN_POINT('',(-0.11,0.83,0.3));
#8773=CARTESIAN_POINT('',(-0.0550000000000002,0.83,0.3));
#8774=CARTESIAN_POINT('',(-0.31,0.83,0.35));
#8775=CARTESIAN_POINT('',(-0.31,0.83,0.3));
#8776=CARTESIAN_POINT('',(-0.11,0.83,0.35));
#8777=CARTESIAN_POINT('',(-0.0550000000000002,0.83,0.35));
#8778=CARTESIAN_POINT('',(-0.11,0.83,0.3));
#8779=CARTESIAN_POINT('Origin',(-0.110000000000001,0.67,0.3));
#8780=CARTESIAN_POINT('',(-0.11,0.67,0.3));
#8781=CARTESIAN_POINT('',(-0.110000000000001,0.335,0.3));
#8782=CARTESIAN_POINT('',(-0.11,0.67,0.35));
#8783=CARTESIAN_POINT('',(-0.110000000000001,0.335,0.35));
#8784=CARTESIAN_POINT('',(-0.11,0.67,0.3));
#8785=CARTESIAN_POINT('Origin',(-0.31,0.67,0.3));
#8786=CARTESIAN_POINT('',(-0.31,0.67,0.3));
#8787=CARTESIAN_POINT('',(-0.155,0.67,0.3));
#8788=CARTESIAN_POINT('',(-0.31,0.67,0.35));
#8789=CARTESIAN_POINT('',(-0.155,0.67,0.35));
#8790=CARTESIAN_POINT('',(-0.31,0.67,0.3));
#8791=CARTESIAN_POINT('Origin',(-0.31,0.83,0.3));
#8792=CARTESIAN_POINT('',(-0.31,0.415,0.3));
#8793=CARTESIAN_POINT('',(-0.31,0.415,0.35));
#8794=CARTESIAN_POINT('Origin',(0.,2.77555756156289E-16,0.35));
#8795=CARTESIAN_POINT('Origin',(0.,2.77555756156289E-16,0.3));
#8796=CARTESIAN_POINT('Origin',(-0.1,0.67,0.3));
#8797=CARTESIAN_POINT('',(0.0999999999999996,0.67,0.3));
#8798=CARTESIAN_POINT('',(-0.1,0.67,0.3));
#8799=CARTESIAN_POINT('',(-0.0500000000000004,0.67,0.3));
#8800=CARTESIAN_POINT('',(0.0999999999999996,0.67,0.35));
#8801=CARTESIAN_POINT('',(0.0999999999999996,0.67,0.3));
#8802=CARTESIAN_POINT('',(-0.1,0.67,0.35));
#8803=CARTESIAN_POINT('',(-0.0500000000000004,0.67,0.35));
#8804=CARTESIAN_POINT('',(-0.1,0.67,0.3));
#8805=CARTESIAN_POINT('Origin',(-0.100000000000001,0.83,0.3));
#8806=CARTESIAN_POINT('',(-0.100000000000001,0.83,0.3));
#8807=CARTESIAN_POINT('',(-0.1,0.415,0.3));
#8808=CARTESIAN_POINT('',(-0.100000000000001,0.83,0.35));
#8809=CARTESIAN_POINT('',(-0.1,0.415,0.35));
#8810=CARTESIAN_POINT('',(-0.100000000000001,0.83,0.3));
#8811=CARTESIAN_POINT('Origin',(0.0999999999999995,0.83,0.3));
#8812=CARTESIAN_POINT('',(0.0999999999999995,0.83,0.3));
#8813=CARTESIAN_POINT('',(0.0500000000000001,0.83,0.3));
#8814=CARTESIAN_POINT('',(0.0999999999999995,0.83,0.35));
#8815=CARTESIAN_POINT('',(0.0500000000000001,0.83,0.35));
#8816=CARTESIAN_POINT('',(0.0999999999999995,0.83,0.3));
#8817=CARTESIAN_POINT('Origin',(0.0999999999999996,0.67,0.3));
#8818=CARTESIAN_POINT('',(0.0999999999999997,0.335,0.3));
#8819=CARTESIAN_POINT('',(0.0999999999999997,0.335,0.35));
#8820=CARTESIAN_POINT('Origin',(0.,2.77555756156289E-16,0.35));
#8821=CARTESIAN_POINT('Origin',(0.,2.77555756156289E-16,0.3));
#8822=CARTESIAN_POINT('Origin',(0.31,0.83,0.3));
#8823=CARTESIAN_POINT('',(0.11,0.83,0.3));
#8824=CARTESIAN_POINT('',(0.31,0.83,0.3));
#8825=CARTESIAN_POINT('',(0.155,0.83,0.3));
#8826=CARTESIAN_POINT('',(0.11,0.83,0.35));
#8827=CARTESIAN_POINT('',(0.11,0.83,0.3));
#8828=CARTESIAN_POINT('',(0.31,0.83,0.35));
#8829=CARTESIAN_POINT('',(0.155,0.83,0.35));
#8830=CARTESIAN_POINT('',(0.31,0.83,0.3));
#8831=CARTESIAN_POINT('Origin',(0.31,0.67,0.3));
#8832=CARTESIAN_POINT('',(0.31,0.67,0.3));
#8833=CARTESIAN_POINT('',(0.31,0.335,0.3));
#8834=CARTESIAN_POINT('',(0.31,0.67,0.35));
#8835=CARTESIAN_POINT('',(0.31,0.335,0.35));
#8836=CARTESIAN_POINT('',(0.31,0.67,0.3));
#8837=CARTESIAN_POINT('Origin',(0.11,0.67,0.3));
#8838=CARTESIAN_POINT('',(0.11,0.67,0.3));
#8839=CARTESIAN_POINT('',(0.0549999999999998,0.67,0.3));
#8840=CARTESIAN_POINT('',(0.11,0.67,0.35));
#8841=CARTESIAN_POINT('',(0.0549999999999998,0.67,0.35));
#8842=CARTESIAN_POINT('',(0.11,0.67,0.3));
#8843=CARTESIAN_POINT('Origin',(0.11,0.83,0.3));
#8844=CARTESIAN_POINT('',(0.109999999999999,0.415,0.3));
#8845=CARTESIAN_POINT('',(0.109999999999999,0.415,0.35));
#8846=CARTESIAN_POINT('Origin',(0.,2.77555756156289E-16,0.35));
#8847=CARTESIAN_POINT('Origin',(0.,2.77555756156289E-16,0.3));
#8848=CARTESIAN_POINT('Origin',(-0.110000000000001,0.659999999999999,0.3));
#8849=CARTESIAN_POINT('',(-0.310000000000001,0.66,0.3));
#8850=CARTESIAN_POINT('',(-0.110000000000001,0.66,0.3));
#8851=CARTESIAN_POINT('',(-0.055,0.659999999999999,0.3));
#8852=CARTESIAN_POINT('',(-0.310000000000001,0.66,0.35));
#8853=CARTESIAN_POINT('',(-0.310000000000001,0.66,0.3));
#8854=CARTESIAN_POINT('',(-0.110000000000001,0.66,0.35));
#8855=CARTESIAN_POINT('',(-0.055,0.659999999999999,0.35));
#8856=CARTESIAN_POINT('',(-0.110000000000001,0.66,0.3));
#8857=CARTESIAN_POINT('Origin',(-0.110000000000001,0.499999999999999,0.3));
#8858=CARTESIAN_POINT('',(-0.110000000000001,0.499999999999999,0.3));
#8859=CARTESIAN_POINT('',(-0.110000000000001,0.25,0.3));
#8860=CARTESIAN_POINT('',(-0.110000000000001,0.499999999999999,0.35));
#8861=CARTESIAN_POINT('',(-0.110000000000001,0.25,0.35));
#8862=CARTESIAN_POINT('',(-0.110000000000001,0.499999999999999,0.3));
#8863=CARTESIAN_POINT('Origin',(-0.310000000000001,0.499999999999999,0.3));
#8864=CARTESIAN_POINT('',(-0.310000000000001,0.499999999999999,0.3));
#8865=CARTESIAN_POINT('',(-0.155,0.499999999999999,0.3));
#8866=CARTESIAN_POINT('',(-0.310000000000001,0.499999999999999,0.35));
#8867=CARTESIAN_POINT('',(-0.155,0.499999999999999,0.35));
#8868=CARTESIAN_POINT('',(-0.310000000000001,0.499999999999999,0.3));
#8869=CARTESIAN_POINT('Origin',(-0.310000000000001,0.66,0.3));
#8870=CARTESIAN_POINT('',(-0.310000000000001,0.33,0.3));
#8871=CARTESIAN_POINT('',(-0.310000000000001,0.33,0.35));
#8872=CARTESIAN_POINT('Origin',(0.,2.77555756156289E-16,0.35));
#8873=CARTESIAN_POINT('Origin',(0.,2.77555756156289E-16,0.3));
#8874=CARTESIAN_POINT('Origin',(-0.1,0.5,0.3));
#8875=CARTESIAN_POINT('',(0.0999999999999997,0.5,0.3));
#8876=CARTESIAN_POINT('',(-0.1,0.5,0.3));
#8877=CARTESIAN_POINT('',(-0.0500000000000002,0.5,0.3));
#8878=CARTESIAN_POINT('',(0.0999999999999997,0.5,0.35));
#8879=CARTESIAN_POINT('',(0.0999999999999997,0.5,0.3));
#8880=CARTESIAN_POINT('',(-0.1,0.5,0.35));
#8881=CARTESIAN_POINT('',(-0.0500000000000002,0.5,0.35));
#8882=CARTESIAN_POINT('',(-0.1,0.5,0.3));
#8883=CARTESIAN_POINT('Origin',(-0.1,0.66,0.3));
#8884=CARTESIAN_POINT('',(-0.1,0.66,0.3));
#8885=CARTESIAN_POINT('',(-0.1,0.33,0.3));
#8886=CARTESIAN_POINT('',(-0.1,0.66,0.35));
#8887=CARTESIAN_POINT('',(-0.1,0.33,0.35));
#8888=CARTESIAN_POINT('',(-0.1,0.66,0.3));
#8889=CARTESIAN_POINT('Origin',(0.0999999999999997,0.66,0.3));
#8890=CARTESIAN_POINT('',(0.0999999999999997,0.66,0.3));
#8891=CARTESIAN_POINT('',(0.0499999999999996,0.66,0.3));
#8892=CARTESIAN_POINT('',(0.0999999999999997,0.66,0.35));
#8893=CARTESIAN_POINT('',(0.0499999999999996,0.66,0.35));
#8894=CARTESIAN_POINT('',(0.0999999999999997,0.66,0.3));
#8895=CARTESIAN_POINT('Origin',(0.0999999999999997,0.5,0.3));
#8896=CARTESIAN_POINT('',(0.0999999999999997,0.25,0.3));
#8897=CARTESIAN_POINT('',(0.0999999999999997,0.25,0.35));
#8898=CARTESIAN_POINT('Origin',(0.,2.77555756156289E-16,0.35));
#8899=CARTESIAN_POINT('Origin',(0.,2.77555756156289E-16,0.3));
#8900=CARTESIAN_POINT('Origin',(0.31,0.660000000000001,0.3));
#8901=CARTESIAN_POINT('',(0.11,0.66,0.3));
#8902=CARTESIAN_POINT('',(0.31,0.660000000000001,0.3));
#8903=CARTESIAN_POINT('',(0.154999999999999,0.660000000000001,0.3));
#8904=CARTESIAN_POINT('',(0.11,0.66,0.35));
#8905=CARTESIAN_POINT('',(0.11,0.66,0.3));
#8906=CARTESIAN_POINT('',(0.309999999999999,0.660000000000001,0.35));
#8907=CARTESIAN_POINT('',(0.154999999999999,0.660000000000001,0.35));
#8908=CARTESIAN_POINT('',(0.31,0.660000000000001,0.3));
#8909=CARTESIAN_POINT('Origin',(0.31,0.500000000000001,0.3));
#8910=CARTESIAN_POINT('',(0.31,0.500000000000001,0.3));
#8911=CARTESIAN_POINT('',(0.31,0.250000000000001,0.3));
#8912=CARTESIAN_POINT('',(0.309999999999999,0.500000000000001,0.35));
#8913=CARTESIAN_POINT('',(0.31,0.250000000000001,0.35));
#8914=CARTESIAN_POINT('',(0.31,0.500000000000001,0.3));
#8915=CARTESIAN_POINT('Origin',(0.109999999999999,0.500000000000001,0.3));
#8916=CARTESIAN_POINT('',(0.109999999999999,0.500000000000001,0.3));
#8917=CARTESIAN_POINT('',(0.0549999999999997,0.500000000000001,0.3));
#8918=CARTESIAN_POINT('',(0.109999999999999,0.500000000000001,0.35));
#8919=CARTESIAN_POINT('',(0.0549999999999997,0.500000000000001,0.35));
#8920=CARTESIAN_POINT('',(0.109999999999999,0.500000000000001,0.3));
#8921=CARTESIAN_POINT('Origin',(0.11,0.66,0.3));
#8922=CARTESIAN_POINT('',(0.109999999999999,0.33,0.3));
#8923=CARTESIAN_POINT('',(0.109999999999999,0.33,0.35));
#8924=CARTESIAN_POINT('Origin',(0.,2.77555756156289E-16,0.35));
#8925=CARTESIAN_POINT('Origin',(0.,2.77555756156289E-16,0.3));
#8926=CARTESIAN_POINT('Origin',(0.24,-0.64,0.3));
#8927=CARTESIAN_POINT('',(0.24,-0.56,0.3));
#8928=CARTESIAN_POINT('',(0.24,-0.64,0.3));
#8929=CARTESIAN_POINT('',(0.24,-0.56,0.3));
#8930=CARTESIAN_POINT('',(0.24,-0.56,0.35));
#8931=CARTESIAN_POINT('',(0.24,-0.56,0.3));
#8932=CARTESIAN_POINT('',(0.24,-0.64,0.35));
#8933=CARTESIAN_POINT('',(0.24,-0.56,0.35));
#8934=CARTESIAN_POINT('',(0.24,-0.64,0.3));
#8935=CARTESIAN_POINT('Origin',(0.16,-0.64,0.3));
#8936=CARTESIAN_POINT('',(0.16,-0.64,0.3));
#8937=CARTESIAN_POINT('',(0.24,-0.64,0.3));
#8938=CARTESIAN_POINT('',(0.16,-0.64,0.35));
#8939=CARTESIAN_POINT('',(0.24,-0.64,0.35));
#8940=CARTESIAN_POINT('',(0.16,-0.64,0.3));
#8941=CARTESIAN_POINT('Origin',(0.16,-0.56,0.3));
#8942=CARTESIAN_POINT('',(0.16,-0.56,0.3));
#8943=CARTESIAN_POINT('',(0.16,-0.64,0.3));
#8944=CARTESIAN_POINT('',(0.16,-0.56,0.35));
#8945=CARTESIAN_POINT('',(0.16,-0.64,0.35));
#8946=CARTESIAN_POINT('',(0.16,-0.56,0.3));
#8947=CARTESIAN_POINT('Origin',(0.24,-0.56,0.3));
#8948=CARTESIAN_POINT('',(0.16,-0.56,0.3));
#8949=CARTESIAN_POINT('',(0.16,-0.56,0.35));
#8950=CARTESIAN_POINT('Origin',(0.2,-0.6,0.35));
#8951=CARTESIAN_POINT('Origin',(0.2,-0.6,0.3));
#8952=CARTESIAN_POINT('Origin',(0.0399999999999998,-0.64,0.3));
#8953=CARTESIAN_POINT('',(0.0399999999999998,-0.56,0.3));
#8954=CARTESIAN_POINT('',(0.0399999999999998,-0.64,0.3));
#8955=CARTESIAN_POINT('',(0.0399999999999998,-0.56,0.3));
#8956=CARTESIAN_POINT('',(0.0399999999999998,-0.56,0.35));
#8957=CARTESIAN_POINT('',(0.0399999999999998,-0.56,0.3));
#8958=CARTESIAN_POINT('',(0.0399999999999998,-0.64,0.35));
#8959=CARTESIAN_POINT('',(0.0399999999999998,-0.56,0.35));
#8960=CARTESIAN_POINT('',(0.0399999999999998,-0.64,0.3));
#8961=CARTESIAN_POINT('Origin',(-0.0399999999999997,-0.64,0.3));
#8962=CARTESIAN_POINT('',(-0.0399999999999997,-0.64,0.3));
#8963=CARTESIAN_POINT('',(0.0399999999999998,-0.64,0.3));
#8964=CARTESIAN_POINT('',(-0.0399999999999997,-0.64,0.35));
#8965=CARTESIAN_POINT('',(0.0399999999999998,-0.64,0.35));
#8966=CARTESIAN_POINT('',(-0.0399999999999997,-0.64,0.3));
#8967=CARTESIAN_POINT('Origin',(-0.0400000000000002,-0.56,0.3));
#8968=CARTESIAN_POINT('',(-0.0400000000000002,-0.56,0.3));
#8969=CARTESIAN_POINT('',(-0.0399999999999997,-0.64,0.3));
#8970=CARTESIAN_POINT('',(-0.0400000000000002,-0.56,0.35));
#8971=CARTESIAN_POINT('',(-0.0399999999999997,-0.64,0.35));
#8972=CARTESIAN_POINT('',(-0.0400000000000002,-0.56,0.3));
#8973=CARTESIAN_POINT('Origin',(0.0399999999999998,-0.56,0.3));
#8974=CARTESIAN_POINT('',(-0.0400000000000002,-0.56,0.3));
#8975=CARTESIAN_POINT('',(-0.0400000000000002,-0.56,0.35));
#8976=CARTESIAN_POINT('Origin',(-1.82145964977565E-16,-0.6,0.35));
#8977=CARTESIAN_POINT('Origin',(-1.82145964977565E-16,-0.6,0.3));
#8978=CARTESIAN_POINT('Origin',(-0.282,-0.64,0.3));
#8979=CARTESIAN_POINT('',(-0.282,-0.56,0.3));
#8980=CARTESIAN_POINT('',(-0.282,-0.64,0.3));
#8981=CARTESIAN_POINT('',(-0.282,-0.56,0.3));
#8982=CARTESIAN_POINT('',(-0.282,-0.56,0.35));
#8983=CARTESIAN_POINT('',(-0.282,-0.56,0.3));
#8984=CARTESIAN_POINT('',(-0.282,-0.64,0.35));
#8985=CARTESIAN_POINT('',(-0.282,-0.56,0.35));
#8986=CARTESIAN_POINT('',(-0.282,-0.64,0.3));
#8987=CARTESIAN_POINT('Origin',(-0.362,-0.64,0.3));
#8988=CARTESIAN_POINT('',(-0.362,-0.64,0.3));
#8989=CARTESIAN_POINT('',(-0.282,-0.64,0.3));
#8990=CARTESIAN_POINT('',(-0.362,-0.64,0.35));
#8991=CARTESIAN_POINT('',(-0.282,-0.64,0.35));
#8992=CARTESIAN_POINT('',(-0.362,-0.64,0.3));
#8993=CARTESIAN_POINT('Origin',(-0.362,-0.56,0.3));
#8994=CARTESIAN_POINT('',(-0.362,-0.56,0.3));
#8995=CARTESIAN_POINT('',(-0.362,-0.64,0.3));
#8996=CARTESIAN_POINT('',(-0.362,-0.56,0.35));
#8997=CARTESIAN_POINT('',(-0.362,-0.64,0.35));
#8998=CARTESIAN_POINT('',(-0.362,-0.56,0.3));
#8999=CARTESIAN_POINT('Origin',(-0.282,-0.56,0.3));
#9000=CARTESIAN_POINT('',(-0.362,-0.56,0.3));
#9001=CARTESIAN_POINT('',(-0.362,-0.56,0.35));
#9002=CARTESIAN_POINT('Origin',(-0.322,-0.6,0.35));
#9003=CARTESIAN_POINT('Origin',(-0.322,-0.6,0.3));
#9004=CARTESIAN_POINT('Origin',(-0.141,-0.64,0.3));
#9005=CARTESIAN_POINT('',(-0.141,-0.56,0.3));
#9006=CARTESIAN_POINT('',(-0.141,-0.64,0.3));
#9007=CARTESIAN_POINT('',(-0.141,-0.56,0.3));
#9008=CARTESIAN_POINT('',(-0.141,-0.56,0.35));
#9009=CARTESIAN_POINT('',(-0.141,-0.56,0.3));
#9010=CARTESIAN_POINT('',(-0.141,-0.64,0.35));
#9011=CARTESIAN_POINT('',(-0.141,-0.56,0.35));
#9012=CARTESIAN_POINT('',(-0.141,-0.64,0.3));
#9013=CARTESIAN_POINT('Origin',(-0.221,-0.64,0.3));
#9014=CARTESIAN_POINT('',(-0.221,-0.64,0.3));
#9015=CARTESIAN_POINT('',(-0.141,-0.64,0.3));
#9016=CARTESIAN_POINT('',(-0.221,-0.64,0.35));
#9017=CARTESIAN_POINT('',(-0.141,-0.64,0.35));
#9018=CARTESIAN_POINT('',(-0.221,-0.64,0.3));
#9019=CARTESIAN_POINT('Origin',(-0.221,-0.56,0.3));
#9020=CARTESIAN_POINT('',(-0.221,-0.56,0.3));
#9021=CARTESIAN_POINT('',(-0.221,-0.64,0.3));
#9022=CARTESIAN_POINT('',(-0.221,-0.56,0.35));
#9023=CARTESIAN_POINT('',(-0.221,-0.64,0.35));
#9024=CARTESIAN_POINT('',(-0.221,-0.56,0.3));
#9025=CARTESIAN_POINT('Origin',(-0.141,-0.56,0.3));
#9026=CARTESIAN_POINT('',(-0.221,-0.56,0.3));
#9027=CARTESIAN_POINT('',(-0.221,-0.56,0.35));
#9028=CARTESIAN_POINT('Origin',(-0.181,-0.6,0.35));
#9029=CARTESIAN_POINT('Origin',(-0.181,-0.6,0.3));
#9030=CARTESIAN_POINT('Origin',(0.14,-0.640000000000001,0.3));
#9031=CARTESIAN_POINT('',(0.14,-0.56,0.3));
#9032=CARTESIAN_POINT('',(0.14,-0.640000000000001,0.3));
#9033=CARTESIAN_POINT('',(0.14,-0.56,0.3));
#9034=CARTESIAN_POINT('',(0.14,-0.56,0.35));
#9035=CARTESIAN_POINT('',(0.14,-0.56,0.3));
#9036=CARTESIAN_POINT('',(0.14,-0.640000000000001,0.35));
#9037=CARTESIAN_POINT('',(0.14,-0.56,0.35));
#9038=CARTESIAN_POINT('',(0.14,-0.640000000000001,0.3));
#9039=CARTESIAN_POINT('Origin',(0.0599999999999998,-0.640000000000001,0.3));
#9040=CARTESIAN_POINT('',(0.0599999999999998,-0.640000000000001,0.3));
#9041=CARTESIAN_POINT('',(0.14,-0.640000000000001,0.3));
#9042=CARTESIAN_POINT('',(0.0599999999999998,-0.640000000000001,0.35));
#9043=CARTESIAN_POINT('',(0.14,-0.640000000000001,0.35));
#9044=CARTESIAN_POINT('',(0.0599999999999998,-0.640000000000001,0.3));
#9045=CARTESIAN_POINT('Origin',(0.0599999999999998,-0.56,0.3));
#9046=CARTESIAN_POINT('',(0.0599999999999998,-0.56,0.3));
#9047=CARTESIAN_POINT('',(0.0599999999999998,-0.640000000000001,0.3));
#9048=CARTESIAN_POINT('',(0.0599999999999998,-0.56,0.35));
#9049=CARTESIAN_POINT('',(0.0599999999999998,-0.640000000000001,0.35));
#9050=CARTESIAN_POINT('',(0.0599999999999998,-0.56,0.3));
#9051=CARTESIAN_POINT('Origin',(0.14,-0.56,0.3));
#9052=CARTESIAN_POINT('',(0.0599999999999998,-0.56,0.3));
#9053=CARTESIAN_POINT('',(0.0599999999999998,-0.56,0.35));
#9054=CARTESIAN_POINT('Origin',(0.0999999999999999,-0.6,0.35));
#9055=CARTESIAN_POINT('Origin',(0.0999999999999999,-0.6,0.3));
#9056=CARTESIAN_POINT('Origin',(0.34,-0.64,0.3));
#9057=CARTESIAN_POINT('',(0.34,-0.56,0.3));
#9058=CARTESIAN_POINT('',(0.34,-0.64,0.3));
#9059=CARTESIAN_POINT('',(0.34,-0.56,0.3));
#9060=CARTESIAN_POINT('',(0.34,-0.56,0.35));
#9061=CARTESIAN_POINT('',(0.34,-0.56,0.3));
#9062=CARTESIAN_POINT('',(0.34,-0.64,0.35));
#9063=CARTESIAN_POINT('',(0.34,-0.56,0.35));
#9064=CARTESIAN_POINT('',(0.34,-0.64,0.3));
#9065=CARTESIAN_POINT('Origin',(0.26,-0.64,0.3));
#9066=CARTESIAN_POINT('',(0.26,-0.64,0.3));
#9067=CARTESIAN_POINT('',(0.34,-0.64,0.3));
#9068=CARTESIAN_POINT('',(0.26,-0.64,0.35));
#9069=CARTESIAN_POINT('',(0.34,-0.64,0.35));
#9070=CARTESIAN_POINT('',(0.26,-0.64,0.3));
#9071=CARTESIAN_POINT('Origin',(0.26,-0.56,0.3));
#9072=CARTESIAN_POINT('',(0.26,-0.56,0.3));
#9073=CARTESIAN_POINT('',(0.26,-0.64,0.3));
#9074=CARTESIAN_POINT('',(0.26,-0.56,0.35));
#9075=CARTESIAN_POINT('',(0.26,-0.64,0.35));
#9076=CARTESIAN_POINT('',(0.26,-0.56,0.3));
#9077=CARTESIAN_POINT('Origin',(0.34,-0.56,0.3));
#9078=CARTESIAN_POINT('',(0.26,-0.56,0.3));
#9079=CARTESIAN_POINT('',(0.26,-0.56,0.35));
#9080=CARTESIAN_POINT('Origin',(0.3,-0.6,0.35));
#9081=CARTESIAN_POINT('Origin',(0.3,-0.6,0.3));
#9082=CARTESIAN_POINT('',(0.,0.,0.));
#9083=CARTESIAN_POINT('Origin',(0.425,0.2,0.025));
#9084=CARTESIAN_POINT('',(0.425,-0.2,0.025));
#9085=CARTESIAN_POINT('',(0.425,0.2,0.025));
#9086=CARTESIAN_POINT('',(0.425,-0.925,0.025));
#9087=CARTESIAN_POINT('',(0.425,-0.2,0.));
#9088=CARTESIAN_POINT('',(0.425,-0.2,0.025));
#9089=CARTESIAN_POINT('',(0.425,0.2,0.));
#9090=CARTESIAN_POINT('',(0.425,-0.925,0.));
#9091=CARTESIAN_POINT('',(0.425,0.2,0.025));
#9092=CARTESIAN_POINT('Origin',(0.175,0.2,0.025));
#9093=CARTESIAN_POINT('',(0.175,0.2,0.025));
#9094=CARTESIAN_POINT('',(0.175,0.2,0.025));
#9095=CARTESIAN_POINT('',(0.175,0.2,0.));
#9096=CARTESIAN_POINT('',(0.175,0.2,0.));
#9097=CARTESIAN_POINT('',(0.175,0.2,0.025));
#9098=CARTESIAN_POINT('Origin',(0.175,-0.2,0.025));
#9099=CARTESIAN_POINT('',(0.175,-0.2,0.025));
#9100=CARTESIAN_POINT('',(0.175,-0.2,0.025));
#9101=CARTESIAN_POINT('',(0.175,-0.2,0.));
#9102=CARTESIAN_POINT('',(0.175,-0.2,0.));
#9103=CARTESIAN_POINT('',(0.175,-0.2,0.025));
#9104=CARTESIAN_POINT('Origin',(0.425,-0.2,0.025));
#9105=CARTESIAN_POINT('',(0.5,-0.2,0.025));
#9106=CARTESIAN_POINT('',(0.5,-0.2,0.));
#9107=CARTESIAN_POINT('Origin',(0.3,2.77555756156289E-16,0.));
#9108=CARTESIAN_POINT('Origin',(0.3,2.77555756156289E-16,0.025));
#9109=CARTESIAN_POINT('Origin',(0.425,0.925,0.025));
#9110=CARTESIAN_POINT('',(0.425,0.525,0.025));
#9111=CARTESIAN_POINT('',(0.425,0.925,0.025));
#9112=CARTESIAN_POINT('',(0.425,-0.925,0.025));
#9113=CARTESIAN_POINT('',(0.425,0.525,0.));
#9114=CARTESIAN_POINT('',(0.425,0.525,0.025));
#9115=CARTESIAN_POINT('',(0.425,0.925,0.));
#9116=CARTESIAN_POINT('',(0.425,-0.925,0.));
#9117=CARTESIAN_POINT('',(0.425,0.925,0.025));
#9118=CARTESIAN_POINT('Origin',(0.175,0.925,0.025));
#9119=CARTESIAN_POINT('',(0.175,0.925,0.025));
#9120=CARTESIAN_POINT('',(0.425,0.925,0.025));
#9121=CARTESIAN_POINT('',(0.175,0.925,0.));
#9122=CARTESIAN_POINT('',(0.425,0.925,0.));
#9123=CARTESIAN_POINT('',(0.175,0.925,0.025));
#9124=CARTESIAN_POINT('Origin',(0.175,0.525,0.025));
#9125=CARTESIAN_POINT('',(0.175,0.525,0.025));
#9126=CARTESIAN_POINT('',(0.175,0.525,0.025));
#9127=CARTESIAN_POINT('',(0.175,0.525,0.));
#9128=CARTESIAN_POINT('',(0.175,0.525,0.));
#9129=CARTESIAN_POINT('',(0.175,0.525,0.025));
#9130=CARTESIAN_POINT('Origin',(0.425,0.525,0.025));
#9131=CARTESIAN_POINT('',(0.5,0.525,0.025));
#9132=CARTESIAN_POINT('',(0.5,0.525,0.));
#9133=CARTESIAN_POINT('Origin',(0.3,0.725,0.));
#9134=CARTESIAN_POINT('Origin',(0.3,0.725,0.025));
#9135=CARTESIAN_POINT('Origin',(0.425,-0.925,0.025));
#9136=CARTESIAN_POINT('',(0.175,-0.925,0.025));
#9137=CARTESIAN_POINT('',(0.425,-0.925,0.025));
#9138=CARTESIAN_POINT('',(-0.425,-0.925,0.025));
#9139=CARTESIAN_POINT('',(0.175,-0.925,0.));
#9140=CARTESIAN_POINT('',(0.175,-0.925,0.025));
#9141=CARTESIAN_POINT('',(0.425,-0.925,0.));
#9142=CARTESIAN_POINT('',(-0.425,-0.925,0.));
#9143=CARTESIAN_POINT('',(0.425,-0.925,0.025));
#9144=CARTESIAN_POINT('Origin',(0.425,-0.525000000000001,0.025));
#9145=CARTESIAN_POINT('',(0.425,-0.525000000000001,0.025));
#9146=CARTESIAN_POINT('',(0.425,-0.925,0.025));
#9147=CARTESIAN_POINT('',(0.425,-0.525000000000001,0.));
#9148=CARTESIAN_POINT('',(0.425,-0.925,0.));
#9149=CARTESIAN_POINT('',(0.425,-0.525000000000001,0.025));
#9150=CARTESIAN_POINT('Origin',(0.175,-0.525,0.025));
#9151=CARTESIAN_POINT('',(0.175,-0.525,0.025));
#9152=CARTESIAN_POINT('',(0.175,-0.525,0.025));
#9153=CARTESIAN_POINT('',(0.175,-0.525,0.));
#9154=CARTESIAN_POINT('',(0.175,-0.525,0.));
#9155=CARTESIAN_POINT('',(0.175,-0.525,0.025));
#9156=CARTESIAN_POINT('Origin',(0.175,-0.925,0.025));
#9157=CARTESIAN_POINT('',(0.175,-1.,0.025));
#9158=CARTESIAN_POINT('',(0.175,-1.,0.));
#9159=CARTESIAN_POINT('Origin',(0.3,-0.725,0.));
#9160=CARTESIAN_POINT('Origin',(0.3,-0.725,0.025));
#9161=CARTESIAN_POINT('Origin',(-0.425,-0.2,0.025));
#9162=CARTESIAN_POINT('',(-0.425,0.2,0.025));
#9163=CARTESIAN_POINT('',(-0.425,-0.2,0.025));
#9164=CARTESIAN_POINT('',(-0.425,0.925,0.025));
#9165=CARTESIAN_POINT('',(-0.425,0.2,0.));
#9166=CARTESIAN_POINT('',(-0.425,0.2,0.025));
#9167=CARTESIAN_POINT('',(-0.425,-0.2,0.));
#9168=CARTESIAN_POINT('',(-0.425,0.925,0.));
#9169=CARTESIAN_POINT('',(-0.425,-0.2,0.025));
#9170=CARTESIAN_POINT('Origin',(-0.175,-0.2,0.025));
#9171=CARTESIAN_POINT('',(-0.175,-0.2,0.025));
#9172=CARTESIAN_POINT('',(-0.175,-0.2,0.025));
#9173=CARTESIAN_POINT('',(-0.175,-0.2,0.));
#9174=CARTESIAN_POINT('',(-0.175,-0.2,0.));
#9175=CARTESIAN_POINT('',(-0.175,-0.2,0.025));
#9176=CARTESIAN_POINT('Origin',(-0.175,0.2,0.025));
#9177=CARTESIAN_POINT('',(-0.175,0.2,0.025));
#9178=CARTESIAN_POINT('',(-0.175,0.2,0.025));
#9179=CARTESIAN_POINT('',(-0.175,0.2,0.));
#9180=CARTESIAN_POINT('',(-0.175,0.2,0.));
#9181=CARTESIAN_POINT('',(-0.175,0.2,0.025));
#9182=CARTESIAN_POINT('Origin',(-0.425,0.2,0.025));
#9183=CARTESIAN_POINT('',(-0.5,0.2,0.025));
#9184=CARTESIAN_POINT('',(-0.5,0.2,0.));
#9185=CARTESIAN_POINT('Origin',(-0.3,2.42861286636753E-16,0.));
#9186=CARTESIAN_POINT('Origin',(-0.3,2.42861286636753E-16,0.025));
#9187=CARTESIAN_POINT('Origin',(-0.425,0.925,0.025));
#9188=CARTESIAN_POINT('',(-0.175,0.925,0.025));
#9189=CARTESIAN_POINT('',(-0.425,0.925,0.025));
#9190=CARTESIAN_POINT('',(0.425,0.925,0.025));
#9191=CARTESIAN_POINT('',(-0.175,0.925,0.));
#9192=CARTESIAN_POINT('',(-0.175,0.925,0.025));
#9193=CARTESIAN_POINT('',(-0.425,0.925,0.));
#9194=CARTESIAN_POINT('',(0.425,0.925,0.));
#9195=CARTESIAN_POINT('',(-0.425,0.925,0.025));
#9196=CARTESIAN_POINT('Origin',(-0.425,0.525,0.025));
#9197=CARTESIAN_POINT('',(-0.425,0.525,0.025));
#9198=CARTESIAN_POINT('',(-0.425,0.925,0.025));
#9199=CARTESIAN_POINT('',(-0.425,0.525,0.));
#9200=CARTESIAN_POINT('',(-0.425,0.925,0.));
#9201=CARTESIAN_POINT('',(-0.425,0.525,0.025));
#9202=CARTESIAN_POINT('Origin',(-0.224497474683058,0.525,0.025));
#9203=CARTESIAN_POINT('',(-0.224497474683058,0.525,0.025));
#9204=CARTESIAN_POINT('',(-0.224497474683058,0.525,0.025));
#9205=CARTESIAN_POINT('',(-0.224497474683058,0.525,0.));
#9206=CARTESIAN_POINT('',(-0.224497474683058,0.525,0.));
#9207=CARTESIAN_POINT('',(-0.224497474683058,0.525,0.025));
#9208=CARTESIAN_POINT('Origin',(-0.175,0.574497474683058,0.025));
#9209=CARTESIAN_POINT('',(-0.175,0.574497474683058,0.025));
#9210=CARTESIAN_POINT('',(-0.175,0.574497474683058,0.025));
#9211=CARTESIAN_POINT('',(-0.175,0.574497474683058,0.));
#9212=CARTESIAN_POINT('',(-0.175,0.574497474683058,0.));
#9213=CARTESIAN_POINT('',(-0.175,0.574497474683058,0.025));
#9214=CARTESIAN_POINT('Origin',(-0.175,0.925,0.025));
#9215=CARTESIAN_POINT('',(-0.175,1.,0.025));
#9216=CARTESIAN_POINT('',(-0.175,1.,0.));
#9217=CARTESIAN_POINT('Origin',(-0.3,0.725,0.));
#9218=CARTESIAN_POINT('Origin',(-0.3,0.725,0.025));
#9219=CARTESIAN_POINT('Origin',(-0.175,-0.925,0.025));
#9220=CARTESIAN_POINT('',(-0.425,-0.925,0.025));
#9221=CARTESIAN_POINT('',(-0.175,-0.925,0.025));
#9222=CARTESIAN_POINT('',(-0.425,-0.925,0.025));
#9223=CARTESIAN_POINT('',(-0.425,-0.925,0.));
#9224=CARTESIAN_POINT('',(-0.425,-0.925,0.025));
#9225=CARTESIAN_POINT('',(-0.175,-0.925,0.));
#9226=CARTESIAN_POINT('',(-0.425,-0.925,0.));
#9227=CARTESIAN_POINT('',(-0.175,-0.925,0.025));
#9228=CARTESIAN_POINT('Origin',(-0.175,-0.525,0.025));
#9229=CARTESIAN_POINT('',(-0.175,-0.525,0.025));
#9230=CARTESIAN_POINT('',(-0.175,-0.525,0.025));
#9231=CARTESIAN_POINT('',(-0.175,-0.525,0.));
#9232=CARTESIAN_POINT('',(-0.175,-0.525,0.));
#9233=CARTESIAN_POINT('',(-0.175,-0.525,0.025));
#9234=CARTESIAN_POINT('Origin',(-0.425,-0.525000000000001,0.025));
#9235=CARTESIAN_POINT('',(-0.425,-0.525,0.025));
#9236=CARTESIAN_POINT('',(-0.5,-0.525000000000001,0.025));
#9237=CARTESIAN_POINT('',(-0.425,-0.525,0.));
#9238=CARTESIAN_POINT('',(-0.5,-0.525000000000001,0.));
#9239=CARTESIAN_POINT('',(-0.425,-0.525,0.025));
#9240=CARTESIAN_POINT('Origin',(-0.425,-0.925,0.025));
#9241=CARTESIAN_POINT('',(-0.425,0.925,0.025));
#9242=CARTESIAN_POINT('',(-0.425,0.925,0.));
#9243=CARTESIAN_POINT('Origin',(-0.3,-0.725,0.));
#9244=CARTESIAN_POINT('Origin',(-0.3,-0.725,0.025));
#9245=CARTESIAN_POINT('',(0.,0.,0.));
#9246=CARTESIAN_POINT('',(0.,0.,0.));
#9247=UNCERTAINTY_MEASURE_WITH_UNIT(LENGTH_MEASURE(0.01),#9255,
'DISTANCE_ACCURACY_VALUE',
'Maximum model space distance between geometric entities at asserted c
onnectivities');
#9248=UNCERTAINTY_MEASURE_WITH_UNIT(LENGTH_MEASURE(0.01),#9255,
'DISTANCE_ACCURACY_VALUE',
'Maximum model space distance between geometric entities at asserted c
onnectivities');
#9249=UNCERTAINTY_MEASURE_WITH_UNIT(LENGTH_MEASURE(0.01),#9255,
'DISTANCE_ACCURACY_VALUE',
'Maximum model space distance between geometric entities at asserted c
onnectivities');
#9250=UNCERTAINTY_MEASURE_WITH_UNIT(LENGTH_MEASURE(0.01),#9255,
'DISTANCE_ACCURACY_VALUE',
'Maximum model space distance between geometric entities at asserted c
onnectivities');
#9251=(
GEOMETRIC_REPRESENTATION_CONTEXT(3)
GLOBAL_UNCERTAINTY_ASSIGNED_CONTEXT((#9247))
GLOBAL_UNIT_ASSIGNED_CONTEXT((#9255,#9257,#9258))
REPRESENTATION_CONTEXT('','3D')
);
#9252=(
GEOMETRIC_REPRESENTATION_CONTEXT(3)
GLOBAL_UNCERTAINTY_ASSIGNED_CONTEXT((#9248))
GLOBAL_UNIT_ASSIGNED_CONTEXT((#9255,#9257,#9258))
REPRESENTATION_CONTEXT('','3D')
);
#9253=(
GEOMETRIC_REPRESENTATION_CONTEXT(3)
GLOBAL_UNCERTAINTY_ASSIGNED_CONTEXT((#9249))
GLOBAL_UNIT_ASSIGNED_CONTEXT((#9255,#9257,#9258))
REPRESENTATION_CONTEXT('','3D')
);
#9254=(
GEOMETRIC_REPRESENTATION_CONTEXT(3)
GLOBAL_UNCERTAINTY_ASSIGNED_CONTEXT((#9250))
GLOBAL_UNIT_ASSIGNED_CONTEXT((#9255,#9257,#9258))
REPRESENTATION_CONTEXT('','3D')
);
#9255=(
LENGTH_UNIT()
NAMED_UNIT(*)
SI_UNIT(.MILLI.,.METRE.)
);
#9256=(
LENGTH_UNIT()
NAMED_UNIT(*)
SI_UNIT($,.METRE.)
);
#9257=(
NAMED_UNIT(*)
PLANE_ANGLE_UNIT()
SI_UNIT($,.RADIAN.)
);
#9258=(
NAMED_UNIT(*)
SI_UNIT($,.STERADIAN.)
SOLID_ANGLE_UNIT()
);
#9259=SHAPE_DEFINITION_REPRESENTATION(#9262,#9267);
#9260=SHAPE_DEFINITION_REPRESENTATION(#9263,#9268);
#9261=SHAPE_DEFINITION_REPRESENTATION(#9264,#9269);
#9262=PRODUCT_DEFINITION_SHAPE('',$,#9271);
#9263=PRODUCT_DEFINITION_SHAPE('',$,#9272);
#9264=PRODUCT_DEFINITION_SHAPE('',$,#9273);
#9265=PRODUCT_DEFINITION_SHAPE($,$,#17);
#9266=PRODUCT_DEFINITION_SHAPE($,$,#18);
#9267=SHAPE_REPRESENTATION('',(#5863,#6191,#6192),#9251);
#9268=SHAPE_REPRESENTATION('',(#5864),#9252);
#9269=SHAPE_REPRESENTATION('',(#6153),#9253);
#9270=PRODUCT_DEFINITION_CONTEXT('part definition',#9281,'design');
#9271=PRODUCT_DEFINITION('TSL2585','TSL2522',#9274,#9270);
#9272=PRODUCT_DEFINITION('Body','Body',#9275,#9270);
#9273=PRODUCT_DEFINITION('Pads','Pads',#9276,#9270);
#9274=PRODUCT_DEFINITION_FORMATION('',$,#9283);
#9275=PRODUCT_DEFINITION_FORMATION('',$,#9284);
#9276=PRODUCT_DEFINITION_FORMATION('',$,#9285);
#9277=PRODUCT_RELATED_PRODUCT_CATEGORY('TSL2522','TSL2522',(#9283));
#9278=PRODUCT_RELATED_PRODUCT_CATEGORY('Body','Body',(#9284));
#9279=PRODUCT_RELATED_PRODUCT_CATEGORY('Pads','Pads',(#9285));
#9280=APPLICATION_PROTOCOL_DEFINITION('international standard',
'automotive_design',2009,#9281);
#9281=APPLICATION_CONTEXT(
'Core Data for Automotive Mechanical Design Process');
#9282=PRODUCT_CONTEXT('part definition',#9281,'mechanical');
#9283=PRODUCT('TSL2585','TSL2522',$,(#9282));
#9284=PRODUCT('Body','Body',$,(#9282));
#9285=PRODUCT('Pads','Pads',$,(#9282));
#9286=PRESENTATION_STYLE_ASSIGNMENT((#9292));
#9287=PRESENTATION_STYLE_ASSIGNMENT((#9293));
#9288=PRESENTATION_STYLE_ASSIGNMENT((#9294));
#9289=PRESENTATION_STYLE_ASSIGNMENT((#9295));
#9290=PRESENTATION_STYLE_ASSIGNMENT((#9296));
#9291=PRESENTATION_STYLE_ASSIGNMENT((#9297));
#9292=SURFACE_STYLE_USAGE(.BOTH.,#9298);
#9293=SURFACE_STYLE_USAGE(.BOTH.,#9299);
#9294=SURFACE_STYLE_USAGE(.BOTH.,#9300);
#9295=SURFACE_STYLE_USAGE(.BOTH.,#9301);
#9296=SURFACE_STYLE_USAGE(.BOTH.,#9302);
#9297=SURFACE_STYLE_USAGE(.BOTH.,#9303);
#9298=SURFACE_SIDE_STYLE('',(#9304));
#9299=SURFACE_SIDE_STYLE('',(#9305));
#9300=SURFACE_SIDE_STYLE('',(#9306));
#9301=SURFACE_SIDE_STYLE('',(#9307));
#9302=SURFACE_SIDE_STYLE('',(#9308));
#9303=SURFACE_SIDE_STYLE('',(#9309));
#9304=SURFACE_STYLE_FILL_AREA(#9310);
#9305=SURFACE_STYLE_FILL_AREA(#9311);
#9306=SURFACE_STYLE_FILL_AREA(#9312);
#9307=SURFACE_STYLE_FILL_AREA(#9313);
#9308=SURFACE_STYLE_FILL_AREA(#9314);
#9309=SURFACE_STYLE_FILL_AREA(#9315);
#9310=FILL_AREA_STYLE('Steel - Satin',(#9316));
#9311=FILL_AREA_STYLE('Paint - Enamel Glossy (Black)',(#9317));
#9312=FILL_AREA_STYLE('Powder Coat (Dark Grey)',(#9318));
#9313=FILL_AREA_STYLE('Gold - Polished',(#9319));
#9314=FILL_AREA_STYLE('Paint - Enamel Glossy (Grey)',(#9320));
#9315=FILL_AREA_STYLE('Paint - Purple',(#9321));
#9316=FILL_AREA_STYLE_COLOUR('Steel - Satin',#9322);
#9317=FILL_AREA_STYLE_COLOUR('Paint - Enamel Glossy (Black)',#9323);
#9318=FILL_AREA_STYLE_COLOUR('Powder Coat (Dark Grey)',#9324);
#9319=FILL_AREA_STYLE_COLOUR('Gold - Polished',#9325);
#9320=FILL_AREA_STYLE_COLOUR('Paint - Enamel Glossy (Grey)',#9326);
#9321=FILL_AREA_STYLE_COLOUR('Paint - Purple',#9327);
#9322=COLOUR_RGB('Steel - Satin',0.627450980392157,0.627450980392157,0.627450980392157);
#9323=COLOUR_RGB('Paint - Enamel Glossy (Black)',0.0980392156862745,0.0980392156862745,
0.0980392156862745);
#9324=COLOUR_RGB('Powder Coat (Dark Grey)',0.349019607843137,0.349019607843137,
0.349019607843137);
#9325=COLOUR_RGB('Gold - Polished',0.956862745098039,0.898039215686275,
0.654901960784314);
#9326=COLOUR_RGB('Paint - Enamel Glossy (Grey)',0.701960784313725,0.701960784313725,
0.701960784313725);
#9327=COLOUR_RGB('Paint - Purple',0.67843137254902,0.301960784313725,0.549019607843137);
ENDSEC;
END-ISO-10303-21;
